
rsd:     file format elf32-tradlittlemips


Disassembly of section .init:

000022cc <_init@@Base>:
    22cc:	3c1c0002 	lui	gp,0x2
    22d0:	279ced34 	addiu	gp,gp,-4812
    22d4:	0399e021 	addu	gp,gp,t9
    22d8:	27bdffe0 	addiu	sp,sp,-32
    22dc:	afbc0010 	sw	gp,16(sp)
    22e0:	afbf001c 	sw	ra,28(sp)
    22e4:	afbc0018 	sw	gp,24(sp)
    22e8:	04110001 	bal	22f0 <_init@@Base+0x24>
    22ec:	00000000 	nop
    22f0:	3c1c0002 	lui	gp,0x2
    22f4:	279ced10 	addiu	gp,gp,-4848
    22f8:	039fe021 	addu	gp,gp,ra
    22fc:	8f998034 	lw	t9,-32716(gp)
    2300:	27395294 	addiu	t9,t9,21140
    2304:	0320f809 	jalr	t9
    2308:	00000000 	nop
    230c:	04110001 	bal	2314 <_init@@Base+0x48>
    2310:	00000000 	nop
    2314:	3c1c0002 	lui	gp,0x2
    2318:	279cecec 	addiu	gp,gp,-4884
    231c:	039fe021 	addu	gp,gp,ra
    2320:	8f998038 	lw	t9,-32712(gp)
    2324:	27394b70 	addiu	t9,t9,19312
    2328:	0320f809 	jalr	t9
    232c:	00000000 	nop
    2330:	8fbf001c 	lw	ra,28(sp)
    2334:	03e00008 	jr	ra
    2338:	27bd0020 	addiu	sp,sp,32

Disassembly of section .text:

00002340 <main@@Base>:
    2340:	3c1c0002 	lui	gp,0x2
    2344:	279cecc0 	addiu	gp,gp,-4928
    2348:	0399e021 	addu	gp,gp,t9
    234c:	27bdde28 	addiu	sp,sp,-8664
    2350:	8f998234 	lw	t9,-32204(gp)
    2354:	afb721cc 	sw	s7,8652(sp)
    2358:	afb621c8 	sw	s6,8648(sp)
    235c:	afb221b8 	sw	s2,8632(sp)
    2360:	00a09025 	move	s2,a1
    2364:	afb121b4 	sw	s1,8628(sp)
    2368:	00808825 	move	s1,a0
    236c:	afbc0028 	sw	gp,40(sp)
    2370:	afb021b0 	sw	s0,8624(sp)
    2374:	afbf21d4 	sw	ra,8660(sp)
    2378:	afbe21d0 	sw	s8,8656(sp)
    237c:	afb521c4 	sw	s5,8644(sp)
    2380:	afb421c0 	sw	s4,8640(sp)
    2384:	afb321bc 	sw	s3,8636(sp)
    2388:	8f968038 	lw	s6,-32712(gp)
    238c:	8f978038 	lw	s7,-32712(gp)
    2390:	26c55784 	addiu	a1,s6,22404
    2394:	0320f809 	jalr	t9
    2398:	26e45b7c 	addiu	a0,s7,23420
    239c:	8fbc0028 	lw	gp,40(sp)
    23a0:	10400013 	beqz	v0,23f0 <main@@Base+0xb0>
    23a4:	00408025 	move	s0,v0
    23a8:	8f9981e0 	lw	t9,-32288(gp)
    23ac:	24060001 	li	a2,1
    23b0:	24050004 	li	a1,4
    23b4:	27a40030 	addiu	a0,sp,48
    23b8:	0320f809 	jalr	t9
    23bc:	00403825 	move	a3,v0
    23c0:	24030001 	li	v1,1
    23c4:	1443000a 	bne	v0,v1,23f0 <main@@Base+0xb0>
    23c8:	8fbc0028 	lw	gp,40(sp)
    23cc:	8f998350 	lw	t9,-31920(gp)
    23d0:	0320f809 	jalr	t9
    23d4:	8fa40030 	lw	a0,48(sp)
    23d8:	8fbc0028 	lw	gp,40(sp)
    23dc:	8f9982bc 	lw	t9,-32068(gp)
    23e0:	0320f809 	jalr	t9
    23e4:	02002025 	move	a0,s0
    23e8:	1000000e 	b	2424 <main@@Base+0xe4>
    23ec:	8fbc0028 	lw	gp,40(sp)
    23f0:	8f998328 	lw	t9,-31960(gp)
    23f4:	0320f809 	jalr	t9
    23f8:	00002025 	move	a0,zero
    23fc:	8fbc0028 	lw	gp,40(sp)
    2400:	8f998338 	lw	t9,-31944(gp)
    2404:	0320f809 	jalr	t9
    2408:	00409825 	move	s3,v0
    240c:	8fbc0028 	lw	gp,40(sp)
    2410:	8f998350 	lw	t9,-31920(gp)
    2414:	0320f809 	jalr	t9
    2418:	02622026 	xor	a0,s3,v0
    241c:	1600ffef 	bnez	s0,23dc <main@@Base+0x9c>
    2420:	8fbc0028 	lw	gp,40(sp)
    2424:	8f828038 	lw	v0,-32712(gp)
    2428:	27a4210c 	addiu	a0,sp,8460
    242c:	8f998348 	lw	t9,-31928(gp)
    2430:	02403825 	move	a3,s2
    2434:	02203025 	move	a2,s1
    2438:	24426a30 	addiu	v0,v0,27184
    243c:	afa20010 	sw	v0,16(sp)
    2440:	8f828038 	lw	v0,-32712(gp)
    2444:	24456a2c 	addiu	a1,v0,27180
    2448:	0320f809 	jalr	t9
    244c:	afa22194 	sw	v0,8596(sp)
    2450:	8fbc0028 	lw	gp,40(sp)
    2454:	10400010 	beqz	v0,2498 <main@@Base+0x158>
    2458:	afa22178 	sw	v0,8568(sp)
    245c:	000217c2 	srl	v0,v0,0x1f
    2460:	afa22178 	sw	v0,8568(sp)
    2464:	8fbf21d4 	lw	ra,8660(sp)
    2468:	8fa22178 	lw	v0,8568(sp)
    246c:	8fbe21d0 	lw	s8,8656(sp)
    2470:	8fb721cc 	lw	s7,8652(sp)
    2474:	8fb621c8 	lw	s6,8648(sp)
    2478:	8fb521c4 	lw	s5,8644(sp)
    247c:	8fb421c0 	lw	s4,8640(sp)
    2480:	8fb321bc 	lw	s3,8636(sp)
    2484:	8fb221b8 	lw	s2,8632(sp)
    2488:	8fb121b4 	lw	s1,8628(sp)
    248c:	8fb021b0 	lw	s0,8624(sp)
    2490:	03e00008 	jr	ra
    2494:	27bd21d8 	addiu	sp,sp,8664
    2498:	8f868038 	lw	a2,-32712(gp)
    249c:	24070001 	li	a3,1
    24a0:	8f918038 	lw	s1,-32712(gp)
    24a4:	8f99823c 	lw	t9,-32196(gp)
    24a8:	8fa42110 	lw	a0,8464(sp)
    24ac:	24c66a38 	addiu	a2,a2,27192
    24b0:	0320f809 	jalr	t9
    24b4:	26256008 	addiu	a1,s1,24584
    24b8:	8fbc0028 	lw	gp,40(sp)
    24bc:	14400014 	bnez	v0,2510 <main@@Base+0x1d0>
    24c0:	afa22190 	sw	v0,8592(sp)
    24c4:	8f878038 	lw	a3,-32712(gp)
    24c8:	24060040 	li	a2,64
    24cc:	8f858038 	lw	a1,-32712(gp)
    24d0:	24040003 	li	a0,3
    24d4:	8f998224 	lw	t9,-32220(gp)
    24d8:	24e76a40 	addiu	a3,a3,27200
    24dc:	0320f809 	jalr	t9
    24e0:	24a56a58 	addiu	a1,a1,27224
    24e4:	8fbc0028 	lw	gp,40(sp)
    24e8:	8f9981c0 	lw	t9,-32320(gp)
    24ec:	0320f809 	jalr	t9
    24f0:	8fa42110 	lw	a0,8464(sp)
    24f4:	8fbc0028 	lw	gp,40(sp)
    24f8:	8f828038 	lw	v0,-32712(gp)
    24fc:	8f99817c 	lw	t9,-32388(gp)
    2500:	0320f809 	jalr	t9
    2504:	24446a2c 	addiu	a0,v0,27180
    2508:	1000ffd7 	b	2468 <main@@Base+0x128>
    250c:	8fbf21d4 	lw	ra,8660(sp)
    2510:	8f99831c 	lw	t9,-31972(gp)
    2514:	27be0030 	addiu	s8,sp,48
    2518:	24061350 	li	a2,4944
    251c:	00002825 	move	a1,zero
    2520:	0320f809 	jalr	t9
    2524:	03c02025 	move	a0,s8
    2528:	00003825 	move	a3,zero
    252c:	8fbc0028 	lw	gp,40(sp)
    2530:	26256008 	addiu	a1,s1,24584
    2534:	8fa22114 	lw	v0,8468(sp)
    2538:	8fa42110 	lw	a0,8464(sp)
    253c:	8f868038 	lw	a2,-32712(gp)
    2540:	8f99823c 	lw	t9,-32196(gp)
    2544:	afa20040 	sw	v0,64(sp)
    2548:	afa4003c 	sw	a0,60(sp)
    254c:	24c66050 	addiu	a2,a2,24656
    2550:	8fa22118 	lw	v0,8472(sp)
    2554:	0320f809 	jalr	t9
    2558:	afa2109c 	sw	v0,4252(sp)
    255c:	2403022a 	li	v1,554
    2560:	8fbc0028 	lw	gp,40(sp)
    2564:	24070142 	li	a3,322
    2568:	8fa42110 	lw	a0,8464(sp)
    256c:	26256008 	addiu	a1,s1,24584
    2570:	0062380a 	movz	a3,v1,v0
    2574:	8f868038 	lw	a2,-32712(gp)
    2578:	8f998138 	lw	t9,-32456(gp)
    257c:	afa22168 	sw	v0,8552(sp)
    2580:	0320f809 	jalr	t9
    2584:	24c6603c 	addiu	a2,a2,24636
    2588:	24070008 	li	a3,8
    258c:	8fbc0028 	lw	gp,40(sp)
    2590:	26256008 	addiu	a1,s1,24584
    2594:	8fa42110 	lw	a0,8464(sp)
    2598:	afa210a0 	sw	v0,4256(sp)
    259c:	8f868038 	lw	a2,-32712(gp)
    25a0:	8f998138 	lw	t9,-32456(gp)
    25a4:	0320f809 	jalr	t9
    25a8:	24c66044 	addiu	a2,a2,24644
    25ac:	24030001 	li	v1,1
    25b0:	0002202a 	slt	a0,zero,v0
    25b4:	8fbc0028 	lw	gp,40(sp)
    25b8:	0064100a 	movz	v0,v1,a0
    25bc:	24030008 	li	v1,8
    25c0:	2407003c 	li	a3,60
    25c4:	26256008 	addiu	a1,s1,24584
    25c8:	8f868038 	lw	a2,-32712(gp)
    25cc:	28440009 	slti	a0,v0,9
    25d0:	8f998138 	lw	t9,-32456(gp)
    25d4:	0064100a 	movz	v0,v1,a0
    25d8:	24c66a64 	addiu	a2,a2,27236
    25dc:	8fa42110 	lw	a0,8464(sp)
    25e0:	0320f809 	jalr	t9
    25e4:	afa210a4 	sw	v0,4260(sp)
    25e8:	2403000a 	li	v1,10
    25ec:	8fbc0028 	lw	gp,40(sp)
    25f0:	2844000a 	slti	a0,v0,10
    25f4:	0064100b 	movn	v0,v1,a0
    25f8:	3c070001 	lui	a3,0x1
    25fc:	26256008 	addiu	a1,s1,24584
    2600:	8fa42110 	lw	a0,8464(sp)
    2604:	8f868038 	lw	a2,-32712(gp)
    2608:	8f998138 	lw	t9,-32456(gp)
    260c:	afa210a8 	sw	v0,4264(sp)
    2610:	0320f809 	jalr	t9
    2614:	24c66a74 	addiu	a2,a2,27252
    2618:	24070001 	li	a3,1
    261c:	8fbc0028 	lw	gp,40(sp)
    2620:	26256008 	addiu	a1,s1,24584
    2624:	8fa42110 	lw	a0,8464(sp)
    2628:	afa210ac 	sw	v0,4268(sp)
    262c:	8f868038 	lw	a2,-32712(gp)
    2630:	8f99823c 	lw	t9,-32196(gp)
    2634:	0320f809 	jalr	t9
    2638:	24c66a80 	addiu	a2,a2,27264
    263c:	24070001 	li	a3,1
    2640:	8fbc0028 	lw	gp,40(sp)
    2644:	26256008 	addiu	a1,s1,24584
    2648:	8fa42110 	lw	a0,8464(sp)
    264c:	a3a210b0 	sb	v0,4272(sp)
    2650:	8f868038 	lw	a2,-32712(gp)
    2654:	8f99823c 	lw	t9,-32196(gp)
    2658:	0320f809 	jalr	t9
    265c:	24c66a88 	addiu	a2,a2,27272
    2660:	00003825 	move	a3,zero
    2664:	8fbc0028 	lw	gp,40(sp)
    2668:	26256008 	addiu	a1,s1,24584
    266c:	8fa42110 	lw	a0,8464(sp)
    2670:	a3a210b3 	sb	v0,4275(sp)
    2674:	8f868038 	lw	a2,-32712(gp)
    2678:	8f99823c 	lw	t9,-32196(gp)
    267c:	0320f809 	jalr	t9
    2680:	24c66a94 	addiu	a2,a2,27284
    2684:	24070001 	li	a3,1
    2688:	8fbc0028 	lw	gp,40(sp)
    268c:	26256008 	addiu	a1,s1,24584
    2690:	8fa42110 	lw	a0,8464(sp)
    2694:	a3a210b1 	sb	v0,4273(sp)
    2698:	8f868038 	lw	a2,-32712(gp)
    269c:	8f99823c 	lw	t9,-32196(gp)
    26a0:	0320f809 	jalr	t9
    26a4:	24c66a9c 	addiu	a2,a2,27292
    26a8:	26256008 	addiu	a1,s1,24584
    26ac:	8fbc0028 	lw	gp,40(sp)
    26b0:	8fa42110 	lw	a0,8464(sp)
    26b4:	a3a210b2 	sb	v0,4274(sp)
    26b8:	8f928038 	lw	s2,-32712(gp)
    26bc:	8f868038 	lw	a2,-32712(gp)
    26c0:	8f998320 	lw	t9,-31968(gp)
    26c4:	26476328 	addiu	a3,s2,25384
    26c8:	0320f809 	jalr	t9
    26cc:	24c65ff4 	addiu	a2,a2,24564
    26d0:	8fbc0028 	lw	gp,40(sp)
    26d4:	00409825 	move	s3,v0
    26d8:	10400066 	beqz	v0,2874 <main@@Base+0x534>
    26dc:	a3a01b80 	sb	zero,7040(sp)
    26e0:	8f998038 	lw	t9,-32712(gp)
    26e4:	24060018 	li	a2,24
    26e8:	27a51b80 	addiu	a1,sp,7040
    26ec:	2410001f 	li	s0,31
    26f0:	27399e64 	addiu	t9,t9,-24988
    26f4:	04111ddb 	bal	9e64 <main@@Base+0x7b24>
    26f8:	00402025 	move	a0,v0
    26fc:	0042800b 	movn	s0,v0,v0
    2700:	0040a025 	move	s4,v0
    2704:	8fbc0028 	lw	gp,40(sp)
    2708:	83a21b80 	lb	v0,7040(sp)
    270c:	1040000b 	beqz	v0,273c <main@@Base+0x3fc>
    2710:	8f878038 	lw	a3,-32712(gp)
    2714:	27a21b80 	addiu	v0,sp,7040
    2718:	8f858038 	lw	a1,-32712(gp)
    271c:	24060069 	li	a2,105
    2720:	8f998224 	lw	t9,-32220(gp)
    2724:	24040002 	li	a0,2
    2728:	24e76aac 	addiu	a3,a3,27308
    272c:	afa20010 	sw	v0,16(sp)
    2730:	0320f809 	jalr	t9
    2734:	24a56a58 	addiu	a1,a1,27224
    2738:	8fbc0028 	lw	gp,40(sp)
    273c:	82620000 	lb	v0,0(s3)
    2740:	10400013 	beqz	v0,2790 <main@@Base+0x450>
    2744:	00000000 	nop
    2748:	16800011 	bnez	s4,2790 <main@@Base+0x450>
    274c:	8f998034 	lw	t9,-32716(gp)
    2750:	27a51380 	addiu	a1,sp,4992
    2754:	27395ed4 	addiu	t9,t9,24276
    2758:	04110dde 	bal	5ed4 <main@@Base+0x3b94>
    275c:	02002025 	move	a0,s0
    2760:	24060071 	li	a2,113
    2764:	8fbc0028 	lw	gp,40(sp)
    2768:	24040002 	li	a0,2
    276c:	afa20014 	sw	v0,20(sp)
    2770:	afb30010 	sw	s3,16(sp)
    2774:	8f878038 	lw	a3,-32712(gp)
    2778:	8f858038 	lw	a1,-32712(gp)
    277c:	8f998224 	lw	t9,-32220(gp)
    2780:	24e76afc 	addiu	a3,a3,27388
    2784:	0320f809 	jalr	t9
    2788:	24a56a58 	addiu	a1,a1,27224
    278c:	8fbc0028 	lw	gp,40(sp)
    2790:	32100001 	andi	s0,s0,0x1
    2794:	1600000b 	bnez	s0,27c4 <main@@Base+0x484>
    2798:	8fa22110 	lw	v0,8464(sp)
    279c:	8f878038 	lw	a3,-32712(gp)
    27a0:	24060074 	li	a2,116
    27a4:	8f858038 	lw	a1,-32712(gp)
    27a8:	24040002 	li	a0,2
    27ac:	8f998224 	lw	t9,-32220(gp)
    27b0:	24e76158 	addiu	a3,a3,24920
    27b4:	0320f809 	jalr	t9
    27b8:	24a56a58 	addiu	a1,a1,27224
    27bc:	8fbc0028 	lw	gp,40(sp)
    27c0:	8fa22110 	lw	v0,8464(sp)
    27c4:	27b010b8 	addiu	s0,sp,4280
    27c8:	8f938028 	lw	s3,-32728(gp)
    27cc:	0000a825 	move	s5,zero
    27d0:	afbe216c 	sw	s8,8556(sp)
    27d4:	afa22170 	sw	v0,8560(sp)
    27d8:	8f828038 	lw	v0,-32712(gp)
    27dc:	26738f6c 	addiu	s3,s3,-28820
    27e0:	afb32174 	sw	s3,8564(sp)
    27e4:	2442606c 	addiu	v0,v0,24684
    27e8:	afa2217c 	sw	v0,8572(sp)
    27ec:	8f828028 	lw	v0,-32728(gp)
    27f0:	afa22180 	sw	v0,8576(sp)
    27f4:	8f828038 	lw	v0,-32712(gp)
    27f8:	24426b64 	addiu	v0,v0,27492
    27fc:	afa22184 	sw	v0,8580(sp)
    2800:	8e740000 	lw	s4,0(s3)
    2804:	26256008 	addiu	a1,s1,24584
    2808:	8f998320 	lw	t9,-31968(gp)
    280c:	26476328 	addiu	a3,s2,25384
    2810:	8fa42170 	lw	a0,8560(sp)
    2814:	0320f809 	jalr	t9
    2818:	02803025 	move	a2,s4
    281c:	8fbc0028 	lw	gp,40(sp)
    2820:	00402025 	move	a0,v0
    2824:	8f99810c 	lw	t9,-32500(gp)
    2828:	0320f809 	jalr	t9
    282c:	afa22188 	sw	v0,8584(sp)
    2830:	2c420040 	sltiu	v0,v0,64
    2834:	8fbc0028 	lw	gp,40(sp)
    2838:	14400011 	bnez	v0,2880 <main@@Base+0x540>
    283c:	8fa52188 	lw	a1,8584(sp)
    2840:	8f878038 	lw	a3,-32712(gp)
    2844:	2402003f 	li	v0,63
    2848:	240600b3 	li	a2,179
    284c:	afb40010 	sw	s4,16(sp)
    2850:	afa20014 	sw	v0,20(sp)
    2854:	24e76b38 	addiu	a3,a3,27448
    2858:	8f858038 	lw	a1,-32712(gp)
    285c:	24040002 	li	a0,2
    2860:	8f998224 	lw	t9,-32220(gp)
    2864:	0320f809 	jalr	t9
    2868:	24a55b6c 	addiu	a1,a1,23404
    286c:	100000f8 	b	2c50 <main@@Base+0x910>
    2870:	8fbc0028 	lw	gp,40(sp)
    2874:	0000a025 	move	s4,zero
    2878:	1000ffa3 	b	2708 <main@@Base+0x3c8>
    287c:	2410001f 	li	s0,31
    2880:	8f998124 	lw	t9,-32476(gp)
    2884:	24060040 	li	a2,64
    2888:	0320f809 	jalr	t9
    288c:	02002025 	move	a0,s0
    2890:	02002825 	move	a1,s0
    2894:	82020000 	lb	v0,0(s0)
    2898:	14400095 	bnez	v0,2af0 <main@@Base+0x7b0>
    289c:	8fbc0028 	lw	gp,40(sp)
    28a0:	26b50001 	addiu	s5,s5,1
    28a4:	24020008 	li	v0,8
    28a8:	26730004 	addiu	s3,s3,4
    28ac:	16a2ffd4 	bne	s5,v0,2800 <main@@Base+0x4c0>
    28b0:	26100040 	addiu	s0,s0,64
    28b4:	8f878038 	lw	a3,-32712(gp)
    28b8:	26256008 	addiu	a1,s1,24584
    28bc:	8f868038 	lw	a2,-32712(gp)
    28c0:	8f998320 	lw	t9,-31968(gp)
    28c4:	8fa42110 	lw	a0,8464(sp)
    28c8:	24e76c0c 	addiu	a3,a3,27660
    28cc:	0320f809 	jalr	t9
    28d0:	24c66c18 	addiu	a2,a2,27672
    28d4:	24060040 	li	a2,64
    28d8:	8fbc0028 	lw	gp,40(sp)
    28dc:	27a412b8 	addiu	a0,sp,4792
    28e0:	8f998124 	lw	t9,-32476(gp)
    28e4:	0320f809 	jalr	t9
    28e8:	00402825 	move	a1,v0
    28ec:	26476328 	addiu	a3,s2,25384
    28f0:	8fbc0028 	lw	gp,40(sp)
    28f4:	26256008 	addiu	a1,s1,24584
    28f8:	8fa42110 	lw	a0,8464(sp)
    28fc:	8f868038 	lw	a2,-32712(gp)
    2900:	8f998320 	lw	t9,-31968(gp)
    2904:	0320f809 	jalr	t9
    2908:	24c66c28 	addiu	a2,a2,27688
    290c:	24060080 	li	a2,128
    2910:	8fbc0028 	lw	gp,40(sp)
    2914:	27a412f8 	addiu	a0,sp,4856
    2918:	8f998124 	lw	t9,-32476(gp)
    291c:	0320f809 	jalr	t9
    2920:	00402825 	move	a1,v0
    2924:	00002825 	move	a1,zero
    2928:	8fbc0028 	lw	gp,40(sp)
    292c:	8f9981ec 	lw	t9,-32276(gp)
    2930:	0320f809 	jalr	t9
    2934:	27a40068 	addiu	a0,sp,104
    2938:	26476328 	addiu	a3,s2,25384
    293c:	8fbc0028 	lw	gp,40(sp)
    2940:	26256008 	addiu	a1,s1,24584
    2944:	8fa42110 	lw	a0,8464(sp)
    2948:	8f868038 	lw	a2,-32712(gp)
    294c:	8f998320 	lw	t9,-31968(gp)
    2950:	0320f809 	jalr	t9
    2954:	24c66c38 	addiu	a2,a2,27704
    2958:	26476328 	addiu	a3,s2,25384
    295c:	8fbc0028 	lw	gp,40(sp)
    2960:	26256008 	addiu	a1,s1,24584
    2964:	8fa42110 	lw	a0,8464(sp)
    2968:	00409825 	move	s3,v0
    296c:	8f868038 	lw	a2,-32712(gp)
    2970:	8f998320 	lw	t9,-31968(gp)
    2974:	0320f809 	jalr	t9
    2978:	24c66c44 	addiu	a2,a2,27716
    297c:	8fbc0028 	lw	gp,40(sp)
    2980:	0040a025 	move	s4,v0
    2984:	82630000 	lb	v1,0(s3)
    2988:	80420000 	lb	v0,0(v0)
    298c:	10600131 	beqz	v1,2e54 <main@@Base+0xb14>
    2990:	8f908038 	lw	s0,-32712(gp)
    2994:	10400131 	beqz	v0,2e5c <main@@Base+0xb1c>
    2998:	8f878038 	lw	a3,-32712(gp)
    299c:	02602825 	move	a1,s3
    29a0:	8f938028 	lw	s3,-32728(gp)
    29a4:	8f998124 	lw	t9,-32476(gp)
    29a8:	24060080 	li	a2,128
    29ac:	266493d0 	addiu	a0,s3,-27696
    29b0:	0320f809 	jalr	t9
    29b4:	267393d0 	addiu	s3,s3,-27696
    29b8:	24060080 	li	a2,128
    29bc:	8fbc0028 	lw	gp,40(sp)
    29c0:	02802825 	move	a1,s4
    29c4:	8f848028 	lw	a0,-32728(gp)
    29c8:	8f998124 	lw	t9,-32476(gp)
    29cc:	0320f809 	jalr	t9
    29d0:	24849450 	addiu	a0,a0,-27568
    29d4:	8fbc0028 	lw	gp,40(sp)
    29d8:	8f998310 	lw	t9,-31984(gp)
    29dc:	0320f809 	jalr	t9
    29e0:	24040098 	li	a0,152
    29e4:	2406007f 	li	a2,127
    29e8:	8fbc0028 	lw	gp,40(sp)
    29ec:	00402025 	move	a0,v0
    29f0:	0040a025 	move	s4,v0
    29f4:	8f858038 	lw	a1,-32712(gp)
    29f8:	8f99821c 	lw	t9,-32228(gp)
    29fc:	0320f809 	jalr	t9
    2a00:	24a56c50 	addiu	a1,a1,27728
    2a04:	26c55784 	addiu	a1,s6,22404
    2a08:	8fbc0028 	lw	gp,40(sp)
    2a0c:	26e45b7c 	addiu	a0,s7,23420
    2a10:	a280007f 	sb	zero,127(s4)
    2a14:	ae930094 	sw	s3,148(s4)
    2a18:	8f828034 	lw	v0,-32716(gp)
    2a1c:	8f998234 	lw	t9,-32204(gp)
    2a20:	24425780 	addiu	v0,v0,22400
    2a24:	0320f809 	jalr	t9
    2a28:	ae820090 	sw	v0,144(s4)
    2a2c:	8fbc0028 	lw	gp,40(sp)
    2a30:	1040000f 	beqz	v0,2a70 <main@@Base+0x730>
    2a34:	0040a825 	move	s5,v0
    2a38:	8f9981e0 	lw	t9,-32288(gp)
    2a3c:	24060010 	li	a2,16
    2a40:	24050001 	li	a1,1
    2a44:	26840080 	addiu	a0,s4,128
    2a48:	0320f809 	jalr	t9
    2a4c:	00403825 	move	a3,v0
    2a50:	02a02025 	move	a0,s5
    2a54:	8fbc0028 	lw	gp,40(sp)
    2a58:	8f9982bc 	lw	t9,-32068(gp)
    2a5c:	0320f809 	jalr	t9
    2a60:	00409825 	move	s3,v0
    2a64:	24020010 	li	v0,16
    2a68:	1262007e 	beq	s3,v0,2c64 <main@@Base+0x924>
    2a6c:	8fbc0028 	lw	gp,40(sp)
    2a70:	8f998150 	lw	t9,-32432(gp)
    2a74:	0320f809 	jalr	t9
    2a78:	02802025 	move	a0,s4
    2a7c:	24060087 	li	a2,135
    2a80:	8fbc0028 	lw	gp,40(sp)
    2a84:	afa010b4 	sw	zero,4276(sp)
    2a88:	8f878038 	lw	a3,-32712(gp)
    2a8c:	24e76c58 	addiu	a3,a3,27736
    2a90:	26056a58 	addiu	a1,s0,27224
    2a94:	10000079 	b	2c7c <main@@Base+0x93c>
    2a98:	24040002 	li	a0,2
    2a9c:	afa4218c 	sw	a0,8588(sp)
    2aa0:	0320f809 	jalr	t9
    2aa4:	afa52188 	sw	a1,8584(sp)
    2aa8:	2406005f 	li	a2,95
    2aac:	8fa4218c 	lw	a0,8588(sp)
    2ab0:	8c420000 	lw	v0,0(v0)
    2ab4:	8fbc0028 	lw	gp,40(sp)
    2ab8:	308300ff 	andi	v1,a0,0xff
    2abc:	00033840 	sll	a3,v1,0x1
    2ac0:	00471021 	addu	v0,v0,a3
    2ac4:	94420000 	lhu	v0,0(v0)
    2ac8:	30420800 	andi	v0,v0,0x800
    2acc:	14400007 	bnez	v0,2aec <main@@Base+0x7ac>
    2ad0:	8fa52188 	lw	a1,8584(sp)
    2ad4:	2463ffd3 	addiu	v1,v1,-45
    2ad8:	2c630002 	sltiu	v1,v1,2
    2adc:	14600003 	bnez	v1,2aec <main@@Base+0x7ac>
    2ae0:	00000000 	nop
    2ae4:	1486096e 	bne	a0,a2,50a0 <main@@Base+0x2d60>
    2ae8:	8f878038 	lw	a3,-32712(gp)
    2aec:	24a50001 	addiu	a1,a1,1
    2af0:	80a40000 	lb	a0,0(a1)
    2af4:	1480ffe9 	bnez	a0,2a9c <main@@Base+0x75c>
    2af8:	8f998378 	lw	t9,-31880(gp)
    2afc:	8f9982ec 	lw	t9,-32020(gp)
    2b00:	24060006 	li	a2,6
    2b04:	8fa5217c 	lw	a1,8572(sp)
    2b08:	0320f809 	jalr	t9
    2b0c:	02002025 	move	a0,s0
    2b10:	14400004 	bnez	v0,2b24 <main@@Base+0x7e4>
    2b14:	8fbc0028 	lw	gp,40(sp)
    2b18:	82020006 	lb	v0,6(s0)
    2b1c:	1440001b 	bnez	v0,2b8c <main@@Base+0x84c>
    2b20:	26030006 	addiu	v1,s0,6
    2b24:	8fa22180 	lw	v0,8576(sp)
    2b28:	24438f48 	addiu	v1,v0,-28856
    2b2c:	8c650000 	lw	a1,0(v1)
    2b30:	14a00020 	bnez	a1,2bb4 <main@@Base+0x874>
    2b34:	8f998334 	lw	t9,-31948(gp)
    2b38:	27a410b8 	addiu	a0,sp,4280
    2b3c:	00001825 	move	v1,zero
    2b40:	14750028 	bne	v1,s5,2be4 <main@@Base+0x8a4>
    2b44:	8f878038 	lw	a3,-32712(gp)
    2b48:	240600eb 	li	a2,235
    2b4c:	8f858038 	lw	a1,-32712(gp)
    2b50:	24040003 	li	a0,3
    2b54:	8f998224 	lw	t9,-32220(gp)
    2b58:	24e76bd8 	addiu	a3,a3,27608
    2b5c:	afb50018 	sw	s5,24(sp)
    2b60:	24a55b6c 	addiu	a1,a1,23404
    2b64:	afb00014 	sw	s0,20(sp)
    2b68:	0320f809 	jalr	t9
    2b6c:	afb50010 	sw	s5,16(sp)
    2b70:	1000ff4b 	b	28a0 <main@@Base+0x560>
    2b74:	8fbc0028 	lw	gp,40(sp)
    2b78:	304200ff 	andi	v0,v0,0xff
    2b7c:	2c42000a 	sltiu	v0,v0,10
    2b80:	1040ffe8 	beqz	v0,2b24 <main@@Base+0x7e4>
    2b84:	00000000 	nop
    2b88:	24630001 	addiu	v1,v1,1
    2b8c:	80620000 	lb	v0,0(v1)
    2b90:	1440fff9 	bnez	v0,2b78 <main@@Base+0x838>
    2b94:	2442ffd0 	addiu	v0,v0,-48
    2b98:	24420030 	addiu	v0,v0,48
    2b9c:	8f878038 	lw	a3,-32712(gp)
    2ba0:	240600c7 	li	a2,199
    2ba4:	afb00014 	sw	s0,20(sp)
    2ba8:	afb40010 	sw	s4,16(sp)
    2bac:	1000ff2a 	b	2858 <main@@Base+0x518>
    2bb0:	24e7733c 	addiu	a3,a3,29500
    2bb4:	02002025 	move	a0,s0
    2bb8:	0320f809 	jalr	t9
    2bbc:	afa32188 	sw	v1,8584(sp)
    2bc0:	8fa32188 	lw	v1,8584(sp)
    2bc4:	8fbc0028 	lw	gp,40(sp)
    2bc8:	1440ffd8 	bnez	v0,2b2c <main@@Base+0x7ec>
    2bcc:	24630004 	addiu	v1,v1,4
    2bd0:	8fa72184 	lw	a3,8580(sp)
    2bd4:	240600d1 	li	a2,209
    2bd8:	afb00014 	sw	s0,20(sp)
    2bdc:	1000ff1e 	b	2858 <main@@Base+0x518>
    2be0:	afb40010 	sw	s4,16(sp)
    2be4:	80820000 	lb	v0,0(a0)
    2be8:	1040001b 	beqz	v0,2c58 <main@@Base+0x918>
    2bec:	8f998334 	lw	t9,-31948(gp)
    2bf0:	02002825 	move	a1,s0
    2bf4:	afa3218c 	sw	v1,8588(sp)
    2bf8:	0320f809 	jalr	t9
    2bfc:	afa42188 	sw	a0,8584(sp)
    2c00:	8fbc0028 	lw	gp,40(sp)
    2c04:	8fa42188 	lw	a0,8584(sp)
    2c08:	14400013 	bnez	v0,2c58 <main@@Base+0x918>
    2c0c:	8fa3218c 	lw	v1,8588(sp)
    2c10:	8fa22174 	lw	v0,8564(sp)
    2c14:	00031880 	sll	v1,v1,0x2
    2c18:	8f878038 	lw	a3,-32712(gp)
    2c1c:	240600df 	li	a2,223
    2c20:	8f858038 	lw	a1,-32712(gp)
    2c24:	24040002 	li	a0,2
    2c28:	00431821 	addu	v1,v0,v1
    2c2c:	8f998224 	lw	t9,-32220(gp)
    2c30:	24e76ba4 	addiu	a3,a3,27556
    2c34:	afb00014 	sw	s0,20(sp)
    2c38:	24a55b6c 	addiu	a1,a1,23404
    2c3c:	afb40010 	sw	s4,16(sp)
    2c40:	8c620000 	lw	v0,0(v1)
    2c44:	0320f809 	jalr	t9
    2c48:	afa20018 	sw	v0,24(sp)
    2c4c:	8fbc0028 	lw	gp,40(sp)
    2c50:	1000ff13 	b	28a0 <main@@Base+0x560>
    2c54:	a2000000 	sb	zero,0(s0)
    2c58:	24630001 	addiu	v1,v1,1
    2c5c:	1000ffb8 	b	2b40 <main@@Base+0x800>
    2c60:	24840040 	addiu	a0,a0,64
    2c64:	8f878038 	lw	a3,-32712(gp)
    2c68:	24060085 	li	a2,133
    2c6c:	26056a58 	addiu	a1,s0,27224
    2c70:	afb410b4 	sw	s4,4276(sp)
    2c74:	24040003 	li	a0,3
    2c78:	24e76c78 	addiu	a3,a3,27768
    2c7c:	8f998224 	lw	t9,-32220(gp)
    2c80:	0320f809 	jalr	t9
    2c84:	00000000 	nop
    2c88:	8fbc0028 	lw	gp,40(sp)
    2c8c:	8fa22168 	lw	v0,8552(sp)
    2c90:	14400075 	bnez	v0,2e68 <main@@Base+0xb28>
    2c94:	8fa210a0 	lw	v0,4256(sp)
    2c98:	26526328 	addiu	s2,s2,25384
    2c9c:	8f878038 	lw	a3,-32712(gp)
    2ca0:	240600bb 	li	a2,187
    2ca4:	8f998224 	lw	t9,-32220(gp)
    2ca8:	26056a58 	addiu	a1,s0,27224
    2cac:	24040003 	li	a0,3
    2cb0:	afb20014 	sw	s2,20(sp)
    2cb4:	24e76e54 	addiu	a3,a3,28244
    2cb8:	0320f809 	jalr	t9
    2cbc:	afa20010 	sw	v0,16(sp)
    2cc0:	240600bc 	li	a2,188
    2cc4:	93a210b0 	lbu	v0,4272(sp)
    2cc8:	26056a58 	addiu	a1,s0,27224
    2ccc:	8fbc0028 	lw	gp,40(sp)
    2cd0:	24040004 	li	a0,4
    2cd4:	afa2001c 	sw	v0,28(sp)
    2cd8:	8fa210ac 	lw	v0,4268(sp)
    2cdc:	8f878038 	lw	a3,-32712(gp)
    2ce0:	8f998224 	lw	t9,-32220(gp)
    2ce4:	afa20018 	sw	v0,24(sp)
    2ce8:	8fa210a8 	lw	v0,4264(sp)
    2cec:	24e76e70 	addiu	a3,a3,28272
    2cf0:	afa20014 	sw	v0,20(sp)
    2cf4:	8fa210a4 	lw	v0,4260(sp)
    2cf8:	0320f809 	jalr	t9
    2cfc:	afa20010 	sw	v0,16(sp)
    2d00:	8fbc0028 	lw	gp,40(sp)
    2d04:	8f928038 	lw	s2,-32712(gp)
    2d08:	8f9982e4 	lw	t9,-32028(gp)
    2d0c:	0320f809 	jalr	t9
    2d10:	264464f4 	addiu	a0,s2,25844
    2d14:	8fbc0028 	lw	gp,40(sp)
    2d18:	afa21080 	sw	v0,4224(sp)
    2d1c:	10400022 	beqz	v0,2da8 <main@@Base+0xa68>
    2d20:	8f918038 	lw	s1,-32712(gp)
    2d24:	8f998034 	lw	t9,-32716(gp)
    2d28:	24030001 	li	v1,1
    2d2c:	264564f4 	addiu	a1,s2,25844
    2d30:	a3a31098 	sb	v1,4248(sp)
    2d34:	27395bac 	addiu	t9,t9,23468
    2d38:	04110b9c 	bal	5bac <main@@Base+0x386c>
    2d3c:	00402025 	move	a0,v0
    2d40:	8fbc0028 	lw	gp,40(sp)
    2d44:	8f9982c8 	lw	t9,-32056(gp)
    2d48:	0320f809 	jalr	t9
    2d4c:	8fa41080 	lw	a0,4224(sp)
    2d50:	24060187 	li	a2,391
    2d54:	8fbc0028 	lw	gp,40(sp)
    2d58:	0000000f 	sync
    2d5c:	8c43001c 	lw	v1,28(v0)
    2d60:	26255e5c 	addiu	a1,s1,24156
    2d64:	24040003 	li	a0,3
    2d68:	afa31084 	sw	v1,4228(sp)
    2d6c:	0000000f 	sync
    2d70:	8f878038 	lw	a3,-32712(gp)
    2d74:	0000000f 	sync
    2d78:	8f998224 	lw	t9,-32220(gp)
    2d7c:	8c430028 	lw	v1,40(v0)
    2d80:	24e76eb0 	addiu	a3,a3,28336
    2d84:	afa31088 	sw	v1,4232(sp)
    2d88:	0000000f 	sync
    2d8c:	90420030 	lbu	v0,48(v0)
    2d90:	0000000f 	sync
    2d94:	afa2108c 	sw	v0,4236(sp)
    2d98:	0000000f 	sync
    2d9c:	0320f809 	jalr	t9
    2da0:	00000000 	nop
    2da4:	8fbc0028 	lw	gp,40(sp)
    2da8:	8f928038 	lw	s2,-32712(gp)
    2dac:	8f9982e4 	lw	t9,-32028(gp)
    2db0:	0320f809 	jalr	t9
    2db4:	26447474 	addiu	a0,s2,29812
    2db8:	8fbc0028 	lw	gp,40(sp)
    2dbc:	00402025 	move	a0,v0
    2dc0:	1440009d 	bnez	v0,3038 <main@@Base+0xcf8>
    2dc4:	afa20084 	sw	v0,132(sp)
    2dc8:	93a21098 	lbu	v0,4248(sp)
    2dcc:	1440001c 	bnez	v0,2e40 <main@@Base+0xb00>
    2dd0:	8f878038 	lw	a3,-32712(gp)
    2dd4:	8f878038 	lw	a3,-32712(gp)
    2dd8:	2406018e 	li	a2,398
    2ddc:	8f998224 	lw	t9,-32220(gp)
    2de0:	26255e5c 	addiu	a1,s1,24156
    2de4:	24040003 	li	a0,3
    2de8:	24e76ec8 	addiu	a3,a3,28360
    2dec:	0320f809 	jalr	t9
    2df0:	3c130001 	lui	s3,0x1
    2df4:	24150064 	li	s5,100
    2df8:	8fbc0028 	lw	gp,40(sp)
    2dfc:	26547474 	addiu	s4,s2,29812
    2e00:	367386a0 	ori	s3,s3,0x86a0
    2e04:	8f998100 	lw	t9,-32512(gp)
    2e08:	0320f809 	jalr	t9
    2e0c:	02602025 	move	a0,s3
    2e10:	8fbc0028 	lw	gp,40(sp)
    2e14:	8f9982e4 	lw	t9,-32028(gp)
    2e18:	0320f809 	jalr	t9
    2e1c:	02802025 	move	a0,s4
    2e20:	8fbc0028 	lw	gp,40(sp)
    2e24:	00402025 	move	a0,v0
    2e28:	14400083 	bnez	v0,3038 <main@@Base+0xcf8>
    2e2c:	afa20084 	sw	v0,132(sp)
    2e30:	26b5ffff 	addiu	s5,s5,-1
    2e34:	16a0fff4 	bnez	s5,2e08 <main@@Base+0xac8>
    2e38:	8f998100 	lw	t9,-32512(gp)
    2e3c:	8f878038 	lw	a3,-32712(gp)
    2e40:	2406019a 	li	a2,410
    2e44:	26255e5c 	addiu	a1,s1,24156
    2e48:	24040002 	li	a0,2
    2e4c:	10000084 	b	3060 <main@@Base+0xd20>
    2e50:	24e7730c 	addiu	a3,a3,29452
    2e54:	1040ff8d 	beqz	v0,2c8c <main@@Base+0x94c>
    2e58:	8f878038 	lw	a3,-32712(gp)
    2e5c:	24060089 	li	a2,137
    2e60:	1000ff0b 	b	2a90 <main@@Base+0x750>
    2e64:	24e76ca0 	addiu	a3,a3,27808
    2e68:	8f878038 	lw	a3,-32712(gp)
    2e6c:	26256008 	addiu	a1,s1,24584
    2e70:	8f868038 	lw	a2,-32712(gp)
    2e74:	8f998320 	lw	t9,-31968(gp)
    2e78:	8fa42110 	lw	a0,8464(sp)
    2e7c:	24e76ce0 	addiu	a3,a3,27872
    2e80:	0320f809 	jalr	t9
    2e84:	24c66cfc 	addiu	a2,a2,27900
    2e88:	26256008 	addiu	a1,s1,24584
    2e8c:	8fbc0028 	lw	gp,40(sp)
    2e90:	00409025 	move	s2,v0
    2e94:	8fa42110 	lw	a0,8464(sp)
    2e98:	8f878038 	lw	a3,-32712(gp)
    2e9c:	8f868038 	lw	a2,-32712(gp)
    2ea0:	8f998320 	lw	t9,-31968(gp)
    2ea4:	24e76d08 	addiu	a3,a3,27912
    2ea8:	0320f809 	jalr	t9
    2eac:	24c66d24 	addiu	a2,a2,27940
    2eb0:	02402025 	move	a0,s2
    2eb4:	8fbc0028 	lw	gp,40(sp)
    2eb8:	00402825 	move	a1,v0
    2ebc:	8f9980a4 	lw	t9,-32604(gp)
    2ec0:	04113a58 	bal	11824 <main@@Base+0xf4e4>
    2ec4:	00409825 	move	s3,v0
    2ec8:	8fbc0028 	lw	gp,40(sp)
    2ecc:	1040000a 	beqz	v0,2ef8 <main@@Base+0xbb8>
    2ed0:	0040a025 	move	s4,v0
    2ed4:	8f998310 	lw	t9,-31984(gp)
    2ed8:	0320f809 	jalr	t9
    2edc:	24040004 	li	a0,4
    2ee0:	14400013 	bnez	v0,2f30 <main@@Base+0xbf0>
    2ee4:	8fbc0028 	lw	gp,40(sp)
    2ee8:	8f9980a8 	lw	t9,-32600(gp)
    2eec:	04113a27 	bal	1178c <main@@Base+0xf44c>
    2ef0:	02802025 	move	a0,s4
    2ef4:	8fbc0028 	lw	gp,40(sp)
    2ef8:	8f878038 	lw	a3,-32712(gp)
    2efc:	240600b3 	li	a2,179
    2f00:	8f998224 	lw	t9,-32220(gp)
    2f04:	26056a58 	addiu	a1,s0,27224
    2f08:	24040002 	li	a0,2
    2f0c:	afa01378 	sw	zero,4984(sp)
    2f10:	24e76df4 	addiu	a3,a3,28148
    2f14:	afb30014 	sw	s3,20(sp)
    2f18:	0320f809 	jalr	t9
    2f1c:	afb20010 	sw	s2,16(sp)
    2f20:	2402022a 	li	v0,554
    2f24:	8fbc0028 	lw	gp,40(sp)
    2f28:	1000003f 	b	3028 <main@@Base+0xce8>
    2f2c:	afa210a0 	sw	v0,4256(sp)
    2f30:	8f938038 	lw	s3,-32712(gp)
    2f34:	26256008 	addiu	a1,s1,24584
    2f38:	8f868038 	lw	a2,-32712(gp)
    2f3c:	8f998320 	lw	t9,-31968(gp)
    2f40:	8fa42110 	lw	a0,8464(sp)
    2f44:	26676d2c 	addiu	a3,s3,27948
    2f48:	24c66d34 	addiu	a2,a2,27956
    2f4c:	ac540000 	sw	s4,0(v0)
    2f50:	0320f809 	jalr	t9
    2f54:	afa21378 	sw	v0,4984(sp)
    2f58:	8fbc0028 	lw	gp,40(sp)
    2f5c:	00402025 	move	a0,v0
    2f60:	00408825 	move	s1,v0
    2f64:	8f858038 	lw	a1,-32712(gp)
    2f68:	8f998334 	lw	t9,-31948(gp)
    2f6c:	0320f809 	jalr	t9
    2f70:	24a56d4c 	addiu	a1,a1,27980
    2f74:	14400011 	bnez	v0,2fbc <main@@Base+0xc7c>
    2f78:	8fbc0028 	lw	gp,40(sp)
    2f7c:	8fa21378 	lw	v0,4984(sp)
    2f80:	24050001 	li	a1,1
    2f84:	8f9980ac 	lw	t9,-32596(gp)
    2f88:	04113aaa 	bal	11a34 <main@@Base+0xf6f4>
    2f8c:	8c440000 	lw	a0,0(v0)
    2f90:	10400019 	beqz	v0,2ff8 <main@@Base+0xcb8>
    2f94:	8fbc0028 	lw	gp,40(sp)
    2f98:	8f878038 	lw	a3,-32712(gp)
    2f9c:	240600ac 	li	a2,172
    2fa0:	8f998224 	lw	t9,-32220(gp)
    2fa4:	26056a58 	addiu	a1,s0,27224
    2fa8:	24040002 	li	a0,2
    2fac:	0320f809 	jalr	t9
    2fb0:	24e76d94 	addiu	a3,a3,28052
    2fb4:	10000010 	b	2ff8 <main@@Base+0xcb8>
    2fb8:	8fbc0028 	lw	gp,40(sp)
    2fbc:	8f998334 	lw	t9,-31948(gp)
    2fc0:	26656d2c 	addiu	a1,s3,27948
    2fc4:	0320f809 	jalr	t9
    2fc8:	02202025 	move	a0,s1
    2fcc:	1040000a 	beqz	v0,2ff8 <main@@Base+0xcb8>
    2fd0:	8fbc0028 	lw	gp,40(sp)
    2fd4:	8f878038 	lw	a3,-32712(gp)
    2fd8:	240600a5 	li	a2,165
    2fdc:	8f998224 	lw	t9,-32220(gp)
    2fe0:	26056a58 	addiu	a1,s0,27224
    2fe4:	24040002 	li	a0,2
    2fe8:	afb10010 	sw	s1,16(sp)
    2fec:	0320f809 	jalr	t9
    2ff0:	24e76d58 	addiu	a3,a3,27992
    2ff4:	8fbc0028 	lw	gp,40(sp)
    2ff8:	8f878038 	lw	a3,-32712(gp)
    2ffc:	240600b0 	li	a2,176
    3000:	8fa210a0 	lw	v0,4256(sp)
    3004:	26056a58 	addiu	a1,s0,27224
    3008:	8f998224 	lw	t9,-32220(gp)
    300c:	24040003 	li	a0,3
    3010:	24e76dc4 	addiu	a3,a3,28100
    3014:	afb10018 	sw	s1,24(sp)
    3018:	afa20014 	sw	v0,20(sp)
    301c:	0320f809 	jalr	t9
    3020:	afb20010 	sw	s2,16(sp)
    3024:	8fbc0028 	lw	gp,40(sp)
    3028:	8f928038 	lw	s2,-32712(gp)
    302c:	8fa210a0 	lw	v0,4256(sp)
    3030:	1000ff1a 	b	2c9c <main@@Base+0x95c>
    3034:	26526a14 	addiu	s2,s2,27156
    3038:	8f998034 	lw	t9,-32716(gp)
    303c:	27395bac 	addiu	t9,t9,23468
    3040:	04110ada 	bal	5bac <main@@Base+0x386c>
    3044:	26457474 	addiu	a1,s2,29812
    3048:	24060198 	li	a2,408
    304c:	8fbc0028 	lw	gp,40(sp)
    3050:	26255e5c 	addiu	a1,s1,24156
    3054:	24040003 	li	a0,3
    3058:	8f878038 	lw	a3,-32712(gp)
    305c:	24e76ee4 	addiu	a3,a3,28388
    3060:	8f998224 	lw	t9,-32220(gp)
    3064:	26527474 	addiu	s2,s2,29812
    3068:	24150001 	li	s5,1
    306c:	0320f809 	jalr	t9
    3070:	26345e5c 	addiu	s4,s1,24156
    3074:	24130008 	li	s3,8
    3078:	8fbc0028 	lw	gp,40(sp)
    307c:	03c0b025 	move	s6,s8
    3080:	afb2009c 	sw	s2,156(sp)
    3084:	afa00098 	sw	zero,152(sp)
    3088:	8f978028 	lw	s7,-32728(gp)
    308c:	8f928038 	lw	s2,-32712(gp)
    3090:	26f78f8c 	addiu	s7,s7,-28788
    3094:	26526f04 	addiu	s2,s2,28420
    3098:	93a210b1 	lbu	v0,4273(sp)
    309c:	14400003 	bnez	v0,30ac <main@@Base+0xd6c>
    30a0:	2aa20006 	slti	v0,s5,6
    30a4:	10400014 	beqz	v0,30f8 <main@@Base+0xdb8>
    30a8:	00000000 	nop
    30ac:	8ee40004 	lw	a0,4(s7)
    30b0:	8f9982e4 	lw	t9,-32028(gp)
    30b4:	0320f809 	jalr	t9
    30b8:	afa42168 	sw	a0,8552(sp)
    30bc:	8fa42168 	lw	a0,8552(sp)
    30c0:	8fbc0028 	lw	gp,40(sp)
    30c4:	aec20254 	sw	v0,596(s6)
    30c8:	aed50268 	sw	s5,616(s6)
    30cc:	1040000a 	beqz	v0,30f8 <main@@Base+0xdb8>
    30d0:	aec4026c 	sw	a0,620(s6)
    30d4:	8f998224 	lw	t9,-32220(gp)
    30d8:	240601a7 	li	a2,423
    30dc:	afa40014 	sw	a0,20(sp)
    30e0:	24040003 	li	a0,3
    30e4:	afb50010 	sw	s5,16(sp)
    30e8:	02403825 	move	a3,s2
    30ec:	0320f809 	jalr	t9
    30f0:	02802825 	move	a1,s4
    30f4:	8fbc0028 	lw	gp,40(sp)
    30f8:	26b50001 	addiu	s5,s5,1
    30fc:	26f70004 	addiu	s7,s7,4
    3100:	16b3ffe5 	bne	s5,s3,3098 <main@@Base+0xd58>
    3104:	26d60200 	addiu	s6,s6,512
    3108:	27c21000 	addiu	v0,s8,4096
    310c:	afa22184 	sw	v0,8580(sp)
    3110:	03c01025 	move	v0,s8
    3114:	8c430054 	lw	v1,84(v0)
    3118:	14600063 	bnez	v1,32a8 <main@@Base+0xf68>
    311c:	8fa32184 	lw	v1,8580(sp)
    3120:	24420200 	addiu	v0,v0,512
    3124:	1462fffb 	bne	v1,v0,3114 <main@@Base+0xdd4>
    3128:	00000000 	nop
    312c:	93a21098 	lbu	v0,4248(sp)
    3130:	0000b825 	move	s7,zero
    3134:	1440005e 	bnez	v0,32b0 <main@@Base+0xf70>
    3138:	03c0a825 	move	s5,s8
    313c:	8f878038 	lw	a3,-32712(gp)
    3140:	240601b3 	li	a2,435
    3144:	8f998224 	lw	t9,-32220(gp)
    3148:	26255e5c 	addiu	a1,s1,24156
    314c:	00002025 	move	a0,zero
    3150:	0320f809 	jalr	t9
    3154:	24e76f24 	addiu	a3,a3,28452
    3158:	8fbc0028 	lw	gp,40(sp)
    315c:	8f878038 	lw	a3,-32712(gp)
    3160:	240600c1 	li	a2,193
    3164:	26056a58 	addiu	a1,s0,27224
    3168:	00002025 	move	a0,zero
    316c:	24e770dc 	addiu	a3,a3,28892
    3170:	8f998224 	lw	t9,-32220(gp)
    3174:	0320f809 	jalr	t9
    3178:	00000000 	nop
    317c:	8fb01378 	lw	s0,4984(sp)
    3180:	12000009 	beqz	s0,31a8 <main@@Base+0xe68>
    3184:	8fbc0028 	lw	gp,40(sp)
    3188:	8f9980a8 	lw	t9,-32600(gp)
    318c:	0411397f 	bal	1178c <main@@Base+0xf44c>
    3190:	8e040000 	lw	a0,0(s0)
    3194:	8fbc0028 	lw	gp,40(sp)
    3198:	8f998150 	lw	t9,-32432(gp)
    319c:	0320f809 	jalr	t9
    31a0:	02002025 	move	a0,s0
    31a4:	8fbc0028 	lw	gp,40(sp)
    31a8:	8fa410b4 	lw	a0,4276(sp)
    31ac:	10800004 	beqz	a0,31c0 <main@@Base+0xe80>
    31b0:	8f998150 	lw	t9,-32432(gp)
    31b4:	0320f809 	jalr	t9
    31b8:	00000000 	nop
    31bc:	8fbc0028 	lw	gp,40(sp)
    31c0:	8f908038 	lw	s0,-32712(gp)
    31c4:	26108e80 	addiu	s0,s0,-29056
    31c8:	8fa20064 	lw	v0,100(sp)
    31cc:	1c40077f 	bgtz	v0,4fcc <main@@Base+0x2c8c>
    31d0:	8fa50044 	lw	a1,68(sp)
    31d4:	8fa40038 	lw	a0,56(sp)
    31d8:	10800004 	beqz	a0,31ec <main@@Base+0xeac>
    31dc:	8f998188 	lw	t9,-32376(gp)
    31e0:	0320f809 	jalr	t9
    31e4:	00000000 	nop
    31e8:	8fbc0028 	lw	gp,40(sp)
    31ec:	8fa2216c 	lw	v0,8556(sp)
    31f0:	8c440054 	lw	a0,84(v0)
    31f4:	10800005 	beqz	a0,320c <main@@Base+0xecc>
    31f8:	8f9982d4 	lw	t9,-32044(gp)
    31fc:	0320f809 	jalr	t9
    3200:	00000000 	nop
    3204:	8fbc0028 	lw	gp,40(sp)
    3208:	8fa2216c 	lw	v0,8556(sp)
    320c:	8f998150 	lw	t9,-32432(gp)
    3210:	0320f809 	jalr	t9
    3214:	8c440060 	lw	a0,96(v0)
    3218:	8fa2216c 	lw	v0,8556(sp)
    321c:	8fbc0028 	lw	gp,40(sp)
    3220:	24420200 	addiu	v0,v0,512
    3224:	afa2216c 	sw	v0,8556(sp)
    3228:	8fa3216c 	lw	v1,8556(sp)
    322c:	8fa22184 	lw	v0,8580(sp)
    3230:	1443ffee 	bne	v0,v1,31ec <main@@Base+0xeac>
    3234:	8fa41080 	lw	a0,4224(sp)
    3238:	10800004 	beqz	a0,324c <main@@Base+0xf0c>
    323c:	8f9982d4 	lw	t9,-32044(gp)
    3240:	0320f809 	jalr	t9
    3244:	00000000 	nop
    3248:	8fbc0028 	lw	gp,40(sp)
    324c:	8fa40034 	lw	a0,52(sp)
    3250:	04800004 	bltz	a0,3264 <main@@Base+0xf24>
    3254:	8f9981d8 	lw	t9,-32296(gp)
    3258:	0320f809 	jalr	t9
    325c:	00000000 	nop
    3260:	8fbc0028 	lw	gp,40(sp)
    3264:	8fa40030 	lw	a0,48(sp)
    3268:	04800006 	bltz	a0,3284 <main@@Base+0xf44>
    326c:	8f99824c 	lw	t9,-32180(gp)
    3270:	8f9981d8 	lw	t9,-32296(gp)
    3274:	0320f809 	jalr	t9
    3278:	00000000 	nop
    327c:	8fbc0028 	lw	gp,40(sp)
    3280:	8f99824c 	lw	t9,-32180(gp)
    3284:	0320f809 	jalr	t9
    3288:	27a40068 	addiu	a0,sp,104
    328c:	8fbc0028 	lw	gp,40(sp)
    3290:	8f9981c0 	lw	t9,-32320(gp)
    3294:	0320f809 	jalr	t9
    3298:	8fa42110 	lw	a0,8464(sp)
    329c:	8fbc0028 	lw	gp,40(sp)
    32a0:	1000fc96 	b	24fc <main@@Base+0x1bc>
    32a4:	8fa22194 	lw	v0,8596(sp)
    32a8:	0000b825 	move	s7,zero
    32ac:	03c0a825 	move	s5,s8
    32b0:	8f938038 	lw	s3,-32712(gp)
    32b4:	8f928038 	lw	s2,-32712(gp)
    32b8:	8f948038 	lw	s4,-32712(gp)
    32bc:	8ea40054 	lw	a0,84(s5)
    32c0:	10800016 	beqz	a0,331c <main@@Base+0xfdc>
    32c4:	8f9982c8 	lw	t9,-32056(gp)
    32c8:	0320f809 	jalr	t9
    32cc:	00000000 	nop
    32d0:	8fbc0028 	lw	gp,40(sp)
    32d4:	0040b025 	move	s6,v0
    32d8:	10400004 	beqz	v0,32ec <main@@Base+0xfac>
    32dc:	8f998224 	lw	t9,-32220(gp)
    32e0:	8c42000c 	lw	v0,12(v0)
    32e4:	1440006e 	bnez	v0,34a0 <main@@Base+0x1160>
    32e8:	8f838038 	lw	v1,-32712(gp)
    32ec:	26676f48 	addiu	a3,s3,28488
    32f0:	afb70010 	sw	s7,16(sp)
    32f4:	240601be 	li	a2,446
    32f8:	26255e5c 	addiu	a1,s1,24156
    32fc:	0320f809 	jalr	t9
    3300:	24040001 	li	a0,1
    3304:	8fbc0028 	lw	gp,40(sp)
    3308:	8f9982d4 	lw	t9,-32044(gp)
    330c:	0320f809 	jalr	t9
    3310:	8ea40054 	lw	a0,84(s5)
    3314:	8fbc0028 	lw	gp,40(sp)
    3318:	aea00054 	sw	zero,84(s5)
    331c:	26f70001 	addiu	s7,s7,1
    3320:	24020008 	li	v0,8
    3324:	16e2ffe5 	bne	s7,v0,32bc <main@@Base+0xf7c>
    3328:	26b50200 	addiu	s5,s5,512
    332c:	8f9981dc 	lw	t9,-32292(gp)
    3330:	00003025 	move	a2,zero
    3334:	24050002 	li	a1,2
    3338:	0320f809 	jalr	t9
    333c:	2404000a 	li	a0,10
    3340:	8fbc0028 	lw	gp,40(sp)
    3344:	044000a2 	bltz	v0,35d0 <main@@Base+0x1290>
    3348:	00409025 	move	s2,v0
    334c:	8f998180 	lw	t9,-32384(gp)
    3350:	24020004 	li	v0,4
    3354:	27a71380 	addiu	a3,sp,4992
    3358:	afa01380 	sw	zero,4992(sp)
    335c:	2406001a 	li	a2,26
    3360:	afa20010 	sw	v0,16(sp)
    3364:	24050029 	li	a1,41
    3368:	0320f809 	jalr	t9
    336c:	02402025 	move	a0,s2
    3370:	8fbc0028 	lw	gp,40(sp)
    3374:	afb20030 	sw	s2,48(sp)
    3378:	2412000a 	li	s2,10
    337c:	24020001 	li	v0,1
    3380:	8f998180 	lw	t9,-32384(gp)
    3384:	8fa40030 	lw	a0,48(sp)
    3388:	27a71da8 	addiu	a3,sp,7592
    338c:	afa21da8 	sw	v0,7592(sp)
    3390:	24020004 	li	v0,4
    3394:	24060004 	li	a2,4
    3398:	3405ffff 	li	a1,0xffff
    339c:	0320f809 	jalr	t9
    33a0:	afa20010 	sw	v0,16(sp)
    33a4:	00003025 	move	a2,zero
    33a8:	8fbc0028 	lw	gp,40(sp)
    33ac:	24050003 	li	a1,3
    33b0:	8fb30030 	lw	s3,48(sp)
    33b4:	8f9982fc 	lw	t9,-32004(gp)
    33b8:	0320f809 	jalr	t9
    33bc:	02602025 	move	a0,s3
    33c0:	04400007 	bltz	v0,33e0 <main@@Base+0x10a0>
    33c4:	8fbc0028 	lw	gp,40(sp)
    33c8:	8f9982fc 	lw	t9,-32004(gp)
    33cc:	24050004 	li	a1,4
    33d0:	34460080 	ori	a2,v0,0x80
    33d4:	0320f809 	jalr	t9
    33d8:	02602025 	move	a0,s3
    33dc:	8fbc0028 	lw	gp,40(sp)
    33e0:	8f99831c 	lw	t9,-31972(gp)
    33e4:	24060080 	li	a2,128
    33e8:	00002825 	move	a1,zero
    33ec:	97b310a0 	lhu	s3,4256(sp)
    33f0:	0320f809 	jalr	t9
    33f4:	27a41380 	addiu	a0,sp,4992
    33f8:	2403000a 	li	v1,10
    33fc:	8fbc0028 	lw	gp,40(sp)
    3400:	16430099 	bne	s2,v1,3668 <main@@Base+0x1328>
    3404:	7c1310a0 	wsbh	v0,s3
    3408:	8f998120 	lw	t9,-32480(gp)
    340c:	24060010 	li	a2,16
    3410:	8f8582e0 	lw	a1,-32032(gp)
    3414:	27a41388 	addiu	a0,sp,5000
    3418:	a7b21380 	sh	s2,4992(sp)
    341c:	0320f809 	jalr	t9
    3420:	a7a21382 	sh	v0,4994(sp)
    3424:	2406001c 	li	a2,28
    3428:	8fbc0028 	lw	gp,40(sp)
    342c:	8f998248 	lw	t9,-32184(gp)
    3430:	27a51380 	addiu	a1,sp,4992
    3434:	0320f809 	jalr	t9
    3438:	8fa40030 	lw	a0,48(sp)
    343c:	0441008f 	bgez	v0,367c <main@@Base+0x133c>
    3440:	8fbc0028 	lw	gp,40(sp)
    3444:	8f998184 	lw	t9,-32380(gp)
    3448:	0320f809 	jalr	t9
    344c:	8fb210a0 	lw	s2,4256(sp)
    3450:	8fbc0028 	lw	gp,40(sp)
    3454:	8f99813c 	lw	t9,-32452(gp)
    3458:	0320f809 	jalr	t9
    345c:	8c440000 	lw	a0,0(v0)
    3460:	240601f0 	li	a2,496
    3464:	8fbc0028 	lw	gp,40(sp)
    3468:	26255e5c 	addiu	a1,s1,24156
    346c:	00002025 	move	a0,zero
    3470:	afa20014 	sw	v0,20(sp)
    3474:	afb20010 	sw	s2,16(sp)
    3478:	8f878038 	lw	a3,-32712(gp)
    347c:	8f998224 	lw	t9,-32220(gp)
    3480:	0320f809 	jalr	t9
    3484:	24e7700c 	addiu	a3,a3,28684
    3488:	8fbc0028 	lw	gp,40(sp)
    348c:	8f9981d8 	lw	t9,-32296(gp)
    3490:	0320f809 	jalr	t9
    3494:	8fa40030 	lw	a0,48(sp)
    3498:	1000ff30 	b	315c <main@@Base+0xe1c>
    349c:	8fbc0028 	lw	gp,40(sp)
    34a0:	26825be8 	addiu	v0,s4,23528
    34a4:	8ec4001c 	lw	a0,28(s6)
    34a8:	240601c6 	li	a2,454
    34ac:	8f878038 	lw	a3,-32712(gp)
    34b0:	24635be0 	addiu	v1,v1,23520
    34b4:	38850001 	xori	a1,a0,0x1
    34b8:	0065100a 	movz	v0,v1,a1
    34bc:	26435bd8 	addiu	v1,s2,23512
    34c0:	24e76f7c 	addiu	a3,a3,28540
    34c4:	26255e5c 	addiu	a1,s1,24156
    34c8:	0064100a 	movz	v0,v1,a0
    34cc:	24040003 	li	a0,3
    34d0:	8ec3002c 	lw	v1,44(s6)
    34d4:	afa30024 	sw	v1,36(sp)
    34d8:	8ec30028 	lw	v1,40(s6)
    34dc:	afa30020 	sw	v1,32(sp)
    34e0:	8ec30024 	lw	v1,36(s6)
    34e4:	afa3001c 	sw	v1,28(sp)
    34e8:	8ec30020 	lw	v1,32(s6)
    34ec:	afa20014 	sw	v0,20(sp)
    34f0:	afb70010 	sw	s7,16(sp)
    34f4:	0320f809 	jalr	t9
    34f8:	afa30018 	sw	v1,24(sp)
    34fc:	8fbc0028 	lw	gp,40(sp)
    3500:	0000000f 	sync
    3504:	8ec2001c 	lw	v0,28(s6)
    3508:	aea20070 	sw	v0,112(s5)
    350c:	0000000f 	sync
    3510:	8f998220 	lw	t9,-32224(gp)
    3514:	0000000f 	sync
    3518:	8ec20020 	lw	v0,32(s6)
    351c:	aea20074 	sw	v0,116(s5)
    3520:	0000000f 	sync
    3524:	0000000f 	sync
    3528:	8ec20024 	lw	v0,36(s6)
    352c:	aea20078 	sw	v0,120(s5)
    3530:	0000000f 	sync
    3534:	0000000f 	sync
    3538:	8ec20028 	lw	v0,40(s6)
    353c:	aea2007c 	sw	v0,124(s5)
    3540:	0000000f 	sync
    3544:	0000000f 	sync
    3548:	8ec2002c 	lw	v0,44(s6)
    354c:	aea20080 	sw	v0,128(s5)
    3550:	0000000f 	sync
    3554:	0000000f 	sync
    3558:	92c20030 	lbu	v0,48(s6)
    355c:	a2a20084 	sb	v0,132(s5)
    3560:	0000000f 	sync
    3564:	0000000f 	sync
    3568:	92c20031 	lbu	v0,49(s6)
    356c:	a2a20085 	sb	v0,133(s5)
    3570:	0000000f 	sync
    3574:	0320f809 	jalr	t9
    3578:	8ea40054 	lw	a0,84(s5)
    357c:	3c030004 	lui	v1,0x4
    3580:	8fbc0028 	lw	gp,40(sp)
    3584:	0043282b 	sltu	a1,v0,v1
    3588:	0045180a 	movz	v1,v0,a1
    358c:	8f998310 	lw	t9,-31984(gp)
    3590:	00602025 	move	a0,v1
    3594:	0320f809 	jalr	t9
    3598:	aea30064 	sw	v1,100(s5)
    359c:	8fbc0028 	lw	gp,40(sp)
    35a0:	1440ff5e 	bnez	v0,331c <main@@Base+0xfdc>
    35a4:	aea20060 	sw	v0,96(s5)
    35a8:	8f878038 	lw	a3,-32712(gp)
    35ac:	240601d5 	li	a2,469
    35b0:	afb70010 	sw	s7,16(sp)
    35b4:	24e76f9c 	addiu	a3,a3,28572
    35b8:	8f998224 	lw	t9,-32220(gp)
    35bc:	26255e5c 	addiu	a1,s1,24156
    35c0:	0320f809 	jalr	t9
    35c4:	00002025 	move	a0,zero
    35c8:	1000fee4 	b	315c <main@@Base+0xe1c>
    35cc:	8fbc0028 	lw	gp,40(sp)
    35d0:	8f998184 	lw	t9,-32380(gp)
    35d4:	0320f809 	jalr	t9
    35d8:	00000000 	nop
    35dc:	24030078 	li	v1,120
    35e0:	00409025 	move	s2,v0
    35e4:	8c420000 	lw	v0,0(v0)
    35e8:	7c021084 	ins	v0,zero,0x2,0x1
    35ec:	14430013 	bne	v0,v1,363c <main@@Base+0x12fc>
    35f0:	8fbc0028 	lw	gp,40(sp)
    35f4:	8f9981dc 	lw	t9,-32292(gp)
    35f8:	00003025 	move	a2,zero
    35fc:	24050002 	li	a1,2
    3600:	0320f809 	jalr	t9
    3604:	24040002 	li	a0,2
    3608:	0440000c 	bltz	v0,363c <main@@Base+0x12fc>
    360c:	8fbc0028 	lw	gp,40(sp)
    3610:	8f878038 	lw	a3,-32712(gp)
    3614:	240601e5 	li	a2,485
    3618:	8f998224 	lw	t9,-32220(gp)
    361c:	26255e5c 	addiu	a1,s1,24156
    3620:	24040003 	li	a0,3
    3624:	afa20030 	sw	v0,48(sp)
    3628:	24e76fcc 	addiu	a3,a3,28620
    362c:	0320f809 	jalr	t9
    3630:	24120002 	li	s2,2
    3634:	1000ff51 	b	337c <main@@Base+0x103c>
    3638:	8fbc0028 	lw	gp,40(sp)
    363c:	8f99813c 	lw	t9,-32452(gp)
    3640:	2402ffff 	li	v0,-1
    3644:	8e440000 	lw	a0,0(s2)
    3648:	0320f809 	jalr	t9
    364c:	afa20030 	sw	v0,48(sp)
    3650:	240601e1 	li	a2,481
    3654:	8fbc0028 	lw	gp,40(sp)
    3658:	afa20010 	sw	v0,16(sp)
    365c:	8f878038 	lw	a3,-32712(gp)
    3660:	1000ffd5 	b	35b8 <main@@Base+0x1278>
    3664:	24e76ff8 	addiu	a3,a3,28664
    3668:	24030002 	li	v1,2
    366c:	a7a21382 	sh	v0,4994(sp)
    3670:	24060010 	li	a2,16
    3674:	1000ff6d 	b	342c <main@@Base+0x10ec>
    3678:	a7a31380 	sh	v1,4992(sp)
    367c:	8f99838c 	lw	t9,-31860(gp)
    3680:	24050004 	li	a1,4
    3684:	0320f809 	jalr	t9
    3688:	8fa40030 	lw	a0,48(sp)
    368c:	04410013 	bgez	v0,36dc <main@@Base+0x139c>
    3690:	8fbc0028 	lw	gp,40(sp)
    3694:	8f998184 	lw	t9,-32380(gp)
    3698:	0320f809 	jalr	t9
    369c:	00000000 	nop
    36a0:	8fbc0028 	lw	gp,40(sp)
    36a4:	8f99813c 	lw	t9,-32452(gp)
    36a8:	0320f809 	jalr	t9
    36ac:	8c440000 	lw	a0,0(v0)
    36b0:	240601f6 	li	a2,502
    36b4:	8fbc0028 	lw	gp,40(sp)
    36b8:	26255e5c 	addiu	a1,s1,24156
    36bc:	00002025 	move	a0,zero
    36c0:	afa20010 	sw	v0,16(sp)
    36c4:	8f878038 	lw	a3,-32712(gp)
    36c8:	8f998224 	lw	t9,-32220(gp)
    36cc:	0320f809 	jalr	t9
    36d0:	24e77024 	addiu	a3,a3,28708
    36d4:	1000ff6d 	b	348c <main@@Base+0x114c>
    36d8:	8fbc0028 	lw	gp,40(sp)
    36dc:	8f99818c 	lw	t9,-32372(gp)
    36e0:	0320f809 	jalr	t9
    36e4:	3c040008 	lui	a0,0x8
    36e8:	8fbc0028 	lw	gp,40(sp)
    36ec:	0441000a 	bgez	v0,3718 <main@@Base+0x13d8>
    36f0:	afa20034 	sw	v0,52(sp)
    36f4:	8f878038 	lw	a3,-32712(gp)
    36f8:	240601fe 	li	a2,510
    36fc:	8f998224 	lw	t9,-32220(gp)
    3700:	26255e5c 	addiu	a1,s1,24156
    3704:	00002025 	move	a0,zero
    3708:	0320f809 	jalr	t9
    370c:	24e77038 	addiu	a3,a3,28728
    3710:	1000ff5e 	b	348c <main@@Base+0x114c>
    3714:	8fbc0028 	lw	gp,40(sp)
    3718:	8fa60030 	lw	a2,48(sp)
    371c:	24030001 	li	v1,1
    3720:	8f9981d4 	lw	t9,-32300(gp)
    3724:	27a71b80 	addiu	a3,sp,7040
    3728:	24050001 	li	a1,1
    372c:	afa31b80 	sw	v1,7040(sp)
    3730:	afa61b88 	sw	a2,7048(sp)
    3734:	0320f809 	jalr	t9
    3738:	00402025 	move	a0,v0
    373c:	04410012 	bgez	v0,3788 <main@@Base+0x1448>
    3740:	8fbc0028 	lw	gp,40(sp)
    3744:	8f998184 	lw	t9,-32380(gp)
    3748:	0320f809 	jalr	t9
    374c:	00000000 	nop
    3750:	8fbc0028 	lw	gp,40(sp)
    3754:	8f99813c 	lw	t9,-32452(gp)
    3758:	0320f809 	jalr	t9
    375c:	8c440000 	lw	a0,0(v0)
    3760:	24060205 	li	a2,517
    3764:	8fbc0028 	lw	gp,40(sp)
    3768:	26255e5c 	addiu	a1,s1,24156
    376c:	24040001 	li	a0,1
    3770:	afa20010 	sw	v0,16(sp)
    3774:	8f878038 	lw	a3,-32712(gp)
    3778:	8f998224 	lw	t9,-32220(gp)
    377c:	0320f809 	jalr	t9
    3780:	24e77050 	addiu	a3,a3,28752
    3784:	8fbc0028 	lw	gp,40(sp)
    3788:	8f848038 	lw	a0,-32712(gp)
    378c:	8f998190 	lw	t9,-32368(gp)
    3790:	0320f809 	jalr	t9
    3794:	2484706c 	addiu	a0,a0,28780
    3798:	8fbc0028 	lw	gp,40(sp)
    379c:	8f848038 	lw	a0,-32712(gp)
    37a0:	8f99816c 	lw	t9,-32404(gp)
    37a4:	0320f809 	jalr	t9
    37a8:	2484707c 	addiu	a0,a0,28796
    37ac:	8fbc0028 	lw	gp,40(sp)
    37b0:	10400022 	beqz	v0,383c <main@@Base+0x14fc>
    37b4:	afa20038 	sw	v0,56(sp)
    37b8:	8f9982a8 	lw	t9,-32088(gp)
    37bc:	0320f809 	jalr	t9
    37c0:	00402025 	move	a0,v0
    37c4:	0440001d 	bltz	v0,383c <main@@Base+0x14fc>
    37c8:	8fbc0028 	lw	gp,40(sp)
    37cc:	8f9981d4 	lw	t9,-32300(gp)
    37d0:	24030001 	li	v1,1
    37d4:	8fa40034 	lw	a0,52(sp)
    37d8:	27a71b80 	addiu	a3,sp,7040
    37dc:	24050001 	li	a1,1
    37e0:	afa31b80 	sw	v1,7040(sp)
    37e4:	afa21b88 	sw	v0,7048(sp)
    37e8:	0320f809 	jalr	t9
    37ec:	00403025 	move	a2,v0
    37f0:	04410012 	bgez	v0,383c <main@@Base+0x14fc>
    37f4:	8fbc0028 	lw	gp,40(sp)
    37f8:	8f998184 	lw	t9,-32380(gp)
    37fc:	0320f809 	jalr	t9
    3800:	00000000 	nop
    3804:	8fbc0028 	lw	gp,40(sp)
    3808:	8f99813c 	lw	t9,-32452(gp)
    380c:	0320f809 	jalr	t9
    3810:	8c440000 	lw	a0,0(v0)
    3814:	24060210 	li	a2,528
    3818:	8fbc0028 	lw	gp,40(sp)
    381c:	26255e5c 	addiu	a1,s1,24156
    3820:	24040001 	li	a0,1
    3824:	afa20010 	sw	v0,16(sp)
    3828:	8f878038 	lw	a3,-32712(gp)
    382c:	8f998224 	lw	t9,-32220(gp)
    3830:	0320f809 	jalr	t9
    3834:	24e77094 	addiu	a3,a3,28820
    3838:	8fbc0028 	lw	gp,40(sp)
    383c:	8f838038 	lw	v1,-32712(gp)
    3840:	24060219 	li	a2,537
    3844:	8f828038 	lw	v0,-32712(gp)
    3848:	26255e5c 	addiu	a1,s1,24156
    384c:	8fa41378 	lw	a0,4984(sp)
    3850:	00009025 	move	s2,zero
    3854:	24636a1c 	addiu	v1,v1,27164
    3858:	8f878038 	lw	a3,-32712(gp)
    385c:	24426a24 	addiu	v0,v0,27172
    3860:	8f998224 	lw	t9,-32220(gp)
    3864:	27b02158 	addiu	s0,sp,8536
    3868:	0064100a 	movz	v0,v1,a0
    386c:	24e770b0 	addiu	a3,a3,28848
    3870:	24040003 	li	a0,3
    3874:	8fa310a0 	lw	v1,4256(sp)
    3878:	24170001 	li	s7,1
    387c:	24160008 	li	s6,8
    3880:	afa20010 	sw	v0,16(sp)
    3884:	03c09825 	move	s3,s8
    3888:	0320f809 	jalr	t9
    388c:	afa30014 	sw	v1,20(sp)
    3890:	27a420b0 	addiu	a0,sp,8368
    3894:	8fbc0028 	lw	gp,40(sp)
    3898:	afbe0080 	sw	s8,128(sp)
    389c:	afbe0280 	sw	s8,640(sp)
    38a0:	afbe0480 	sw	s8,1152(sp)
    38a4:	afbe0680 	sw	s8,1664(sp)
    38a8:	afbe0880 	sw	s8,2176(sp)
    38ac:	afbe0a80 	sw	s8,2688(sp)
    38b0:	afbe0c80 	sw	s8,3200(sp)
    38b4:	afbe0e80 	sw	s8,3712(sp)
    38b8:	afa02158 	sw	zero,8536(sp)
    38bc:	8f998398 	lw	t9,-31848(gp)
    38c0:	0320f809 	jalr	t9
    38c4:	afa0215c 	sw	zero,8540(sp)
    38c8:	3c050002 	lui	a1,0x2
    38cc:	8fbc0028 	lw	gp,40(sp)
    38d0:	8f998140 	lw	t9,-32448(gp)
    38d4:	0320f809 	jalr	t9
    38d8:	27a420b0 	addiu	a0,sp,8368
    38dc:	27a220d4 	addiu	v0,sp,8404
    38e0:	8fbc0028 	lw	gp,40(sp)
    38e4:	afa22170 	sw	v0,8560(sp)
    38e8:	0040a825 	move	s5,v0
    38ec:	8f948034 	lw	s4,-32716(gp)
    38f0:	269478bc 	addiu	s4,s4,30908
    38f4:	8e620054 	lw	v0,84(s3)
    38f8:	10400009 	beqz	v0,3920 <main@@Base+0x15e0>
    38fc:	8f9982c0 	lw	t9,-32064(gp)
    3900:	26670050 	addiu	a3,s3,80
    3904:	27a520b0 	addiu	a1,sp,8368
    3908:	02803025 	move	a2,s4
    390c:	0320f809 	jalr	t9
    3910:	02a02025 	move	a0,s5
    3914:	02121021 	addu	v0,s0,s2
    3918:	8fbc0028 	lw	gp,40(sp)
    391c:	a0570000 	sb	s7,0(v0)
    3920:	26520001 	addiu	s2,s2,1
    3924:	26730200 	addiu	s3,s3,512
    3928:	1656fff2 	bne	s2,s6,38f4 <main@@Base+0x15b4>
    392c:	26b50004 	addiu	s5,s5,4
    3930:	93a21098 	lbu	v0,4248(sp)
    3934:	10400013 	beqz	v0,3984 <main@@Base+0x1644>
    3938:	afa22174 	sw	v0,8564(sp)
    393c:	8f868034 	lw	a2,-32716(gp)
    3940:	27a70030 	addiu	a3,sp,48
    3944:	8f9982c0 	lw	t9,-32064(gp)
    3948:	27a520b0 	addiu	a1,sp,8368
    394c:	27a42160 	addiu	a0,sp,8544
    3950:	0320f809 	jalr	t9
    3954:	24c66350 	addiu	a2,a2,25424
    3958:	1040000a 	beqz	v0,3984 <main@@Base+0x1644>
    395c:	8fbc0028 	lw	gp,40(sp)
    3960:	8f878038 	lw	a3,-32712(gp)
    3964:	240602b8 	li	a2,696
    3968:	8f998224 	lw	t9,-32220(gp)
    396c:	26255e5c 	addiu	a1,s1,24156
    3970:	24040001 	li	a0,1
    3974:	0320f809 	jalr	t9
    3978:	24e770f0 	addiu	a3,a3,28912
    397c:	8fbc0028 	lw	gp,40(sp)
    3980:	afa02174 	sw	zero,8564(sp)
    3984:	8f998268 	lw	t9,-32152(gp)
    3988:	0320f809 	jalr	t9
    398c:	27a420b0 	addiu	a0,sp,8368
    3990:	2402ffff 	li	v0,-1
    3994:	8fa40038 	lw	a0,56(sp)
    3998:	8fbc0028 	lw	gp,40(sp)
    399c:	10800006 	beqz	a0,39b8 <main@@Base+0x1678>
    39a0:	afa22188 	sw	v0,8584(sp)
    39a4:	8f9982a8 	lw	t9,-32088(gp)
    39a8:	0320f809 	jalr	t9
    39ac:	00000000 	nop
    39b0:	8fbc0028 	lw	gp,40(sp)
    39b4:	afa22188 	sw	v0,8584(sp)
    39b8:	8f828038 	lw	v0,-32712(gp)
    39bc:	afa02168 	sw	zero,8552(sp)
    39c0:	2442a974 	addiu	v0,v0,-22156
    39c4:	afa221a0 	sw	v0,8608(sp)
    39c8:	8f828034 	lw	v0,-32716(gp)
    39cc:	24425dfc 	addiu	v0,v0,24060
    39d0:	afa221a4 	sw	v0,8612(sp)
    39d4:	8fa2109c 	lw	v0,4252(sp)
    39d8:	8c420000 	lw	v0,0(v0)
    39dc:	14400021 	bnez	v0,3a64 <main@@Base+0x1724>
    39e0:	8f99829c 	lw	t9,-32100(gp)
    39e4:	00008025 	move	s0,zero
    39e8:	27b12158 	addiu	s1,sp,8536
    39ec:	24120008 	li	s2,8
    39f0:	02301021 	addu	v0,s1,s0
    39f4:	90420000 	lbu	v0,0(v0)
    39f8:	10400006 	beqz	v0,3a14 <main@@Base+0x16d4>
    39fc:	8fa22170 	lw	v0,8560(sp)
    3a00:	00002825 	move	a1,zero
    3a04:	8f9982f4 	lw	t9,-32012(gp)
    3a08:	0320f809 	jalr	t9
    3a0c:	8c440000 	lw	a0,0(v0)
    3a10:	8fbc0028 	lw	gp,40(sp)
    3a14:	8fa22170 	lw	v0,8560(sp)
    3a18:	26100001 	addiu	s0,s0,1
    3a1c:	24420004 	addiu	v0,v0,4
    3a20:	1612fff3 	bne	s0,s2,39f0 <main@@Base+0x16b0>
    3a24:	afa22170 	sw	v0,8560(sp)
    3a28:	8fa22174 	lw	v0,8564(sp)
    3a2c:	10400007 	beqz	v0,3a4c <main@@Base+0x170c>
    3a30:	8f878038 	lw	a3,-32712(gp)
    3a34:	8f9982f4 	lw	t9,-32012(gp)
    3a38:	00002825 	move	a1,zero
    3a3c:	0320f809 	jalr	t9
    3a40:	8fa42160 	lw	a0,8544(sp)
    3a44:	8fbc0028 	lw	gp,40(sp)
    3a48:	8f878038 	lw	a3,-32712(gp)
    3a4c:	240600c7 	li	a2,199
    3a50:	8f858038 	lw	a1,-32712(gp)
    3a54:	24040003 	li	a0,3
    3a58:	24e772d0 	addiu	a3,a3,29392
    3a5c:	1000fdc4 	b	3170 <main@@Base+0xe30>
    3a60:	24a56a58 	addiu	a1,a1,27224
    3a64:	240701f4 	li	a3,500
    3a68:	8fa40034 	lw	a0,52(sp)
    3a6c:	24060010 	li	a2,16
    3a70:	0320f809 	jalr	t9
    3a74:	27a51fb0 	addiu	a1,sp,8112
    3a78:	8fbc0028 	lw	gp,40(sp)
    3a7c:	afa221a8 	sw	v0,8616(sp)
    3a80:	27a21fb0 	addiu	v0,sp,8112
    3a84:	afa02180 	sw	zero,8576(sp)
    3a88:	afa2217c 	sw	v0,8572(sp)
    3a8c:	8f8280b0 	lw	v0,-32592(gp)
    3a90:	afa2219c 	sw	v0,8604(sp)
    3a94:	8fa221a8 	lw	v0,8616(sp)
    3a98:	8fa32180 	lw	v1,8576(sp)
    3a9c:	0062102a 	slt	v0,v1,v0
    3aa0:	14400068 	bnez	v0,3c44 <main@@Base+0x1904>
    3aa4:	00008825 	move	s1,zero
    3aa8:	24100001 	li	s0,1
    3aac:	03c09025 	move	s2,s8
    3ab0:	8fa20064 	lw	v0,100(sp)
    3ab4:	0222102a 	slt	v0,s1,v0
    3ab8:	1440043e 	bnez	v0,4bb4 <main@@Base+0x2874>
    3abc:	8f9981b4 	lw	t9,-32332(gp)
    3ac0:	00009825 	move	s3,zero
    3ac4:	0320f809 	jalr	t9
    3ac8:	03c0a025 	move	s4,s8
    3acc:	8fbc0028 	lw	gp,40(sp)
    3ad0:	00409025 	move	s2,v0
    3ad4:	00608025 	move	s0,v1
    3ad8:	8fa20064 	lw	v0,100(sp)
    3adc:	0262102a 	slt	v0,s3,v0
    3ae0:	144004a6 	bnez	v0,4d7c <main@@Base+0x2a3c>
    3ae4:	8f9981b4 	lw	t9,-32332(gp)
    3ae8:	0320f809 	jalr	t9
    3aec:	00000000 	nop
    3af0:	00408825 	move	s1,v0
    3af4:	8fbc0028 	lw	gp,40(sp)
    3af8:	3c02000f 	lui	v0,0xf
    3afc:	8fb50064 	lw	s5,100(sp)
    3b00:	00609825 	move	s3,v1
    3b04:	8fa310a8 	lw	v1,4264(sp)
    3b08:	24424240 	addiu	v0,v0,16960
    3b0c:	8f908034 	lw	s0,-32716(gp)
    3b10:	26b5ffff 	addiu	s5,s5,-1
    3b14:	00620018 	mult	v1,v0
    3b18:	8f928038 	lw	s2,-32712(gp)
    3b1c:	261052f0 	addiu	s0,s0,21232
    3b20:	0000b012 	mflo	s6
    3b24:	0000b810 	mfhi	s7
    3b28:	06a104d6 	bgez	s5,4e84 <main@@Base+0x2b44>
    3b2c:	00151080 	sll	v0,s5,0x2
    3b30:	93a21098 	lbu	v0,4248(sp)
    3b34:	1440ffa7 	bnez	v0,39d4 <main@@Base+0x1694>
    3b38:	8fa22168 	lw	v0,8552(sp)
    3b3c:	24420001 	addiu	v0,v0,1
    3b40:	afa22168 	sw	v0,8552(sp)
    3b44:	28420004 	slti	v0,v0,4
    3b48:	1440ffa2 	bnez	v0,39d4 <main@@Base+0x1694>
    3b4c:	8f848038 	lw	a0,-32712(gp)
    3b50:	8f9982e4 	lw	t9,-32028(gp)
    3b54:	0320f809 	jalr	t9
    3b58:	248464f4 	addiu	a0,a0,25844
    3b5c:	8fbc0028 	lw	gp,40(sp)
    3b60:	afa21080 	sw	v0,4224(sp)
    3b64:	1040ff9b 	beqz	v0,39d4 <main@@Base+0x1694>
    3b68:	afa02168 	sw	zero,8552(sp)
    3b6c:	8f9982c8 	lw	t9,-32056(gp)
    3b70:	0320f809 	jalr	t9
    3b74:	00402025 	move	a0,v0
    3b78:	27a41380 	addiu	a0,sp,4992
    3b7c:	8fbc0028 	lw	gp,40(sp)
    3b80:	0000000f 	sync
    3b84:	8c43001c 	lw	v1,28(v0)
    3b88:	afa31084 	sw	v1,4228(sp)
    3b8c:	0000000f 	sync
    3b90:	8f998398 	lw	t9,-31848(gp)
    3b94:	0000000f 	sync
    3b98:	8c430028 	lw	v1,40(v0)
    3b9c:	afa31088 	sw	v1,4232(sp)
    3ba0:	0000000f 	sync
    3ba4:	90420030 	lbu	v0,48(v0)
    3ba8:	0000000f 	sync
    3bac:	afa2108c 	sw	v0,4236(sp)
    3bb0:	0000000f 	sync
    3bb4:	0320f809 	jalr	t9
    3bb8:	00000000 	nop
    3bbc:	3c050002 	lui	a1,0x2
    3bc0:	8fbc0028 	lw	gp,40(sp)
    3bc4:	8f998140 	lw	t9,-32448(gp)
    3bc8:	0320f809 	jalr	t9
    3bcc:	27a41380 	addiu	a0,sp,4992
    3bd0:	27a51380 	addiu	a1,sp,4992
    3bd4:	8fbc0028 	lw	gp,40(sp)
    3bd8:	27a70030 	addiu	a3,sp,48
    3bdc:	27a42160 	addiu	a0,sp,8544
    3be0:	8f868034 	lw	a2,-32716(gp)
    3be4:	8f9982c0 	lw	t9,-32064(gp)
    3be8:	0320f809 	jalr	t9
    3bec:	24c66350 	addiu	a2,a2,25424
    3bf0:	8fbc0028 	lw	gp,40(sp)
    3bf4:	8f998224 	lw	t9,-32220(gp)
    3bf8:	144004e7 	bnez	v0,4f98 <main@@Base+0x2c58>
    3bfc:	8f858038 	lw	a1,-32712(gp)
    3c00:	8f878038 	lw	a3,-32712(gp)
    3c04:	24020001 	li	v0,1
    3c08:	24060369 	li	a2,873
    3c0c:	24a55e5c 	addiu	a1,a1,24156
    3c10:	a3a21098 	sb	v0,4248(sp)
    3c14:	24e772b4 	addiu	a3,a3,29364
    3c18:	0320f809 	jalr	t9
    3c1c:	24040003 	li	a0,3
    3c20:	8fa22190 	lw	v0,8592(sp)
    3c24:	8fbc0028 	lw	gp,40(sp)
    3c28:	afa22174 	sw	v0,8564(sp)
    3c2c:	8f998268 	lw	t9,-32152(gp)
    3c30:	0320f809 	jalr	t9
    3c34:	27a41380 	addiu	a0,sp,4992
    3c38:	8fbc0028 	lw	gp,40(sp)
    3c3c:	1000ff65 	b	39d4 <main@@Base+0x1694>
    3c40:	afa02168 	sw	zero,8552(sp)
    3c44:	8fa2217c 	lw	v0,8572(sp)
    3c48:	8c510008 	lw	s1,8(v0)
    3c4c:	8fa20030 	lw	v0,48(sp)
    3c50:	16220190 	bne	s1,v0,4294 <main@@Base+0x1f54>
    3c54:	8f99822c 	lw	t9,-32212(gp)
    3c58:	24020080 	li	v0,128
    3c5c:	3c070008 	lui	a3,0x8
    3c60:	27a62128 	addiu	a2,sp,8488
    3c64:	afa22128 	sw	v0,8488(sp)
    3c68:	27a51380 	addiu	a1,sp,4992
    3c6c:	0320f809 	jalr	t9
    3c70:	02202025 	move	a0,s1
    3c74:	8fbc0028 	lw	gp,40(sp)
    3c78:	04400036 	bltz	v0,3d54 <main@@Base+0x1a14>
    3c7c:	00408825 	move	s1,v0
    3c80:	8f998180 	lw	t9,-32384(gp)
    3c84:	24020001 	li	v0,1
    3c88:	24100004 	li	s0,4
    3c8c:	27a72120 	addiu	a3,sp,8480
    3c90:	afa22120 	sw	v0,8480(sp)
    3c94:	24060001 	li	a2,1
    3c98:	afb00010 	sw	s0,16(sp)
    3c9c:	24050006 	li	a1,6
    3ca0:	0320f809 	jalr	t9
    3ca4:	02202025 	move	a0,s1
    3ca8:	27a720f4 	addiu	a3,sp,8436
    3cac:	8fbc0028 	lw	gp,40(sp)
    3cb0:	24061001 	li	a2,4097
    3cb4:	8fa210ac 	lw	v0,4268(sp)
    3cb8:	3405ffff 	li	a1,0xffff
    3cbc:	afb00010 	sw	s0,16(sp)
    3cc0:	02202025 	move	a0,s1
    3cc4:	8f998180 	lw	t9,-32384(gp)
    3cc8:	0320f809 	jalr	t9
    3ccc:	afa220f4 	sw	v0,8436(sp)
    3cd0:	10400027 	beqz	v0,3d70 <main@@Base+0x1a30>
    3cd4:	8fbc0028 	lw	gp,40(sp)
    3cd8:	8f998184 	lw	t9,-32380(gp)
    3cdc:	0320f809 	jalr	t9
    3ce0:	8fb020f4 	lw	s0,8436(sp)
    3ce4:	8fbc0028 	lw	gp,40(sp)
    3ce8:	8f99813c 	lw	t9,-32452(gp)
    3cec:	0320f809 	jalr	t9
    3cf0:	8c440000 	lw	a0,0(v0)
    3cf4:	240600d6 	li	a2,214
    3cf8:	8fbc0028 	lw	gp,40(sp)
    3cfc:	24040002 	li	a0,2
    3d00:	afa20014 	sw	v0,20(sp)
    3d04:	afb00010 	sw	s0,16(sp)
    3d08:	8f878038 	lw	a3,-32712(gp)
    3d0c:	8f858038 	lw	a1,-32712(gp)
    3d10:	24e77114 	addiu	a3,a3,28948
    3d14:	24a55e5c 	addiu	a1,a1,24156
    3d18:	8f998224 	lw	t9,-32220(gp)
    3d1c:	0320f809 	jalr	t9
    3d20:	00000000 	nop
    3d24:	8fbc0028 	lw	gp,40(sp)
    3d28:	8f9981c4 	lw	t9,-32316(gp)
    3d2c:	240516f8 	li	a1,5880
    3d30:	0320f809 	jalr	t9
    3d34:	24040001 	li	a0,1
    3d38:	8fbc0028 	lw	gp,40(sp)
    3d3c:	14400023 	bnez	v0,3dcc <main@@Base+0x1a8c>
    3d40:	00408025 	move	s0,v0
    3d44:	8f9981d8 	lw	t9,-32296(gp)
    3d48:	0320f809 	jalr	t9
    3d4c:	02202025 	move	a0,s1
    3d50:	8fbc0028 	lw	gp,40(sp)
    3d54:	8fa22180 	lw	v0,8576(sp)
    3d58:	24420001 	addiu	v0,v0,1
    3d5c:	afa22180 	sw	v0,8576(sp)
    3d60:	8fa2217c 	lw	v0,8572(sp)
    3d64:	24420010 	addiu	v0,v0,16
    3d68:	1000ff4a 	b	3a94 <main@@Base+0x1754>
    3d6c:	afa2217c 	sw	v0,8572(sp)
    3d70:	8f9981b8 	lw	t9,-32328(gp)
    3d74:	27a21b80 	addiu	v0,sp,7040
    3d78:	27a71da8 	addiu	a3,sp,7592
    3d7c:	afa01da8 	sw	zero,7592(sp)
    3d80:	24061001 	li	a2,4097
    3d84:	afb01b80 	sw	s0,7040(sp)
    3d88:	3405ffff 	li	a1,0xffff
    3d8c:	afa20010 	sw	v0,16(sp)
    3d90:	0320f809 	jalr	t9
    3d94:	02202025 	move	a0,s1
    3d98:	1440ffe3 	bnez	v0,3d28 <main@@Base+0x19e8>
    3d9c:	8fbc0028 	lw	gp,40(sp)
    3da0:	8fa21da8 	lw	v0,7592(sp)
    3da4:	240600db 	li	a2,219
    3da8:	8f878038 	lw	a3,-32712(gp)
    3dac:	24040004 	li	a0,4
    3db0:	8f858038 	lw	a1,-32712(gp)
    3db4:	afa20014 	sw	v0,20(sp)
    3db8:	8fa220f4 	lw	v0,8436(sp)
    3dbc:	24e7713c 	addiu	a3,a3,28988
    3dc0:	24a55e5c 	addiu	a1,a1,24156
    3dc4:	1000ffd4 	b	3d18 <main@@Base+0x19d8>
    3dc8:	afa20010 	sw	v0,16(sp)
    3dcc:	27a20030 	addiu	v0,sp,48
    3dd0:	8f998120 	lw	t9,-32480(gp)
    3dd4:	24060080 	li	a2,128
    3dd8:	ae110004 	sw	s1,4(s0)
    3ddc:	ae020000 	sw	v0,0(s0)
    3de0:	2402ffff 	li	v0,-1
    3de4:	27a51380 	addiu	a1,sp,4992
    3de8:	26040008 	addiu	a0,s0,8
    3dec:	ae02013c 	sw	v0,316(s0)
    3df0:	ae020140 	sw	v0,320(s0)
    3df4:	ae020148 	sw	v0,328(s0)
    3df8:	ae02014c 	sw	v0,332(s0)
    3dfc:	ae020154 	sw	v0,340(s0)
    3e00:	ae020158 	sw	v0,344(s0)
    3e04:	0320f809 	jalr	t9
    3e08:	a6020138 	sh	v0,312(s0)
    3e0c:	24020101 	li	v0,257
    3e10:	8fbc0028 	lw	gp,40(sp)
    3e14:	8f9981b4 	lw	t9,-32332(gp)
    3e18:	0320f809 	jalr	t9
    3e1c:	a60200e0 	sh	v0,224(s0)
    3e20:	8fbc0028 	lw	gp,40(sp)
    3e24:	ae021168 	sw	v0,4456(s0)
    3e28:	ae03116c 	sw	v1,4460(s0)
    3e2c:	8fa21378 	lw	v0,4984(sp)
    3e30:	10400047 	beqz	v0,3f50 <main@@Base+0x1c10>
    3e34:	8f9980b4 	lw	t9,-32588(gp)
    3e38:	02202825 	move	a1,s1
    3e3c:	0411372f 	bal	11afc <main@@Base+0xf7bc>
    3e40:	8c440000 	lw	a0,0(v0)
    3e44:	8fbc0028 	lw	gp,40(sp)
    3e48:	1040000b 	beqz	v0,3e78 <main@@Base+0x1b38>
    3e4c:	00409825 	move	s3,v0
    3e50:	8f998310 	lw	t9,-31984(gp)
    3e54:	0320f809 	jalr	t9
    3e58:	24040020 	li	a0,32
    3e5c:	8fbc0028 	lw	gp,40(sp)
    3e60:	14400026 	bnez	v0,3efc <main@@Base+0x1bbc>
    3e64:	00409025 	move	s2,v0
    3e68:	8f9980b8 	lw	t9,-32584(gp)
    3e6c:	0411370e 	bal	11aa8 <main@@Base+0xf768>
    3e70:	02602025 	move	a0,s3
    3e74:	8fbc0028 	lw	gp,40(sp)
    3e78:	8f998034 	lw	t9,-32716(gp)
    3e7c:	27a51b80 	addiu	a1,sp,7040
    3e80:	27a41380 	addiu	a0,sp,4992
    3e84:	27395dfc 	addiu	t9,t9,24060
    3e88:	041107dc 	bal	5dfc <main@@Base+0x3abc>
    3e8c:	ae000088 	sw	zero,136(s0)
    3e90:	27a41380 	addiu	a0,sp,4992
    3e94:	8fbc0028 	lw	gp,40(sp)
    3e98:	8f998034 	lw	t9,-32716(gp)
    3e9c:	273952f0 	addiu	t9,t9,21232
    3ea0:	04110513 	bal	52f0 <main@@Base+0x2fb0>
    3ea4:	00403025 	move	a2,v0
    3ea8:	24040002 	li	a0,2
    3eac:	8fbc0028 	lw	gp,40(sp)
    3eb0:	afa60010 	sw	a2,16(sp)
    3eb4:	240600f8 	li	a2,248
    3eb8:	afa20014 	sw	v0,20(sp)
    3ebc:	8f878038 	lw	a3,-32712(gp)
    3ec0:	8f858038 	lw	a1,-32712(gp)
    3ec4:	8f998224 	lw	t9,-32220(gp)
    3ec8:	24e77164 	addiu	a3,a3,29028
    3ecc:	0320f809 	jalr	t9
    3ed0:	24a55e5c 	addiu	a1,a1,24156
    3ed4:	8fbc0028 	lw	gp,40(sp)
    3ed8:	8f9981d8 	lw	t9,-32296(gp)
    3edc:	0320f809 	jalr	t9
    3ee0:	02202025 	move	a0,s1
    3ee4:	8fbc0028 	lw	gp,40(sp)
    3ee8:	8f998150 	lw	t9,-32432(gp)
    3eec:	0320f809 	jalr	t9
    3ef0:	02002025 	move	a0,s0
    3ef4:	1000ff97 	b	3d54 <main@@Base+0x1a14>
    3ef8:	8fbc0028 	lw	gp,40(sp)
    3efc:	8f998240 	lw	t9,-32192(gp)
    3f00:	27a41b80 	addiu	a0,sp,7040
    3f04:	ac530000 	sw	s3,0(v0)
    3f08:	0320f809 	jalr	t9
    3f0c:	a040001c 	sb	zero,28(v0)
    3f10:	24050001 	li	a1,1
    3f14:	8fbc0028 	lw	gp,40(sp)
    3f18:	8f998290 	lw	t9,-32112(gp)
    3f1c:	0320f809 	jalr	t9
    3f20:	27a41b80 	addiu	a0,sp,7040
    3f24:	27a51b80 	addiu	a1,sp,7040
    3f28:	8fbc0028 	lw	gp,40(sp)
    3f2c:	8f9981ec 	lw	t9,-32276(gp)
    3f30:	0320f809 	jalr	t9
    3f34:	26440004 	addiu	a0,s2,4
    3f38:	8fbc0028 	lw	gp,40(sp)
    3f3c:	8f998288 	lw	t9,-32120(gp)
    3f40:	0320f809 	jalr	t9
    3f44:	27a41b80 	addiu	a0,sp,7040
    3f48:	8fbc0028 	lw	gp,40(sp)
    3f4c:	ae120088 	sw	s2,136(s0)
    3f50:	8f9981d4 	lw	t9,-32300(gp)
    3f54:	24150001 	li	s5,1
    3f58:	8fa40034 	lw	a0,52(sp)
    3f5c:	27a71da8 	addiu	a3,sp,7592
    3f60:	24050001 	li	a1,1
    3f64:	afb51da8 	sw	s5,7592(sp)
    3f68:	afb11db0 	sw	s1,7600(sp)
    3f6c:	0320f809 	jalr	t9
    3f70:	02203025 	move	a2,s1
    3f74:	0441001a 	bgez	v0,3fe0 <main@@Base+0x1ca0>
    3f78:	8fbc0028 	lw	gp,40(sp)
    3f7c:	8f998184 	lw	t9,-32380(gp)
    3f80:	0320f809 	jalr	t9
    3f84:	00000000 	nop
    3f88:	8fbc0028 	lw	gp,40(sp)
    3f8c:	8f99813c 	lw	t9,-32452(gp)
    3f90:	0320f809 	jalr	t9
    3f94:	8c440000 	lw	a0,0(v0)
    3f98:	24060107 	li	a2,263
    3f9c:	8fbc0028 	lw	gp,40(sp)
    3fa0:	24040001 	li	a0,1
    3fa4:	afa20010 	sw	v0,16(sp)
    3fa8:	8f878038 	lw	a3,-32712(gp)
    3fac:	8f858038 	lw	a1,-32712(gp)
    3fb0:	8f998224 	lw	t9,-32220(gp)
    3fb4:	24e77184 	addiu	a3,a3,29060
    3fb8:	0320f809 	jalr	t9
    3fbc:	24a55e5c 	addiu	a1,a1,24156
    3fc0:	8fbc0028 	lw	gp,40(sp)
    3fc4:	8e040088 	lw	a0,136(s0)
    3fc8:	1080ffc3 	beqz	a0,3ed8 <main@@Base+0x1b98>
    3fcc:	8f998064 	lw	t9,-32668(gp)
    3fd0:	04113dfa 	bal	137bc <main@@Base+0x1147c>
    3fd4:	00000000 	nop
    3fd8:	1000ffbf 	b	3ed8 <main@@Base+0x1b98>
    3fdc:	8fbc0028 	lw	gp,40(sp)
    3fe0:	8fa310a4 	lw	v1,4260(sp)
    3fe4:	8fa20064 	lw	v0,100(sp)
    3fe8:	0043102a 	slt	v0,v0,v1
    3fec:	14400013 	bnez	v0,403c <main@@Base+0x1cfc>
    3ff0:	8f9981ec 	lw	t9,-32276(gp)
    3ff4:	8f878038 	lw	a3,-32712(gp)
    3ff8:	24060115 	li	a2,277
    3ffc:	8f858038 	lw	a1,-32712(gp)
    4000:	24040002 	li	a0,2
    4004:	8f998224 	lw	t9,-32220(gp)
    4008:	24e771a0 	addiu	a3,a3,29088
    400c:	afa30010 	sw	v1,16(sp)
    4010:	0320f809 	jalr	t9
    4014:	24a55e5c 	addiu	a1,a1,24156
    4018:	8fbc0028 	lw	gp,40(sp)
    401c:	8fa40034 	lw	a0,52(sp)
    4020:	00003825 	move	a3,zero
    4024:	8f9981d4 	lw	t9,-32300(gp)
    4028:	24050002 	li	a1,2
    402c:	0320f809 	jalr	t9
    4030:	02203025 	move	a2,s1
    4034:	1000ffe3 	b	3fc4 <main@@Base+0x1c84>
    4038:	8fbc0028 	lw	gp,40(sp)
    403c:	26121170 	addiu	s2,s0,4464
    4040:	00002825 	move	a1,zero
    4044:	0320f809 	jalr	t9
    4048:	02402025 	move	a0,s2
    404c:	26141188 	addiu	s4,s0,4488
    4050:	8fbc0028 	lw	gp,40(sp)
    4054:	24060568 	li	a2,1384
    4058:	00002825 	move	a1,zero
    405c:	02802025 	move	a0,s4
    4060:	8f99831c 	lw	t9,-31972(gp)
    4064:	0320f809 	jalr	t9
    4068:	26131694 	addiu	s3,s0,5780
    406c:	00002825 	move	a1,zero
    4070:	8fbc0028 	lw	gp,40(sp)
    4074:	8f9981ec 	lw	t9,-32276(gp)
    4078:	0320f809 	jalr	t9
    407c:	02602025 	move	a0,s3
    4080:	1440000b 	bnez	v0,40b0 <main@@Base+0x1d70>
    4084:	8fbc0028 	lw	gp,40(sp)
    4088:	8f99835c 	lw	t9,-31908(gp)
    408c:	00002825 	move	a1,zero
    4090:	0320f809 	jalr	t9
    4094:	260416b0 	addiu	a0,s0,5808
    4098:	1040000a 	beqz	v0,40c4 <main@@Base+0x1d84>
    409c:	8fbc0028 	lw	gp,40(sp)
    40a0:	8f99824c 	lw	t9,-32180(gp)
    40a4:	0320f809 	jalr	t9
    40a8:	02602025 	move	a0,s3
    40ac:	8fbc0028 	lw	gp,40(sp)
    40b0:	8f99824c 	lw	t9,-32180(gp)
    40b4:	0320f809 	jalr	t9
    40b8:	02402025 	move	a0,s2
    40bc:	1000ffd7 	b	401c <main@@Base+0x1cdc>
    40c0:	8fbc0028 	lw	gp,40(sp)
    40c4:	8f998398 	lw	t9,-31848(gp)
    40c8:	0320f809 	jalr	t9
    40cc:	27a41b80 	addiu	a0,sp,7040
    40d0:	3c050002 	lui	a1,0x2
    40d4:	8fbc0028 	lw	gp,40(sp)
    40d8:	8f998140 	lw	t9,-32448(gp)
    40dc:	0320f809 	jalr	t9
    40e0:	27a41b80 	addiu	a0,sp,7040
    40e4:	27a51b80 	addiu	a1,sp,7040
    40e8:	8fbc0028 	lw	gp,40(sp)
    40ec:	260416f0 	addiu	a0,s0,5872
    40f0:	02003825 	move	a3,s0
    40f4:	8f868038 	lw	a2,-32712(gp)
    40f8:	8f9982c0 	lw	t9,-32064(gp)
    40fc:	0320f809 	jalr	t9
    4100:	24c6bfcc 	addiu	a2,a2,-16436
    4104:	27a41b80 	addiu	a0,sp,7040
    4108:	8fbc0028 	lw	gp,40(sp)
    410c:	8f998268 	lw	t9,-32152(gp)
    4110:	0320f809 	jalr	t9
    4114:	0040b025 	move	s6,v0
    4118:	12c00007 	beqz	s6,4138 <main@@Base+0x1df8>
    411c:	8fbc0028 	lw	gp,40(sp)
    4120:	8f998038 	lw	t9,-32712(gp)
    4124:	27398d6c 	addiu	t9,t9,-29332
    4128:	04111310 	bal	8d6c <main@@Base+0x6a2c>
    412c:	02802025 	move	a0,s4
    4130:	1000ffdf 	b	40b0 <main@@Base+0x1d70>
    4134:	8fbc0028 	lw	gp,40(sp)
    4138:	8f998160 	lw	t9,-32416(gp)
    413c:	27a40068 	addiu	a0,sp,104
    4140:	0320f809 	jalr	t9
    4144:	a21516f4 	sb	s5,5876(s0)
    4148:	8fbc0028 	lw	gp,40(sp)
    414c:	8fa20064 	lw	v0,100(sp)
    4150:	8fa310a4 	lw	v1,4260(sp)
    4154:	8f968038 	lw	s6,-32712(gp)
    4158:	0043182a 	slt	v1,v0,v1
    415c:	14600021 	bnez	v1,41e4 <main@@Base+0x1ea4>
    4160:	8f998178 	lw	t9,-32392(gp)
    4164:	0320f809 	jalr	t9
    4168:	27a40068 	addiu	a0,sp,104
    416c:	24060132 	li	a2,306
    4170:	8fbc0028 	lw	gp,40(sp)
    4174:	26c55e5c 	addiu	a1,s6,24156
    4178:	8fa210a4 	lw	v0,4260(sp)
    417c:	24040002 	li	a0,2
    4180:	8f878038 	lw	a3,-32712(gp)
    4184:	8f998224 	lw	t9,-32220(gp)
    4188:	afa20010 	sw	v0,16(sp)
    418c:	0320f809 	jalr	t9
    4190:	24e771a0 	addiu	a3,a3,29088
    4194:	8fbc0028 	lw	gp,40(sp)
    4198:	8f998160 	lw	t9,-32416(gp)
    419c:	0320f809 	jalr	t9
    41a0:	02602025 	move	a0,s3
    41a4:	260416b0 	addiu	a0,s0,5808
    41a8:	8fbc0028 	lw	gp,40(sp)
    41ac:	8f998164 	lw	t9,-32412(gp)
    41b0:	0320f809 	jalr	t9
    41b4:	a21516e0 	sb	s5,5856(s0)
    41b8:	8fbc0028 	lw	gp,40(sp)
    41bc:	8f998178 	lw	t9,-32392(gp)
    41c0:	0320f809 	jalr	t9
    41c4:	02602025 	move	a0,s3
    41c8:	00002825 	move	a1,zero
    41cc:	8fbc0028 	lw	gp,40(sp)
    41d0:	8f9982f4 	lw	t9,-32012(gp)
    41d4:	0320f809 	jalr	t9
    41d8:	8e0416f0 	lw	a0,5872(s0)
    41dc:	1000ffd0 	b	4120 <main@@Base+0x1de0>
    41e0:	8fbc0028 	lw	gp,40(sp)
    41e4:	24430001 	addiu	v1,v0,1
    41e8:	24420004 	addiu	v0,v0,4
    41ec:	afa30064 	sw	v1,100(sp)
    41f0:	27a30030 	addiu	v1,sp,48
    41f4:	00021080 	sll	v0,v0,0x2
    41f8:	27a40068 	addiu	a0,sp,104
    41fc:	00621021 	addu	v0,v1,v0
    4200:	0320f809 	jalr	t9
    4204:	ac500004 	sw	s0,4(v0)
    4208:	27a51b80 	addiu	a1,sp,7040
    420c:	8fbc0028 	lw	gp,40(sp)
    4210:	8f998034 	lw	t9,-32716(gp)
    4214:	27395dfc 	addiu	t9,t9,24060
    4218:	041106f8 	bal	5dfc <main@@Base+0x3abc>
    421c:	27a41380 	addiu	a0,sp,4992
    4220:	27a41380 	addiu	a0,sp,4992
    4224:	8fbc0028 	lw	gp,40(sp)
    4228:	8f998034 	lw	t9,-32716(gp)
    422c:	273952f0 	addiu	t9,t9,21232
    4230:	0411042f 	bal	52f0 <main@@Base+0x2fb0>
    4234:	00403025 	move	a2,v0
    4238:	8fbc0028 	lw	gp,40(sp)
    423c:	8e050088 	lw	a1,136(s0)
    4240:	afa60010 	sw	a2,16(sp)
    4244:	2406014d 	li	a2,333
    4248:	afa20014 	sw	v0,20(sp)
    424c:	8f848038 	lw	a0,-32712(gp)
    4250:	8f838038 	lw	v1,-32712(gp)
    4254:	8f878038 	lw	a3,-32712(gp)
    4258:	24846a14 	addiu	a0,a0,27156
    425c:	8f998224 	lw	t9,-32220(gp)
    4260:	24636328 	addiu	v1,v1,25384
    4264:	24e771c4 	addiu	a3,a3,29124
    4268:	0085180b 	movn	v1,a0,a1
    426c:	26c55e5c 	addiu	a1,s6,24156
    4270:	8fa410a4 	lw	a0,4260(sp)
    4274:	afa30018 	sw	v1,24(sp)
    4278:	afa40020 	sw	a0,32(sp)
    427c:	8fa40064 	lw	a0,100(sp)
    4280:	afa4001c 	sw	a0,28(sp)
    4284:	0320f809 	jalr	t9
    4288:	24040003 	li	a0,3
    428c:	1000feb1 	b	3d54 <main@@Base+0x1a14>
    4290:	8fbc0028 	lw	gp,40(sp)
    4294:	8fa22188 	lw	v0,8584(sp)
    4298:	12220021 	beq	s1,v0,4320 <main@@Base+0x1fe0>
    429c:	8fa20064 	lw	v0,100(sp)
    42a0:	00001825 	move	v1,zero
    42a4:	03c02025 	move	a0,s8
    42a8:	0062282a 	slt	a1,v1,v0
    42ac:	14a00023 	bnez	a1,433c <main@@Base+0x1ffc>
    42b0:	00000000 	nop
    42b4:	00001825 	move	v1,zero
    42b8:	03c02025 	move	a0,s8
    42bc:	0062282a 	slt	a1,v1,v0
    42c0:	14a0004b 	bnez	a1,43f0 <main@@Base+0x20b0>
    42c4:	00000000 	nop
    42c8:	00001825 	move	v1,zero
    42cc:	03c02025 	move	a0,s8
    42d0:	0062282a 	slt	a1,v1,v0
    42d4:	14a00054 	bnez	a1,4428 <main@@Base+0x20e8>
    42d8:	8f878038 	lw	a3,-32712(gp)
    42dc:	240602f4 	li	a2,756
    42e0:	8f858038 	lw	a1,-32712(gp)
    42e4:	24040002 	li	a0,2
    42e8:	8f998224 	lw	t9,-32220(gp)
    42ec:	24e772e4 	addiu	a3,a3,29412
    42f0:	afb10010 	sw	s1,16(sp)
    42f4:	0320f809 	jalr	t9
    42f8:	24a55e5c 	addiu	a1,a1,24156
    42fc:	00003825 	move	a3,zero
    4300:	8fbc0028 	lw	gp,40(sp)
    4304:	24050002 	li	a1,2
    4308:	8fa40034 	lw	a0,52(sp)
    430c:	8f9981d4 	lw	t9,-32300(gp)
    4310:	0320f809 	jalr	t9
    4314:	02203025 	move	a2,s1
    4318:	1000fe8e 	b	3d54 <main@@Base+0x1a14>
    431c:	8fbc0028 	lw	gp,40(sp)
    4320:	8f9982a4 	lw	t9,-32092(gp)
    4324:	27a60030 	addiu	a2,sp,48
    4328:	8fa521a0 	lw	a1,8608(sp)
    432c:	0320f809 	jalr	t9
    4330:	8fa40038 	lw	a0,56(sp)
    4334:	1000fe87 	b	3d54 <main@@Base+0x1a14>
    4338:	8fbc0028 	lw	gp,40(sp)
    433c:	8c920014 	lw	s2,20(a0)
    4340:	12400006 	beqz	s2,435c <main@@Base+0x201c>
    4344:	00000000 	nop
    4348:	8e450154 	lw	a1,340(s2)
    434c:	12250351 	beq	s1,a1,5094 <main@@Base+0x2d54>
    4350:	8e500158 	lw	s0,344(s2)
    4354:	1230034f 	beq	s1,s0,5094 <main@@Base+0x2d54>
    4358:	00000000 	nop
    435c:	24630001 	addiu	v1,v1,1
    4360:	1000ffd1 	b	42a8 <main@@Base+0x1f68>
    4364:	24840004 	addiu	a0,a0,4
    4368:	8e420114 	lw	v0,276(s2)
    436c:	10400010 	beqz	v0,43b0 <main@@Base+0x2070>
    4370:	8f9981b4 	lw	t9,-32332(gp)
    4374:	8c540008 	lw	s4,8(v0)
    4378:	1280000d 	beqz	s4,43b0 <main@@Base+0x2070>
    437c:	00000000 	nop
    4380:	0320f809 	jalr	t9
    4384:	00000000 	nop
    4388:	27a61380 	addiu	a2,sp,4992
    438c:	8fb9219c 	lw	t9,8604(sp)
    4390:	02603825 	move	a3,s3
    4394:	afa20010 	sw	v0,16(sp)
    4398:	02002825 	move	a1,s0
    439c:	afa30014 	sw	v1,20(sp)
    43a0:	0320f809 	jalr	t9
    43a4:	02802025 	move	a0,s4
    43a8:	8fbc0028 	lw	gp,40(sp)
    43ac:	8f9981b4 	lw	t9,-32332(gp)
    43b0:	0320f809 	jalr	t9
    43b4:	00000000 	nop
    43b8:	8fbc0028 	lw	gp,40(sp)
    43bc:	ae421168 	sw	v0,4456(s2)
    43c0:	ae43116c 	sw	v1,4460(s2)
    43c4:	8f9982e8 	lw	t9,-32024(gp)
    43c8:	00003825 	move	a3,zero
    43cc:	24060800 	li	a2,2048
    43d0:	27a51380 	addiu	a1,sp,4992
    43d4:	0320f809 	jalr	t9
    43d8:	02202025 	move	a0,s1
    43dc:	8fbc0028 	lw	gp,40(sp)
    43e0:	1c40ffe1 	bgtz	v0,4368 <main@@Base+0x2028>
    43e4:	00409825 	move	s3,v0
    43e8:	1000fe5b 	b	3d58 <main@@Base+0x1a18>
    43ec:	8fa22180 	lw	v0,8576(sp)
    43f0:	8c900014 	lw	s0,20(a0)
    43f4:	12000007 	beqz	s0,4414 <main@@Base+0x20d4>
    43f8:	00000000 	nop
    43fc:	8e050140 	lw	a1,320(s0)
    4400:	1225030b 	beq	s1,a1,5030 <main@@Base+0x2cf0>
    4404:	8f9982e8 	lw	t9,-32024(gp)
    4408:	8e05014c 	lw	a1,332(s0)
    440c:	12250309 	beq	s1,a1,5034 <main@@Base+0x2cf4>
    4410:	00003825 	move	a3,zero
    4414:	24630001 	addiu	v1,v1,1
    4418:	1000ffa8 	b	42bc <main@@Base+0x1f7c>
    441c:	24840004 	addiu	a0,a0,4
    4420:	1000030c 	b	5054 <main@@Base+0x2d14>
    4424:	8e0400a4 	lw	a0,164(s0)
    4428:	8c850014 	lw	a1,20(a0)
    442c:	10a00004 	beqz	a1,4440 <main@@Base+0x2100>
    4430:	00000000 	nop
    4434:	8ca50004 	lw	a1,4(a1)
    4438:	12250011 	beq	s1,a1,4480 <main@@Base+0x2140>
    443c:	00000000 	nop
    4440:	24630001 	addiu	v1,v1,1
    4444:	1000ffa2 	b	42d0 <main@@Base+0x1f90>
    4448:	24840004 	addiu	a0,a0,4
    444c:	8c900014 	lw	s0,20(a0)
    4450:	12000004 	beqz	s0,4464 <main@@Base+0x2124>
    4454:	00000000 	nop
    4458:	8e050004 	lw	a1,4(s0)
    445c:	122502e1 	beq	s1,a1,4fe4 <main@@Base+0x2ca4>
    4460:	24061000 	li	a2,4096
    4464:	24630001 	addiu	v1,v1,1
    4468:	24840004 	addiu	a0,a0,4
    446c:	0062282a 	slt	a1,v1,v0
    4470:	14a0fff6 	bnez	a1,444c <main@@Base+0x210c>
    4474:	00000000 	nop
    4478:	1000fe37 	b	3d58 <main@@Base+0x1a18>
    447c:	8fa22180 	lw	v0,8576(sp)
    4480:	00001825 	move	v1,zero
    4484:	1000fff9 	b	446c <main@@Base+0x212c>
    4488:	03c02025 	move	a0,s8
    448c:	8e120088 	lw	s2,136(s0)
    4490:	00c53023 	subu	a2,a2,a1
    4494:	12400019 	beqz	s2,44fc <main@@Base+0x21bc>
    4498:	02652821 	addu	a1,s3,a1
    449c:	9242001c 	lbu	v0,28(s2)
    44a0:	144002dc 	bnez	v0,5014 <main@@Base+0x2cd4>
    44a4:	8f998160 	lw	t9,-32416(gp)
    44a8:	26440004 	addiu	a0,s2,4
    44ac:	afa6218c 	sw	a2,8588(sp)
    44b0:	0320f809 	jalr	t9
    44b4:	afa52198 	sw	a1,8600(sp)
    44b8:	8fbc0028 	lw	gp,40(sp)
    44bc:	8fa6218c 	lw	a2,8588(sp)
    44c0:	8fa52198 	lw	a1,8600(sp)
    44c4:	8f9980bc 	lw	t9,-32580(gp)
    44c8:	04113621 	bal	11d50 <main@@Base+0xfa10>
    44cc:	8e440000 	lw	a0,0(s2)
    44d0:	26440004 	addiu	a0,s2,4
    44d4:	8fbc0028 	lw	gp,40(sp)
    44d8:	8f998178 	lw	t9,-32392(gp)
    44dc:	0320f809 	jalr	t9
    44e0:	00408825 	move	s1,v0
    44e4:	2402ffff 	li	v0,-1
    44e8:	16220009 	bne	s1,v0,4510 <main@@Base+0x21d0>
    44ec:	8fbc0028 	lw	gp,40(sp)
    44f0:	24020001 	li	v0,1
    44f4:	100002c7 	b	5014 <main@@Base+0x2cd4>
    44f8:	a242001c 	sb	v0,28(s2)
    44fc:	8f9981a8 	lw	t9,-32344(gp)
    4500:	0320f809 	jalr	t9
    4504:	02202025 	move	a0,s1
    4508:	8fbc0028 	lw	gp,40(sp)
    450c:	00408825 	move	s1,v0
    4510:	1a2002c0 	blez	s1,5014 <main@@Base+0x2cd4>
    4514:	24170024 	li	s7,36
    4518:	8e021160 	lw	v0,4448(s0)
    451c:	8f9981b4 	lw	t9,-32332(gp)
    4520:	0260b025 	move	s6,s3
    4524:	00511021 	addu	v0,v0,s1
    4528:	0320f809 	jalr	t9
    452c:	ae021160 	sw	v0,4448(s0)
    4530:	8fbc0028 	lw	gp,40(sp)
    4534:	8e121160 	lw	s2,4448(s0)
    4538:	ae021168 	sw	v0,4456(s0)
    453c:	ae03116c 	sw	v1,4460(s0)
    4540:	8f8280c0 	lw	v0,-32576(gp)
    4544:	afa2218c 	sw	v0,8588(sp)
    4548:	8f8280b0 	lw	v0,-32592(gp)
    454c:	afa22198 	sw	v0,8600(sp)
    4550:	2e420004 	sltiu	v0,s2,4
    4554:	14400004 	bnez	v0,4568 <main@@Base+0x2228>
    4558:	00000000 	nop
    455c:	82c20000 	lb	v0,0(s6)
    4560:	10570112 	beq	v0,s7,49ac <main@@Base+0x266c>
    4564:	00000000 	nop
    4568:	12d3000d 	beq	s6,s3,45a0 <main@@Base+0x2260>
    456c:	02d38823 	subu	s1,s6,s3
    4570:	8e061160 	lw	a2,4448(s0)
    4574:	00d1102b 	sltu	v0,a2,s1
    4578:	1440013e 	bnez	v0,4a74 <main@@Base+0x2734>
    457c:	8f9982f8 	lw	t9,-32008(gp)
    4580:	00d13023 	subu	a2,a2,s1
    4584:	02c02825 	move	a1,s6
    4588:	0320f809 	jalr	t9
    458c:	02602025 	move	a0,s3
    4590:	8e021160 	lw	v0,4448(s0)
    4594:	8fbc0028 	lw	gp,40(sp)
    4598:	00511023 	subu	v0,v0,s1
    459c:	ae021160 	sw	v0,4448(s0)
    45a0:	1240fded 	beqz	s2,3d58 <main@@Base+0x1a18>
    45a4:	8fa22180 	lw	v0,8576(sp)
    45a8:	8f99831c 	lw	t9,-31972(gp)
    45ac:	24060224 	li	a2,548
    45b0:	00002825 	move	a1,zero
    45b4:	0320f809 	jalr	t9
    45b8:	27a41380 	addiu	a0,sp,4992
    45bc:	24060200 	li	a2,512
    45c0:	8fbc0028 	lw	gp,40(sp)
    45c4:	00002825 	move	a1,zero
    45c8:	8f99831c 	lw	t9,-31972(gp)
    45cc:	0320f809 	jalr	t9
    45d0:	27a41da8 	addiu	a0,sp,7592
    45d4:	24060204 	li	a2,516
    45d8:	8fbc0028 	lw	gp,40(sp)
    45dc:	27a51da8 	addiu	a1,sp,7592
    45e0:	27a41b80 	addiu	a0,sp,7040
    45e4:	8f998120 	lw	t9,-32480(gp)
    45e8:	0320f809 	jalr	t9
    45ec:	afa01fa8 	sw	zero,8104(sp)
    45f0:	24060204 	li	a2,516
    45f4:	8fbc0028 	lw	gp,40(sp)
    45f8:	27a51b80 	addiu	a1,sp,7040
    45fc:	8f998120 	lw	t9,-32480(gp)
    4600:	0320f809 	jalr	t9
    4604:	27a41394 	addiu	a0,sp,5012
    4608:	24060224 	li	a2,548
    460c:	8fbc0028 	lw	gp,40(sp)
    4610:	27a51380 	addiu	a1,sp,4992
    4614:	27a41b80 	addiu	a0,sp,7040
    4618:	8f998120 	lw	t9,-32480(gp)
    461c:	0320f809 	jalr	t9
    4620:	afa01594 	sw	zero,5524(sp)
    4624:	27a41380 	addiu	a0,sp,4992
    4628:	8fbc0028 	lw	gp,40(sp)
    462c:	02403025 	move	a2,s2
    4630:	8f998034 	lw	t9,-32716(gp)
    4634:	273960dc 	addiu	t9,t9,24796
    4638:	041106a8 	bal	60dc <main@@Base+0x3d9c>
    463c:	02c02825 	move	a1,s6
    4640:	27a51b80 	addiu	a1,sp,7040
    4644:	8fbc0028 	lw	gp,40(sp)
    4648:	27a420f4 	addiu	a0,sp,8436
    464c:	8fa71388 	lw	a3,5000(sp)
    4650:	8fa61380 	lw	a2,4992(sp)
    4654:	8f998038 	lw	t9,-32712(gp)
    4658:	afa62150 	sw	a2,8528(sp)
    465c:	2739f640 	addiu	t9,t9,-2496
    4660:	04112bf7 	bal	f640 <main@@Base+0xd300>
    4664:	afa72154 	sw	a3,8532(sp)
    4668:	8fa220f4 	lw	v0,8436(sp)
    466c:	1440fdb9 	bnez	v0,3d54 <main@@Base+0x1a14>
    4670:	8fbc0028 	lw	gp,40(sp)
    4674:	8fb420f8 	lw	s4,8440(sp)
    4678:	1680fdb6 	bnez	s4,3d54 <main@@Base+0x1a14>
    467c:	00000000 	nop
    4680:	8e170088 	lw	s7,136(s0)
    4684:	16e000fd 	bnez	s7,4a7c <main@@Base+0x273c>
    4688:	8fb520fc 	lw	s5,8444(sp)
    468c:	8f928028 	lw	s2,-32728(gp)
    4690:	26170004 	addiu	s7,s0,4
    4694:	26528fc4 	addiu	s2,s2,-28732
    4698:	8f998160 	lw	t9,-32416(gp)
    469c:	26161170 	addiu	s6,s0,4464
    46a0:	0320f809 	jalr	t9
    46a4:	02c02025 	move	a0,s6
    46a8:	2404021c 	li	a0,540
    46ac:	8fbc0028 	lw	gp,40(sp)
    46b0:	8fa31da0 	lw	v1,7584(sp)
    46b4:	8f998310 	lw	t9,-31984(gp)
    46b8:	0320f809 	jalr	t9
    46bc:	afa3218c 	sw	v1,8588(sp)
    46c0:	24060200 	li	a2,512
    46c4:	8fbc0028 	lw	gp,40(sp)
    46c8:	00002825 	move	a1,zero
    46cc:	8fa3218c 	lw	v1,8588(sp)
    46d0:	27a41da8 	addiu	a0,sp,7592
    46d4:	ac570000 	sw	s7,0(v0)
    46d8:	00408825 	move	s1,v0
    46dc:	ac520004 	sw	s2,4(v0)
    46e0:	8f99831c 	lw	t9,-31972(gp)
    46e4:	0320f809 	jalr	t9
    46e8:	ac430008 	sw	v1,8(v0)
    46ec:	24060204 	li	a2,516
    46f0:	8fbc0028 	lw	gp,40(sp)
    46f4:	27a51da8 	addiu	a1,sp,7592
    46f8:	27a41380 	addiu	a0,sp,4992
    46fc:	8f998120 	lw	t9,-32480(gp)
    4700:	0320f809 	jalr	t9
    4704:	afa01fa8 	sw	zero,8104(sp)
    4708:	24060204 	li	a2,516
    470c:	8fbc0028 	lw	gp,40(sp)
    4710:	27a51380 	addiu	a1,sp,4992
    4714:	8f998120 	lw	t9,-32480(gp)
    4718:	0320f809 	jalr	t9
    471c:	2624000c 	addiu	a0,s1,12
    4720:	27a61b80 	addiu	a2,sp,7040
    4724:	8fbc0028 	lw	gp,40(sp)
    4728:	02202825 	move	a1,s1
    472c:	ae200214 	sw	zero,532(s1)
    4730:	02002025 	move	a0,s0
    4734:	ae200218 	sw	zero,536(s1)
    4738:	8f828038 	lw	v0,-32712(gp)
    473c:	8f998038 	lw	t9,-32712(gp)
    4740:	24426328 	addiu	v0,v0,25384
    4744:	2739de08 	addiu	t9,t9,-8696
    4748:	041125af 	bal	de08 <main@@Base+0xbac8>
    474c:	ae220210 	sw	v0,528(s1)
    4750:	10400036 	beqz	v0,482c <main@@Base+0x24ec>
    4754:	8fbc0028 	lw	gp,40(sp)
    4758:	8fa21b80 	lw	v0,7040(sp)
    475c:	24040005 	li	a0,5
    4760:	8f928034 	lw	s2,-32716(gp)
    4764:	24030008 	li	v1,8
    4768:	afa42134 	sw	a0,8500(sp)
    476c:	27a52140 	addiu	a1,sp,8512
    4770:	afa22148 	sw	v0,8520(sp)
    4774:	8fa21b84 	lw	v0,7044(sp)
    4778:	26526300 	addiu	s2,s2,25344
    477c:	afa42124 	sw	a0,8484(sp)
    4780:	27a42148 	addiu	a0,sp,8520
    4784:	afa3213c 	sw	v1,8508(sp)
    4788:	0240c825 	move	t9,s2
    478c:	afa2214c 	sw	v0,8524(sp)
    4790:	8f828038 	lw	v0,-32712(gp)
    4794:	afa31dac 	sw	v1,7596(sp)
    4798:	24427210 	addiu	v0,v0,29200
    479c:	afa22140 	sw	v0,8512(sp)
    47a0:	24020007 	li	v0,7
    47a4:	afa22144 	sw	v0,8516(sp)
    47a8:	8f828038 	lw	v0,-32712(gp)
    47ac:	24427218 	addiu	v0,v0,29208
    47b0:	afa22138 	sw	v0,8504(sp)
    47b4:	8f828038 	lw	v0,-32712(gp)
    47b8:	24427224 	addiu	v0,v0,29220
    47bc:	afa22130 	sw	v0,8496(sp)
    47c0:	8f828038 	lw	v0,-32712(gp)
    47c4:	2442722c 	addiu	v0,v0,29228
    47c8:	afa22128 	sw	v0,8488(sp)
    47cc:	24020004 	li	v0,4
    47d0:	afa2212c 	sw	v0,8492(sp)
    47d4:	8f828038 	lw	v0,-32712(gp)
    47d8:	24427234 	addiu	v0,v0,29236
    47dc:	afa22120 	sw	v0,8480(sp)
    47e0:	8f828038 	lw	v0,-32712(gp)
    47e4:	2442723c 	addiu	v0,v0,29244
    47e8:	afa21da8 	sw	v0,7592(sp)
    47ec:	8f828038 	lw	v0,-32712(gp)
    47f0:	24427248 	addiu	v0,v0,29256
    47f4:	afa21380 	sw	v0,4992(sp)
    47f8:	2402000d 	li	v0,13
    47fc:	041106c0 	bal	6300 <main@@Base+0x3fc0>
    4800:	afa21384 	sw	v0,4996(sp)
    4804:	104000a0 	beqz	v0,4a88 <main@@Base+0x2748>
    4808:	8fbc0028 	lw	gp,40(sp)
    480c:	8f998034 	lw	t9,-32716(gp)
    4810:	27a61b80 	addiu	a2,sp,7040
    4814:	02202825 	move	a1,s1
    4818:	02002025 	move	a0,s0
    481c:	27396fb4 	addiu	t9,t9,28596
    4820:	0320f809 	jalr	t9
    4824:	00000000 	nop
    4828:	8fbc0028 	lw	gp,40(sp)
    482c:	8f9980c4 	lw	t9,-32572(gp)
    4830:	041131ef 	bal	10ff0 <main@@Base+0xecb0>
    4834:	02202025 	move	a0,s1
    4838:	8fbc0028 	lw	gp,40(sp)
    483c:	8f998178 	lw	t9,-32392(gp)
    4840:	0320f809 	jalr	t9
    4844:	02c02025 	move	a0,s6
    4848:	9202015e 	lbu	v0,350(s0)
    484c:	1040004a 	beqz	v0,4978 <main@@Base+0x2638>
    4850:	8fbc0028 	lw	gp,40(sp)
    4854:	8e040000 	lw	a0,0(s0)
    4858:	8f998160 	lw	t9,-32416(gp)
    485c:	a200015e 	sb	zero,350(s0)
    4860:	0320f809 	jalr	t9
    4864:	24840038 	addiu	a0,a0,56
    4868:	8fbc0028 	lw	gp,40(sp)
    486c:	8f9981b4 	lw	t9,-32332(gp)
    4870:	0320f809 	jalr	t9
    4874:	00000000 	nop
    4878:	2464ffff 	addiu	a0,v1,-1
    487c:	8e05009c 	lw	a1,156(s0)
    4880:	3c03ffc2 	lui	v1,0xffc2
    4884:	8fbc0028 	lw	gp,40(sp)
    4888:	3463f700 	ori	v1,v1,0xf700
    488c:	00431821 	addu	v1,v0,v1
    4890:	0062102b 	sltu	v0,v1,v0
    4894:	00441021 	addu	v0,v0,a0
    4898:	14a00003 	bnez	a1,48a8 <main@@Base+0x2568>
    489c:	8e0400a0 	lw	a0,160(s0)
    48a0:	1080000f 	beqz	a0,48e0 <main@@Base+0x25a0>
    48a4:	00000000 	nop
    48a8:	2c840001 	sltiu	a0,a0,1
    48ac:	a20000ec 	sb	zero,236(s0)
    48b0:	a20400e0 	sb	a0,224(s0)
    48b4:	24040001 	li	a0,1
    48b8:	a2000100 	sb	zero,256(s0)
    48bc:	00002825 	move	a1,zero
    48c0:	0000000f 	sync
    48c4:	a20400b0 	sb	a0,176(s0)
    48c8:	00002025 	move	a0,zero
    48cc:	0000000f 	sync
    48d0:	ae0300a8 	sw	v1,168(s0)
    48d4:	ae0200ac 	sw	v0,172(s0)
    48d8:	ae0400d8 	sw	a0,216(s0)
    48dc:	ae0500dc 	sw	a1,220(s0)
    48e0:	8e0400b8 	lw	a0,184(s0)
    48e4:	10800006 	beqz	a0,4900 <main@@Base+0x25c0>
    48e8:	24040001 	li	a0,1
    48ec:	0000000f 	sync
    48f0:	a20400d0 	sb	a0,208(s0)
    48f4:	0000000f 	sync
    48f8:	ae0300c8 	sw	v1,200(s0)
    48fc:	ae0200cc 	sw	v0,204(s0)
    4900:	8e040000 	lw	a0,0(s0)
    4904:	8f998178 	lw	t9,-32392(gp)
    4908:	0320f809 	jalr	t9
    490c:	24840038 	addiu	a0,a0,56
    4910:	8e02009c 	lw	v0,156(s0)
    4914:	10400018 	beqz	v0,4978 <main@@Base+0x2638>
    4918:	8fbc0028 	lw	gp,40(sp)
    491c:	8e020000 	lw	v0,0(s0)
    4920:	90421083 	lbu	v0,4227(v0)
    4924:	10400014 	beqz	v0,4978 <main@@Base+0x2638>
    4928:	240203e8 	li	v0,1000
    492c:	8f858038 	lw	a1,-32712(gp)
    4930:	8f848038 	lw	a0,-32712(gp)
    4934:	24070080 	li	a3,128
    4938:	8f998128 	lw	t9,-32472(gp)
    493c:	27a61380 	addiu	a2,sp,4992
    4940:	24a57258 	addiu	a1,a1,29272
    4944:	afa20010 	sw	v0,16(sp)
    4948:	0320f809 	jalr	t9
    494c:	24847264 	addiu	a0,a0,29284
    4950:	2406050d 	li	a2,1293
    4954:	8fbc0028 	lw	gp,40(sp)
    4958:	24040004 	li	a0,4
    495c:	8f878038 	lw	a3,-32712(gp)
    4960:	8f858038 	lw	a1,-32712(gp)
    4964:	8f998224 	lw	t9,-32220(gp)
    4968:	24e7727c 	addiu	a3,a3,29308
    496c:	0320f809 	jalr	t9
    4970:	24a55b6c 	addiu	a1,a1,23404
    4974:	8fbc0028 	lw	gp,40(sp)
    4978:	8e061160 	lw	a2,4448(s0)
    497c:	02a6102b 	sltu	v0,s5,a2
    4980:	10400008 	beqz	v0,49a4 <main@@Base+0x2664>
    4984:	8f9982f8 	lw	t9,-32008(gp)
    4988:	00d53023 	subu	a2,a2,s5
    498c:	02752821 	addu	a1,s3,s5
    4990:	0320f809 	jalr	t9
    4994:	02602025 	move	a0,s3
    4998:	8e141160 	lw	s4,4448(s0)
    499c:	8fbc0028 	lw	gp,40(sp)
    49a0:	0295a023 	subu	s4,s4,s5
    49a4:	1000fceb 	b	3d54 <main@@Base+0x1a14>
    49a8:	ae141160 	sw	s4,4448(s0)
    49ac:	92d10003 	lbu	s1,3(s6)
    49b0:	92c20002 	lbu	v0,2(s6)
    49b4:	00118a00 	sll	s1,s1,0x8
    49b8:	02228825 	or	s1,s1,v0
    49bc:	7c1188a0 	wsbh	s1,s1
    49c0:	3231ffff 	andi	s1,s1,0xffff
    49c4:	26340004 	addiu	s4,s1,4
    49c8:	0254102b 	sltu	v0,s2,s4
    49cc:	1440fee6 	bnez	v0,4568 <main@@Base+0x2228>
    49d0:	00000000 	nop
    49d4:	82d50001 	lb	s5,1(s6)
    49d8:	92030138 	lbu	v1,312(s0)
    49dc:	32a200ff 	andi	v0,s5,0xff
    49e0:	14620009 	bne	v1,v0,4a08 <main@@Base+0x26c8>
    49e4:	00000000 	nop
    49e8:	8e0400a4 	lw	a0,164(s0)
    49ec:	10800006 	beqz	a0,4a08 <main@@Base+0x26c8>
    49f0:	8fb9218c 	lw	t9,8588(sp)
    49f4:	26c50004 	addiu	a1,s6,4
    49f8:	0320f809 	jalr	t9
    49fc:	02203025 	move	a2,s1
    4a00:	10000007 	b	4a20 <main@@Base+0x26e0>
    4a04:	8fbc0028 	lw	gp,40(sp)
    4a08:	92030139 	lbu	v1,313(s0)
    4a0c:	14620004 	bne	v1,v0,4a20 <main@@Base+0x26e0>
    4a10:	00000000 	nop
    4a14:	8e0400c4 	lw	a0,196(s0)
    4a18:	1480fff6 	bnez	a0,49f4 <main@@Base+0x26b4>
    4a1c:	8fb9218c 	lw	t9,8588(sp)
    4a20:	8e020114 	lw	v0,276(s0)
    4a24:	10400010 	beqz	v0,4a68 <main@@Base+0x2728>
    4a28:	00000000 	nop
    4a2c:	8c440008 	lw	a0,8(v0)
    4a30:	1080000d 	beqz	a0,4a68 <main@@Base+0x2728>
    4a34:	8f9981b4 	lw	t9,-32332(gp)
    4a38:	0320f809 	jalr	t9
    4a3c:	afa421ac 	sw	a0,8620(sp)
    4a40:	26c60004 	addiu	a2,s6,4
    4a44:	8fa421ac 	lw	a0,8620(sp)
    4a48:	00152827 	nor	a1,zero,s5
    4a4c:	8fb92198 	lw	t9,8600(sp)
    4a50:	02203825 	move	a3,s1
    4a54:	afa20010 	sw	v0,16(sp)
    4a58:	30a50001 	andi	a1,a1,0x1
    4a5c:	0320f809 	jalr	t9
    4a60:	afa30014 	sw	v1,20(sp)
    4a64:	8fbc0028 	lw	gp,40(sp)
    4a68:	02d4b021 	addu	s6,s6,s4
    4a6c:	1000feb8 	b	4550 <main@@Base+0x2210>
    4a70:	02549023 	subu	s2,s2,s4
    4a74:	1000feca 	b	45a0 <main@@Base+0x2260>
    4a78:	ae001160 	sw	zero,4448(s0)
    4a7c:	8f928028 	lw	s2,-32728(gp)
    4a80:	1000ff05 	b	4698 <main@@Base+0x2358>
    4a84:	26528fac 	addiu	s2,s2,-28756
    4a88:	27a52138 	addiu	a1,sp,8504
    4a8c:	0240c825 	move	t9,s2
    4a90:	0411061b 	bal	6300 <main@@Base+0x3fc0>
    4a94:	27a42148 	addiu	a0,sp,8520
    4a98:	10400007 	beqz	v0,4ab8 <main@@Base+0x2778>
    4a9c:	8fbc0028 	lw	gp,40(sp)
    4aa0:	8f998038 	lw	t9,-32712(gp)
    4aa4:	27a61b80 	addiu	a2,sp,7040
    4aa8:	02202825 	move	a1,s1
    4aac:	02002025 	move	a0,s0
    4ab0:	1000ff5b 	b	4820 <main@@Base+0x24e0>
    4ab4:	2739c788 	addiu	t9,t9,-14456
    4ab8:	27a52130 	addiu	a1,sp,8496
    4abc:	0240c825 	move	t9,s2
    4ac0:	0411060f 	bal	6300 <main@@Base+0x3fc0>
    4ac4:	27a42148 	addiu	a0,sp,8520
    4ac8:	10400007 	beqz	v0,4ae8 <main@@Base+0x27a8>
    4acc:	8fbc0028 	lw	gp,40(sp)
    4ad0:	8f998038 	lw	t9,-32712(gp)
    4ad4:	27a61b80 	addiu	a2,sp,7040
    4ad8:	02202825 	move	a1,s1
    4adc:	02002025 	move	a0,s0
    4ae0:	1000ff4f 	b	4820 <main@@Base+0x24e0>
    4ae4:	2739e9b8 	addiu	t9,t9,-5704
    4ae8:	27a52128 	addiu	a1,sp,8488
    4aec:	0240c825 	move	t9,s2
    4af0:	04110603 	bal	6300 <main@@Base+0x3fc0>
    4af4:	27a42148 	addiu	a0,sp,8520
    4af8:	10400007 	beqz	v0,4b18 <main@@Base+0x27d8>
    4afc:	8fbc0028 	lw	gp,40(sp)
    4b00:	8f998034 	lw	t9,-32716(gp)
    4b04:	27a61b80 	addiu	a2,sp,7040
    4b08:	02202825 	move	a1,s1
    4b0c:	02002025 	move	a0,s0
    4b10:	1000ff43 	b	4820 <main@@Base+0x24e0>
    4b14:	27397100 	addiu	t9,t9,28928
    4b18:	27a52120 	addiu	a1,sp,8480
    4b1c:	0240c825 	move	t9,s2
    4b20:	041105f7 	bal	6300 <main@@Base+0x3fc0>
    4b24:	27a42148 	addiu	a0,sp,8520
    4b28:	10400007 	beqz	v0,4b48 <main@@Base+0x2808>
    4b2c:	8fbc0028 	lw	gp,40(sp)
    4b30:	8f998034 	lw	t9,-32716(gp)
    4b34:	27a61b80 	addiu	a2,sp,7040
    4b38:	02202825 	move	a1,s1
    4b3c:	02002025 	move	a0,s0
    4b40:	1000ff37 	b	4820 <main@@Base+0x24e0>
    4b44:	27396f64 	addiu	t9,t9,28516
    4b48:	27a51da8 	addiu	a1,sp,7592
    4b4c:	0240c825 	move	t9,s2
    4b50:	041105eb 	bal	6300 <main@@Base+0x3fc0>
    4b54:	27a42148 	addiu	a0,sp,8520
    4b58:	10400007 	beqz	v0,4b78 <main@@Base+0x2838>
    4b5c:	8fbc0028 	lw	gp,40(sp)
    4b60:	8f998034 	lw	t9,-32716(gp)
    4b64:	27a61b80 	addiu	a2,sp,7040
    4b68:	02202825 	move	a1,s1
    4b6c:	02002025 	move	a0,s0
    4b70:	1000ff2b 	b	4820 <main@@Base+0x24e0>
    4b74:	27397624 	addiu	t9,t9,30244
    4b78:	27a51380 	addiu	a1,sp,4992
    4b7c:	0240c825 	move	t9,s2
    4b80:	041105df 	bal	6300 <main@@Base+0x3fc0>
    4b84:	27a42148 	addiu	a0,sp,8520
    4b88:	27a61b80 	addiu	a2,sp,7040
    4b8c:	8fbc0028 	lw	gp,40(sp)
    4b90:	02202825 	move	a1,s1
    4b94:	10400004 	beqz	v0,4ba8 <main@@Base+0x2868>
    4b98:	02002025 	move	a0,s0
    4b9c:	8f998034 	lw	t9,-32716(gp)
    4ba0:	1000ff1f 	b	4820 <main@@Base+0x24e0>
    4ba4:	27396f9c 	addiu	t9,t9,28572
    4ba8:	8f998034 	lw	t9,-32716(gp)
    4bac:	1000ff1c 	b	4820 <main@@Base+0x24e0>
    4bb0:	27397028 	addiu	t9,t9,28712
    4bb4:	8e530014 	lw	s3,20(s2)
    4bb8:	1260006d 	beqz	s3,4d70 <main@@Base+0x2a30>
    4bbc:	00000000 	nop
    4bc0:	8e740140 	lw	s4,320(s3)
    4bc4:	06800019 	bltz	s4,4c2c <main@@Base+0x28ec>
    4bc8:	00000000 	nop
    4bcc:	92620144 	lbu	v0,324(s3)
    4bd0:	14400016 	bnez	v0,4c2c <main@@Base+0x28ec>
    4bd4:	8f9982fc 	lw	t9,-32004(gp)
    4bd8:	24050003 	li	a1,3
    4bdc:	0320f809 	jalr	t9
    4be0:	02802025 	move	a0,s4
    4be4:	24050004 	li	a1,4
    4be8:	8fbc0028 	lw	gp,40(sp)
    4bec:	34460080 	ori	a2,v0,0x80
    4bf0:	8f9982fc 	lw	t9,-32004(gp)
    4bf4:	0320f809 	jalr	t9
    4bf8:	02802025 	move	a0,s4
    4bfc:	27a71380 	addiu	a3,sp,4992
    4c00:	8fbc0028 	lw	gp,40(sp)
    4c04:	24050001 	li	a1,1
    4c08:	8fa40034 	lw	a0,52(sp)
    4c0c:	afb01380 	sw	s0,4992(sp)
    4c10:	8e660140 	lw	a2,320(s3)
    4c14:	8f9981d4 	lw	t9,-32300(gp)
    4c18:	0320f809 	jalr	t9
    4c1c:	afa61388 	sw	a2,5000(sp)
    4c20:	14400002 	bnez	v0,4c2c <main@@Base+0x28ec>
    4c24:	8fbc0028 	lw	gp,40(sp)
    4c28:	a2700144 	sb	s0,324(s3)
    4c2c:	8e74014c 	lw	s4,332(s3)
    4c30:	06800019 	bltz	s4,4c98 <main@@Base+0x2958>
    4c34:	00000000 	nop
    4c38:	92620150 	lbu	v0,336(s3)
    4c3c:	14400016 	bnez	v0,4c98 <main@@Base+0x2958>
    4c40:	8f9982fc 	lw	t9,-32004(gp)
    4c44:	24050003 	li	a1,3
    4c48:	0320f809 	jalr	t9
    4c4c:	02802025 	move	a0,s4
    4c50:	24050004 	li	a1,4
    4c54:	8fbc0028 	lw	gp,40(sp)
    4c58:	34460080 	ori	a2,v0,0x80
    4c5c:	8f9982fc 	lw	t9,-32004(gp)
    4c60:	0320f809 	jalr	t9
    4c64:	02802025 	move	a0,s4
    4c68:	27a71380 	addiu	a3,sp,4992
    4c6c:	8fbc0028 	lw	gp,40(sp)
    4c70:	24050001 	li	a1,1
    4c74:	8fa40034 	lw	a0,52(sp)
    4c78:	afb01380 	sw	s0,4992(sp)
    4c7c:	8e66014c 	lw	a2,332(s3)
    4c80:	8f9981d4 	lw	t9,-32300(gp)
    4c84:	0320f809 	jalr	t9
    4c88:	afa61388 	sw	a2,5000(sp)
    4c8c:	14400002 	bnez	v0,4c98 <main@@Base+0x2958>
    4c90:	8fbc0028 	lw	gp,40(sp)
    4c94:	a2700150 	sb	s0,336(s3)
    4c98:	8e740154 	lw	s4,340(s3)
    4c9c:	06800019 	bltz	s4,4d04 <main@@Base+0x29c4>
    4ca0:	00000000 	nop
    4ca4:	9262015c 	lbu	v0,348(s3)
    4ca8:	14400016 	bnez	v0,4d04 <main@@Base+0x29c4>
    4cac:	8f9982fc 	lw	t9,-32004(gp)
    4cb0:	24050003 	li	a1,3
    4cb4:	0320f809 	jalr	t9
    4cb8:	02802025 	move	a0,s4
    4cbc:	24050004 	li	a1,4
    4cc0:	8fbc0028 	lw	gp,40(sp)
    4cc4:	34460080 	ori	a2,v0,0x80
    4cc8:	8f9982fc 	lw	t9,-32004(gp)
    4ccc:	0320f809 	jalr	t9
    4cd0:	02802025 	move	a0,s4
    4cd4:	27a71380 	addiu	a3,sp,4992
    4cd8:	8fbc0028 	lw	gp,40(sp)
    4cdc:	24050001 	li	a1,1
    4ce0:	8fa40034 	lw	a0,52(sp)
    4ce4:	afb01380 	sw	s0,4992(sp)
    4ce8:	8e660154 	lw	a2,340(s3)
    4cec:	8f9981d4 	lw	t9,-32300(gp)
    4cf0:	0320f809 	jalr	t9
    4cf4:	afa61388 	sw	a2,5000(sp)
    4cf8:	14400002 	bnez	v0,4d04 <main@@Base+0x29c4>
    4cfc:	8fbc0028 	lw	gp,40(sp)
    4d00:	a270015c 	sb	s0,348(s3)
    4d04:	8e740158 	lw	s4,344(s3)
    4d08:	06800019 	bltz	s4,4d70 <main@@Base+0x2a30>
    4d0c:	00000000 	nop
    4d10:	9262015d 	lbu	v0,349(s3)
    4d14:	14400016 	bnez	v0,4d70 <main@@Base+0x2a30>
    4d18:	8f9982fc 	lw	t9,-32004(gp)
    4d1c:	24050003 	li	a1,3
    4d20:	0320f809 	jalr	t9
    4d24:	02802025 	move	a0,s4
    4d28:	24050004 	li	a1,4
    4d2c:	8fbc0028 	lw	gp,40(sp)
    4d30:	34460080 	ori	a2,v0,0x80
    4d34:	8f9982fc 	lw	t9,-32004(gp)
    4d38:	0320f809 	jalr	t9
    4d3c:	02802025 	move	a0,s4
    4d40:	27a71380 	addiu	a3,sp,4992
    4d44:	8fbc0028 	lw	gp,40(sp)
    4d48:	24050001 	li	a1,1
    4d4c:	8fa40034 	lw	a0,52(sp)
    4d50:	afb01380 	sw	s0,4992(sp)
    4d54:	8e660158 	lw	a2,344(s3)
    4d58:	8f9981d4 	lw	t9,-32300(gp)
    4d5c:	0320f809 	jalr	t9
    4d60:	afa61388 	sw	a2,5000(sp)
    4d64:	14400002 	bnez	v0,4d70 <main@@Base+0x2a30>
    4d68:	8fbc0028 	lw	gp,40(sp)
    4d6c:	a270015d 	sb	s0,349(s3)
    4d70:	26310001 	addiu	s1,s1,1
    4d74:	1000fb4e 	b	3ab0 <main@@Base+0x1770>
    4d78:	26520004 	addiu	s2,s2,4
    4d7c:	8e910014 	lw	s1,20(s4)
    4d80:	1220003d 	beqz	s1,4e78 <main@@Base+0x2b38>
    4d84:	00000000 	nop
    4d88:	8e240114 	lw	a0,276(s1)
    4d8c:	1080003a 	beqz	a0,4e78 <main@@Base+0x2b38>
    4d90:	00000000 	nop
    4d94:	92220128 	lbu	v0,296(s1)
    4d98:	10400037 	beqz	v0,4e78 <main@@Base+0x2b38>
    4d9c:	00000000 	nop
    4da0:	8e220130 	lw	v0,304(s1)
    4da4:	8e230134 	lw	v1,308(s1)
    4da8:	02421023 	subu	v0,s2,v0
    4dac:	02031823 	subu	v1,s0,v1
    4db0:	0242282b 	sltu	a1,s2,v0
    4db4:	00651823 	subu	v1,v1,a1
    4db8:	1c600007 	bgtz	v1,4dd8 <main@@Base+0x2a98>
    4dbc:	00000000 	nop
    4dc0:	1460002d 	bnez	v1,4e78 <main@@Base+0x2b38>
    4dc4:	3c03004c 	lui	v1,0x4c
    4dc8:	24634b40 	addiu	v1,v1,19264
    4dcc:	0043102b 	sltu	v0,v0,v1
    4dd0:	14400029 	bnez	v0,4e78 <main@@Base+0x2b38>
    4dd4:	00000000 	nop
    4dd8:	8c840008 	lw	a0,8(a0)
    4ddc:	ae320130 	sw	s2,304(s1)
    4de0:	10800025 	beqz	a0,4e78 <main@@Base+0x2b38>
    4de4:	ae300134 	sw	s0,308(s1)
    4de8:	90820010 	lbu	v0,16(a0)
    4dec:	10400022 	beqz	v0,4e78 <main@@Base+0x2b38>
    4df0:	24020060 	li	v0,96
    4df4:	8e250090 	lw	a1,144(s1)
    4df8:	8f998054 	lw	t9,-32684(gp)
    4dfc:	27b51380 	addiu	s5,sp,4992
    4e00:	afa20014 	sw	v0,20(sp)
    4e04:	3c025253 	lui	v0,0x5253
    4e08:	afb50010 	sw	s5,16(sp)
    4e0c:	02403025 	move	a2,s2
    4e10:	24424452 	addiu	v0,v0,17490
    4e14:	02003825 	move	a3,s0
    4e18:	041137eb 	bal	12dc8 <main@@Base+0x10a88>
    4e1c:	00a22826 	xor	a1,a1,v0
    4e20:	18400015 	blez	v0,4e78 <main@@Base+0x2b38>
    4e24:	8fbc0028 	lw	gp,40(sp)
    4e28:	8f998160 	lw	t9,-32416(gp)
    4e2c:	26241170 	addiu	a0,s1,4464
    4e30:	afb51da8 	sw	s5,7592(sp)
    4e34:	0320f809 	jalr	t9
    4e38:	afa21dac 	sw	v0,7596(sp)
    4e3c:	27a51da8 	addiu	a1,sp,7592
    4e40:	8e220124 	lw	v0,292(s1)
    4e44:	24060001 	li	a2,1
    4e48:	8e240120 	lw	a0,288(s1)
    4e4c:	8c590000 	lw	t9,0(v0)
    4e50:	27a21da8 	addiu	v0,sp,7592
    4e54:	afa21b80 	sw	v0,7040(sp)
    4e58:	24020001 	li	v0,1
    4e5c:	0320f809 	jalr	t9
    4e60:	afa21b84 	sw	v0,7044(sp)
    4e64:	8fbc0028 	lw	gp,40(sp)
    4e68:	8f998178 	lw	t9,-32392(gp)
    4e6c:	0320f809 	jalr	t9
    4e70:	26241170 	addiu	a0,s1,4464
    4e74:	8fbc0028 	lw	gp,40(sp)
    4e78:	26730001 	addiu	s3,s3,1
    4e7c:	1000fb16 	b	3ad8 <main@@Base+0x1798>
    4e80:	26940004 	addiu	s4,s4,4
    4e84:	27a30030 	addiu	v1,sp,48
    4e88:	00621021 	addu	v0,v1,v0
    4e8c:	8c540014 	lw	s4,20(v0)
    4e90:	1280003f 	beqz	s4,4f90 <main@@Base+0x2c50>
    4e94:	00000000 	nop
    4e98:	0000000f 	sync
    4e9c:	928300b0 	lbu	v1,176(s4)
    4ea0:	24020001 	li	v0,1
    4ea4:	0000000f 	sync
    4ea8:	306300ff 	andi	v1,v1,0xff
    4eac:	14600005 	bnez	v1,4ec4 <main@@Base+0x2b84>
    4eb0:	00000000 	nop
    4eb4:	0000000f 	sync
    4eb8:	928200d0 	lbu	v0,208(s4)
    4ebc:	0000000f 	sync
    4ec0:	304200ff 	andi	v0,v0,0xff
    4ec4:	8e83013c 	lw	v1,316(s4)
    4ec8:	04610008 	bgez	v1,4eec <main@@Base+0x2bac>
    4ecc:	00000000 	nop
    4ed0:	8e830148 	lw	v1,328(s4)
    4ed4:	04610005 	bgez	v1,4eec <main@@Base+0x2bac>
    4ed8:	00000000 	nop
    4edc:	10400003 	beqz	v0,4eec <main@@Base+0x2bac>
    4ee0:	8e830154 	lw	v1,340(s4)
    4ee4:	0460002a 	bltz	v1,4f90 <main@@Base+0x2c50>
    4ee8:	00000000 	nop
    4eec:	8e821168 	lw	v0,4456(s4)
    4ef0:	8e83116c 	lw	v1,4460(s4)
    4ef4:	02221023 	subu	v0,s1,v0
    4ef8:	02631823 	subu	v1,s3,v1
    4efc:	0222202b 	sltu	a0,s1,v0
    4f00:	00641823 	subu	v1,v1,a0
    4f04:	02e3202a 	slt	a0,s7,v1
    4f08:	14800005 	bnez	a0,4f20 <main@@Base+0x2be0>
    4f0c:	00000000 	nop
    4f10:	1477001f 	bne	v1,s7,4f90 <main@@Base+0x2c50>
    4f14:	02c2102b 	sltu	v0,s6,v0
    4f18:	1040001d 	beqz	v0,4f90 <main@@Base+0x2c50>
    4f1c:	00000000 	nop
    4f20:	26840008 	addiu	a0,s4,8
    4f24:	8fb921a4 	lw	t9,8612(sp)
    4f28:	27a51380 	addiu	a1,sp,4992
    4f2c:	0320f809 	jalr	t9
    4f30:	afa4217c 	sw	a0,8572(sp)
    4f34:	0200c825 	move	t9,s0
    4f38:	8fa4217c 	lw	a0,8572(sp)
    4f3c:	00403025 	move	a2,v0
    4f40:	041100eb 	bal	52f0 <main@@Base+0x2fb0>
    4f44:	26477298 	addiu	a3,s2,29336
    4f48:	24040002 	li	a0,2
    4f4c:	8fbc0028 	lw	gp,40(sp)
    4f50:	8fa310a8 	lw	v1,4264(sp)
    4f54:	afa60010 	sw	a2,16(sp)
    4f58:	24060351 	li	a2,849
    4f5c:	afa20014 	sw	v0,20(sp)
    4f60:	afa30018 	sw	v1,24(sp)
    4f64:	8f858038 	lw	a1,-32712(gp)
    4f68:	8f998224 	lw	t9,-32220(gp)
    4f6c:	0320f809 	jalr	t9
    4f70:	24a55e5c 	addiu	a1,a1,24156
    4f74:	27a40030 	addiu	a0,sp,48
    4f78:	8fbc0028 	lw	gp,40(sp)
    4f7c:	8f998038 	lw	t9,-32712(gp)
    4f80:	27398e80 	addiu	t9,t9,-29056
    4f84:	04110fbe 	bal	8e80 <main@@Base+0x6b40>
    4f88:	02802825 	move	a1,s4
    4f8c:	8fbc0028 	lw	gp,40(sp)
    4f90:	1000fae5 	b	3b28 <main@@Base+0x17e8>
    4f94:	26b5ffff 	addiu	s5,s5,-1
    4f98:	8f878038 	lw	a3,-32712(gp)
    4f9c:	2406036b 	li	a2,875
    4fa0:	24a55e5c 	addiu	a1,a1,24156
    4fa4:	24040001 	li	a0,1
    4fa8:	0320f809 	jalr	t9
    4fac:	24e770f0 	addiu	a3,a3,28912
    4fb0:	8fbc0028 	lw	gp,40(sp)
    4fb4:	8f9982d4 	lw	t9,-32044(gp)
    4fb8:	0320f809 	jalr	t9
    4fbc:	8fa41080 	lw	a0,4224(sp)
    4fc0:	8fbc0028 	lw	gp,40(sp)
    4fc4:	1000fb19 	b	3c2c <main@@Base+0x18ec>
    4fc8:	afa01080 	sw	zero,4224(sp)
    4fcc:	10a0f87e 	beqz	a1,31c8 <main@@Base+0xe88>
    4fd0:	0200c825 	move	t9,s0
    4fd4:	04110faa 	bal	8e80 <main@@Base+0x6b40>
    4fd8:	03c02025 	move	a0,s8
    4fdc:	1000f87a 	b	31c8 <main@@Base+0xe88>
    4fe0:	8fbc0028 	lw	gp,40(sp)
    4fe4:	8e051160 	lw	a1,4448(s0)
    4fe8:	14a6fd28 	bne	a1,a2,448c <main@@Base+0x214c>
    4fec:	2613015f 	addiu	s3,s0,351
    4ff0:	8f878038 	lw	a3,-32712(gp)
    4ff4:	24060160 	li	a2,352
    4ff8:	8f858038 	lw	a1,-32712(gp)
    4ffc:	24040002 	li	a0,2
    5000:	8f998224 	lw	t9,-32220(gp)
    5004:	24e771e8 	addiu	a3,a3,29160
    5008:	0320f809 	jalr	t9
    500c:	24a55e5c 	addiu	a1,a1,24156
    5010:	8fbc0028 	lw	gp,40(sp)
    5014:	8f998038 	lw	t9,-32712(gp)
    5018:	27a40030 	addiu	a0,sp,48
    501c:	27398e80 	addiu	t9,t9,-29056
    5020:	04110f97 	bal	8e80 <main@@Base+0x6b40>
    5024:	02002825 	move	a1,s0
    5028:	1000fb4a 	b	3d54 <main@@Base+0x1a14>
    502c:	8fbc0028 	lw	gp,40(sp)
    5030:	00003825 	move	a3,zero
    5034:	24060200 	li	a2,512
    5038:	27a51380 	addiu	a1,sp,4992
    503c:	0320f809 	jalr	t9
    5040:	02202025 	move	a0,s1
    5044:	8e03014c 	lw	v1,332(s0)
    5048:	1623fcf5 	bne	s1,v1,4420 <main@@Base+0x20e0>
    504c:	8fbc0028 	lw	gp,40(sp)
    5050:	8e0400c4 	lw	a0,196(s0)
    5054:	1840fb3f 	blez	v0,3d54 <main@@Base+0x1a14>
    5058:	00000000 	nop
    505c:	10800006 	beqz	a0,5078 <main@@Base+0x2d38>
    5060:	00000000 	nop
    5064:	8f9980c0 	lw	t9,-32576(gp)
    5068:	27a51380 	addiu	a1,sp,4992
    506c:	0411361c 	bal	128e0 <main@@Base+0x105a0>
    5070:	00403025 	move	a2,v0
    5074:	8fbc0028 	lw	gp,40(sp)
    5078:	8f9981b4 	lw	t9,-32332(gp)
    507c:	0320f809 	jalr	t9
    5080:	00000000 	nop
    5084:	8fbc0028 	lw	gp,40(sp)
    5088:	ae021168 	sw	v0,4456(s0)
    508c:	1000fb31 	b	3d54 <main@@Base+0x1a14>
    5090:	ae03116c 	sw	v1,4460(s0)
    5094:	02118026 	xor	s0,s0,s1
    5098:	1000fcca 	b	43c4 <main@@Base+0x2084>
    509c:	0010802b 	sltu	s0,zero,s0
    50a0:	240600bf 	li	a2,191
    50a4:	afb00014 	sw	s0,20(sp)
    50a8:	afb40010 	sw	s4,16(sp)
    50ac:	1000f5ea 	b	2858 <main@@Base+0x518>
    50b0:	24e77384 	addiu	a3,a3,29572
	...
    50c0:	03e00025 	move	zero,ra
    50c4:	04110001 	bal	50cc <main@@Base+0x2d8c>
    50c8:	00000000 	nop
    50cc:	3c1c0002 	lui	gp,0x2
    50d0:	279cbf34 	addiu	gp,gp,-16588
    50d4:	039fe021 	addu	gp,gp,ra
    50d8:	0000f825 	move	ra,zero
    50dc:	8f848018 	lw	a0,-32744(gp)
    50e0:	8fa50000 	lw	a1,0(sp)
    50e4:	27a60004 	addiu	a2,sp,4
    50e8:	2401fff8 	li	at,-8
    50ec:	03a1e824 	and	sp,sp,at
    50f0:	27bdffe0 	addiu	sp,sp,-32
    50f4:	8f87801c 	lw	a3,-32740(gp)
    50f8:	8f888020 	lw	t0,-32736(gp)
    50fc:	afa80010 	sw	t0,16(sp)
    5100:	afa20014 	sw	v0,20(sp)
    5104:	afbd0018 	sw	sp,24(sp)
    5108:	8f998368 	lw	t9,-31896(gp)
    510c:	0320f809 	jalr	t9
    5110:	00000000 	nop
    5114:	1000ffff 	b	5114 <main@@Base+0x2dd4>
    5118:	00000000 	nop
    511c:	00000000 	nop
    5120:	3c1c0002 	lui	gp,0x2
    5124:	279cbee0 	addiu	gp,gp,-16672
    5128:	0399e021 	addu	gp,gp,t9
    512c:	8f848028 	lw	a0,-32728(gp)
    5130:	8f828024 	lw	v0,-32732(gp)
    5134:	24849010 	addiu	a0,a0,-28656
    5138:	10440005 	beq	v0,a0,5150 <main@@Base+0x2e10>
    513c:	8f9982b8 	lw	t9,-32072(gp)
    5140:	13200003 	beqz	t9,5150 <main@@Base+0x2e10>
    5144:	00000000 	nop
    5148:	03200008 	jr	t9
    514c:	00000000 	nop
    5150:	03e00008 	jr	ra
    5154:	00000000 	nop
    5158:	3c1c0002 	lui	gp,0x2
    515c:	279cbea8 	addiu	gp,gp,-16728
    5160:	0399e021 	addu	gp,gp,t9
    5164:	8f848028 	lw	a0,-32728(gp)
    5168:	8f858024 	lw	a1,-32732(gp)
    516c:	24849010 	addiu	a0,a0,-28656
    5170:	00a42823 	subu	a1,a1,a0
    5174:	00051083 	sra	v0,a1,0x2
    5178:	00052fc2 	srl	a1,a1,0x1f
    517c:	00a22821 	addu	a1,a1,v0
    5180:	00052843 	sra	a1,a1,0x1
    5184:	10a00005 	beqz	a1,519c <main@@Base+0x2e5c>
    5188:	8f9981cc 	lw	t9,-32308(gp)
    518c:	13200003 	beqz	t9,519c <main@@Base+0x2e5c>
    5190:	00000000 	nop
    5194:	03200008 	jr	t9
    5198:	00000000 	nop
    519c:	03e00008 	jr	ra
    51a0:	00000000 	nop
    51a4:	3c1c0002 	lui	gp,0x2
    51a8:	279cbe5c 	addiu	gp,gp,-16804
    51ac:	0399e021 	addu	gp,gp,t9
    51b0:	27bdffd0 	addiu	sp,sp,-48
    51b4:	afb10020 	sw	s1,32(sp)
    51b8:	8f918028 	lw	s1,-32728(gp)
    51bc:	afbc0010 	sw	gp,16(sp)
    51c0:	afbf002c 	sw	ra,44(sp)
    51c4:	afb30028 	sw	s3,40(sp)
    51c8:	afb20024 	sw	s2,36(sp)
    51cc:	afb0001c 	sw	s0,28(sp)
    51d0:	922293b0 	lbu	v0,-27728(s1)
    51d4:	1440001f 	bnez	v0,5254 <main@@Base+0x2f14>
    51d8:	8f828210 	lw	v0,-32240(gp)
    51dc:	10400005 	beqz	v0,51f4 <main@@Base+0x2eb4>
    51e0:	8f82802c 	lw	v0,-32724(gp)
    51e4:	8f998210 	lw	t9,-32240(gp)
    51e8:	0320f809 	jalr	t9
    51ec:	8c440000 	lw	a0,0(v0)
    51f0:	8fbc0010 	lw	gp,16(sp)
    51f4:	8f828028 	lw	v0,-32728(gp)
    51f8:	8f908030 	lw	s0,-32720(gp)
    51fc:	8f938028 	lw	s3,-32728(gp)
    5200:	24528ea8 	addiu	s2,v0,-29016
    5204:	24428ea8 	addiu	v0,v0,-29016
    5208:	02028023 	subu	s0,s0,v0
    520c:	00108083 	sra	s0,s0,0x2
    5210:	2610ffff 	addiu	s0,s0,-1
    5214:	8e6293b4 	lw	v0,-27724(s3)
    5218:	0050182b 	sltu	v1,v0,s0
    521c:	14600014 	bnez	v1,5270 <main@@Base+0x2f30>
    5220:	8f998034 	lw	t9,-32716(gp)
    5224:	27395120 	addiu	t9,t9,20768
    5228:	0411ffbd 	bal	5120 <main@@Base+0x2de0>
    522c:	00000000 	nop
    5230:	8fbc0010 	lw	gp,16(sp)
    5234:	8f828344 	lw	v0,-31932(gp)
    5238:	10400004 	beqz	v0,524c <main@@Base+0x2f0c>
    523c:	8f998344 	lw	t9,-31932(gp)
    5240:	8f848038 	lw	a0,-32712(gp)
    5244:	0320f809 	jalr	t9
    5248:	248477ac 	addiu	a0,a0,30636
    524c:	24020001 	li	v0,1
    5250:	a22293b0 	sb	v0,-27728(s1)
    5254:	8fbf002c 	lw	ra,44(sp)
    5258:	8fb30028 	lw	s3,40(sp)
    525c:	8fb20024 	lw	s2,36(sp)
    5260:	8fb10020 	lw	s1,32(sp)
    5264:	8fb0001c 	lw	s0,28(sp)
    5268:	03e00008 	jr	ra
    526c:	27bd0030 	addiu	sp,sp,48
    5270:	24420001 	addiu	v0,v0,1
    5274:	ae6293b4 	sw	v0,-27724(s3)
    5278:	00021080 	sll	v0,v0,0x2
    527c:	02421021 	addu	v0,s2,v0
    5280:	8c590000 	lw	t9,0(v0)
    5284:	0320f809 	jalr	t9
    5288:	00000000 	nop
    528c:	1000ffe1 	b	5214 <main@@Base+0x2ed4>
    5290:	8fbc0010 	lw	gp,16(sp)
    5294:	3c1c0002 	lui	gp,0x2
    5298:	279cbd6c 	addiu	gp,gp,-17044
    529c:	0399e021 	addu	gp,gp,t9
    52a0:	27bdffe0 	addiu	sp,sp,-32
    52a4:	8f82820c 	lw	v0,-32244(gp)
    52a8:	afbc0010 	sw	gp,16(sp)
    52ac:	afbf001c 	sw	ra,28(sp)
    52b0:	10400007 	beqz	v0,52d0 <main@@Base+0x2f90>
    52b4:	8f858028 	lw	a1,-32728(gp)
    52b8:	8f848038 	lw	a0,-32712(gp)
    52bc:	8f99820c 	lw	t9,-32244(gp)
    52c0:	24a593b8 	addiu	a1,a1,-27720
    52c4:	0320f809 	jalr	t9
    52c8:	248477ac 	addiu	a0,a0,30636
    52cc:	8fbc0010 	lw	gp,16(sp)
    52d0:	8f998034 	lw	t9,-32716(gp)
    52d4:	8fbf001c 	lw	ra,28(sp)
    52d8:	27395158 	addiu	t9,t9,20824
    52dc:	1000ff9e 	b	5158 <main@@Base+0x2e18>
    52e0:	27bd0020 	addiu	sp,sp,32
	...
    52f0:	94830000 	lhu	v1,0(a0)
    52f4:	24020002 	li	v0,2
    52f8:	14620005 	bne	v1,v0,5310 <main@@Base+0x2fd0>
    52fc:	2405000a 	li	a1,10
    5300:	94820002 	lhu	v0,2(a0)
    5304:	7c0210a0 	wsbh	v0,v0
    5308:	03e00008 	jr	ra
    530c:	3042ffff 	andi	v0,v0,0xffff
    5310:	14650004 	bne	v1,a1,5324 <main@@Base+0x2fe4>
    5314:	00001025 	move	v0,zero
    5318:	94820002 	lhu	v0,2(a0)
    531c:	7c0210a0 	wsbh	v0,v0
    5320:	3042ffff 	andi	v0,v0,0xffff
    5324:	03e00008 	jr	ra
    5328:	00000000 	nop
    532c:	3c1c0002 	lui	gp,0x2
    5330:	279cbcd4 	addiu	gp,gp,-17196
    5334:	0399e021 	addu	gp,gp,t9
    5338:	8f8a8038 	lw	t2,-32712(gp)
    533c:	00001825 	move	v1,zero
    5340:	00001025 	move	v0,zero
    5344:	00c04825 	move	t1,a2
    5348:	254a764c 	addiu	t2,t2,30284
    534c:	00804025 	move	t0,a0
    5350:	244b0002 	addiu	t3,v0,2
    5354:	0165582a 	slt	t3,t3,a1
    5358:	11600005 	beqz	t3,5370 <main@@Base+0x3030>
    535c:	00000000 	nop
    5360:	246b0004 	addiu	t3,v1,4
    5364:	0167602a 	slt	t4,t3,a3
    5368:	15800008 	bnez	t4,538c <main@@Base+0x304c>
    536c:	00000000 	nop
    5370:	0045402a 	slt	t0,v0,a1
    5374:	15000026 	bnez	t0,5410 <main@@Base+0x30d0>
    5378:	00000000 	nop
    537c:	00605025 	move	t2,v1
    5380:	00ca3021 	addu	a2,a2,t2
    5384:	03e00008 	jr	ra
    5388:	a0c00000 	sb	zero,0(a2)
    538c:	91030000 	lbu	v1,0(t0)
    5390:	24420003 	addiu	v0,v0,3
    5394:	25290004 	addiu	t1,t1,4
    5398:	25080003 	addiu	t0,t0,3
    539c:	00031882 	srl	v1,v1,0x2
    53a0:	006a1821 	addu	v1,v1,t2
    53a4:	90630000 	lbu	v1,0(v1)
    53a8:	a123fffc 	sb	v1,-4(t1)
    53ac:	9103fffd 	lbu	v1,-3(t0)
    53b0:	910cfffe 	lbu	t4,-2(t0)
    53b4:	00031900 	sll	v1,v1,0x4
    53b8:	000c6102 	srl	t4,t4,0x4
    53bc:	30630030 	andi	v1,v1,0x30
    53c0:	006c1825 	or	v1,v1,t4
    53c4:	006a1821 	addu	v1,v1,t2
    53c8:	90630000 	lbu	v1,0(v1)
    53cc:	a123fffd 	sb	v1,-3(t1)
    53d0:	9103fffe 	lbu	v1,-2(t0)
    53d4:	910cffff 	lbu	t4,-1(t0)
    53d8:	00031880 	sll	v1,v1,0x2
    53dc:	000c6182 	srl	t4,t4,0x6
    53e0:	3063003c 	andi	v1,v1,0x3c
    53e4:	006c1825 	or	v1,v1,t4
    53e8:	006a1821 	addu	v1,v1,t2
    53ec:	90630000 	lbu	v1,0(v1)
    53f0:	a123fffe 	sb	v1,-2(t1)
    53f4:	9103ffff 	lbu	v1,-1(t0)
    53f8:	3063003f 	andi	v1,v1,0x3f
    53fc:	006a1821 	addu	v1,v1,t2
    5400:	90630000 	lbu	v1,0(v1)
    5404:	a123ffff 	sb	v1,-1(t1)
    5408:	1000ffd1 	b	5350 <main@@Base+0x3010>
    540c:	01601825 	move	v1,t3
    5410:	246a0004 	addiu	t2,v1,4
    5414:	0147382a 	slt	a3,t2,a3
    5418:	10e0ffd8 	beqz	a3,537c <main@@Base+0x303c>
    541c:	00826021 	addu	t4,a0,v0
    5420:	8f888038 	lw	t0,-32712(gp)
    5424:	24420001 	addiu	v0,v0,1
    5428:	246b0001 	addiu	t3,v1,1
    542c:	91870000 	lbu	a3,0(t4)
    5430:	2508764c 	addiu	t0,t0,30284
    5434:	0045282a 	slt	a1,v0,a1
    5438:	00cb5821 	addu	t3,a2,t3
    543c:	00073882 	srl	a3,a3,0x2
    5440:	00e83821 	addu	a3,a3,t0
    5444:	90e70000 	lbu	a3,0(a3)
    5448:	a1270000 	sb	a3,0(t1)
    544c:	24690003 	addiu	t1,v1,3
    5450:	91870000 	lbu	a3,0(t4)
    5454:	24630002 	addiu	v1,v1,2
    5458:	00c31821 	addu	v1,a2,v1
    545c:	00073900 	sll	a3,a3,0x4
    5460:	10a00012 	beqz	a1,54ac <main@@Base+0x316c>
    5464:	30e70030 	andi	a3,a3,0x30
    5468:	00822021 	addu	a0,a0,v0
    546c:	90820000 	lbu	v0,0(a0)
    5470:	00021102 	srl	v0,v0,0x4
    5474:	00471025 	or	v0,v0,a3
    5478:	00481021 	addu	v0,v0,t0
    547c:	90420000 	lbu	v0,0(v0)
    5480:	a1620000 	sb	v0,0(t3)
    5484:	90820000 	lbu	v0,0(a0)
    5488:	00021080 	sll	v0,v0,0x2
    548c:	3042003c 	andi	v0,v0,0x3c
    5490:	00481021 	addu	v0,v0,t0
    5494:	80420000 	lb	v0,0(v0)
    5498:	00c94821 	addu	t1,a2,t1
    549c:	a0620000 	sb	v0,0(v1)
    54a0:	2402003d 	li	v0,61
    54a4:	1000ffb6 	b	5380 <main@@Base+0x3040>
    54a8:	a1220000 	sb	v0,0(t1)
    54ac:	00e83821 	addu	a3,a3,t0
    54b0:	90e20000 	lbu	v0,0(a3)
    54b4:	a1620000 	sb	v0,0(t3)
    54b8:	1000fff7 	b	5498 <main@@Base+0x3158>
    54bc:	2402003d 	li	v0,61
    54c0:	03e00008 	jr	ra
    54c4:	00000000 	nop
    54c8:	03e00008 	jr	ra
    54cc:	00000000 	nop
    54d0:	3c1c0002 	lui	gp,0x2
    54d4:	279cbb30 	addiu	gp,gp,-17616
    54d8:	0399e021 	addu	gp,gp,t9
    54dc:	27bdffd0 	addiu	sp,sp,-48
    54e0:	24030020 	li	v1,32
    54e4:	24070001 	li	a3,1
    54e8:	afb0001c 	sw	s0,28(sp)
    54ec:	00808025 	move	s0,a0
    54f0:	afb10020 	sw	s1,32(sp)
    54f4:	00008825 	move	s1,zero
    54f8:	afbc0010 	sw	gp,16(sp)
    54fc:	00a02025 	move	a0,a1
    5500:	afbf002c 	sw	ra,44(sp)
    5504:	afb30028 	sw	s3,40(sp)
    5508:	afb20024 	sw	s2,36(sp)
    550c:	8e060508 	lw	a2,1288(s0)
    5510:	0226102a 	slt	v0,s1,a2
    5514:	10400024 	beqz	v0,55a8 <main@@Base+0x3268>
    5518:	24050028 	li	a1,40
    551c:	8e020504 	lw	v0,1284(s0)
    5520:	02221021 	addu	v0,s1,v0
    5524:	006001f4 	teq	v1,zero,0x7
    5528:	0043001a 	div	zero,v0,v1
    552c:	00001010 	mfhi	v0
    5530:	70454002 	mul	t0,v0,a1
    5534:	01109021 	addu	s2,t0,s0
    5538:	92420018 	lbu	v0,24(s2)
    553c:	10470003 	beq	v0,a3,554c <main@@Base+0x320c>
    5540:	8f998120 	lw	t9,-32480(gp)
    5544:	1000fff2 	b	5510 <main@@Base+0x31d0>
    5548:	26310001 	addiu	s1,s1,1
    554c:	24060028 	li	a2,40
    5550:	02402825 	move	a1,s2
    5554:	0320f809 	jalr	t9
    5558:	24130020 	li	s3,32
    555c:	8fbc0010 	lw	gp,16(sp)
    5560:	ae400000 	sw	zero,0(s2)
    5564:	8e120504 	lw	s2,1284(s0)
    5568:	16200016 	bnez	s1,55c4 <main@@Base+0x3284>
    556c:	02322821 	addu	a1,s1,s2
    5570:	24020028 	li	v0,40
    5574:	72421802 	mul	v1,s2,v0
    5578:	26520001 	addiu	s2,s2,1
    557c:	00701021 	addu	v0,v1,s0
    5580:	ac400000 	sw	zero,0(v0)
    5584:	24020020 	li	v0,32
    5588:	004001f4 	teq	v0,zero,0x7
    558c:	0242001a 	div	zero,s2,v0
    5590:	8e020508 	lw	v0,1288(s0)
    5594:	2442ffff 	addiu	v0,v0,-1
    5598:	ae020508 	sw	v0,1288(s0)
    559c:	24020001 	li	v0,1
    55a0:	00009010 	mfhi	s2
    55a4:	ae120504 	sw	s2,1284(s0)
    55a8:	8fbf002c 	lw	ra,44(sp)
    55ac:	8fb30028 	lw	s3,40(sp)
    55b0:	8fb20024 	lw	s2,36(sp)
    55b4:	8fb10020 	lw	s1,32(sp)
    55b8:	8fb0001c 	lw	s0,28(sp)
    55bc:	03e00008 	jr	ra
    55c0:	27bd0030 	addiu	sp,sp,48
    55c4:	8f998120 	lw	t9,-32480(gp)
    55c8:	24020028 	li	v0,40
    55cc:	026001f4 	teq	s3,zero,0x7
    55d0:	00b3001a 	div	zero,a1,s3
    55d4:	24a5ffff 	addiu	a1,a1,-1
    55d8:	24060028 	li	a2,40
    55dc:	2631ffff 	addiu	s1,s1,-1
    55e0:	00002010 	mfhi	a0
    55e4:	026001f4 	teq	s3,zero,0x7
    55e8:	00b3001a 	div	zero,a1,s3
    55ec:	00002810 	mfhi	a1
    55f0:	70a21802 	mul	v1,a1,v0
    55f4:	00702821 	addu	a1,v1,s0
    55f8:	70821802 	mul	v1,a0,v0
    55fc:	0320f809 	jalr	t9
    5600:	00702021 	addu	a0,v1,s0
    5604:	1000ffd8 	b	5568 <main@@Base+0x3228>
    5608:	8fbc0010 	lw	gp,16(sp)
    560c:	3c1c0002 	lui	gp,0x2
    5610:	279cb9f4 	addiu	gp,gp,-17932
    5614:	0399e021 	addu	gp,gp,t9
    5618:	24020070 	li	v0,112
    561c:	10820010 	beq	a0,v0,5660 <main@@Base+0x3320>
    5620:	2c820071 	sltiu	v0,a0,113
    5624:	10400007 	beqz	v0,5644 <main@@Base+0x3304>
    5628:	00000000 	nop
    562c:	1080000f 	beqz	a0,566c <main@@Base+0x332c>
    5630:	24020008 	li	v0,8
    5634:	14820010 	bne	a0,v0,5678 <main@@Base+0x3338>
    5638:	8f828038 	lw	v0,-32712(gp)
    563c:	03e00008 	jr	ra
    5640:	24425658 	addiu	v0,v0,22104
    5644:	24020071 	li	v0,113
    5648:	1082000e 	beq	a0,v0,5684 <main@@Base+0x3344>
    564c:	24020072 	li	v0,114
    5650:	1482000f 	bne	a0,v0,5690 <main@@Base+0x3350>
    5654:	8f828038 	lw	v0,-32712(gp)
    5658:	03e00008 	jr	ra
    565c:	2442566c 	addiu	v0,v0,22124
    5660:	8f828038 	lw	v0,-32712(gp)
    5664:	03e00008 	jr	ra
    5668:	24425660 	addiu	v0,v0,22112
    566c:	8f828038 	lw	v0,-32712(gp)
    5670:	03e00008 	jr	ra
    5674:	24425650 	addiu	v0,v0,22096
    5678:	8f828038 	lw	v0,-32712(gp)
    567c:	03e00008 	jr	ra
    5680:	24425670 	addiu	v0,v0,22128
    5684:	8f828038 	lw	v0,-32712(gp)
    5688:	03e00008 	jr	ra
    568c:	24425668 	addiu	v0,v0,22120
    5690:	8f828038 	lw	v0,-32712(gp)
    5694:	03e00008 	jr	ra
    5698:	24425670 	addiu	v0,v0,22128
    569c:	3c1c0002 	lui	gp,0x2
    56a0:	279cb964 	addiu	gp,gp,-18076
    56a4:	0399e021 	addu	gp,gp,t9
    56a8:	27bdffc8 	addiu	sp,sp,-56
    56ac:	8f998120 	lw	t9,-32480(gp)
    56b0:	24020001 	li	v0,1
    56b4:	27a50018 	addiu	a1,sp,24
    56b8:	24060018 	li	a2,24
    56bc:	afbf0034 	sw	ra,52(sp)
    56c0:	afbc0010 	sw	gp,16(sp)
    56c4:	afa40038 	sw	a0,56(sp)
    56c8:	afa2001c 	sw	v0,28(sp)
    56cc:	a3a00020 	sb	zero,32(sp)
    56d0:	0320f809 	jalr	t9
    56d4:	afa00018 	sw	zero,24(sp)
    56d8:	8fbf0034 	lw	ra,52(sp)
    56dc:	8fa20038 	lw	v0,56(sp)
    56e0:	03e00008 	jr	ra
    56e4:	27bd0038 	addiu	sp,sp,56
    56e8:	38820020 	xori	v0,a0,0x20
    56ec:	03e00008 	jr	ra
    56f0:	2c420001 	sltiu	v0,v0,1
    56f4:	38820020 	xori	v0,a0,0x20
    56f8:	03e00008 	jr	ra
    56fc:	0002102b 	sltu	v0,zero,v0
    5700:	80a20000 	lb	v0,0(a1)
    5704:	00441026 	xor	v0,v0,a0
    5708:	03e00008 	jr	ra
    570c:	2c420001 	sltiu	v0,v0,1
    5710:	03e00008 	jr	ra
    5714:	00000000 	nop
    5718:	03e00008 	jr	ra
    571c:	00000000 	nop
    5720:	03e00008 	jr	ra
    5724:	00001025 	move	v0,zero
    5728:	03e00008 	jr	ra
    572c:	00000000 	nop
    5730:	03e00008 	jr	ra
    5734:	00000000 	nop
    5738:	03e00008 	jr	ra
    573c:	00001025 	move	v0,zero
    5740:	8c820004 	lw	v0,4(a0)
    5744:	27bdffe0 	addiu	sp,sp,-32
    5748:	afb00018 	sw	s0,24(sp)
    574c:	00808025 	move	s0,a0
    5750:	afbf001c 	sw	ra,28(sp)
    5754:	8c59000c 	lw	t9,12(v0)
    5758:	0320f809 	jalr	t9
    575c:	8c840000 	lw	a0,0(a0)
    5760:	8e03000c 	lw	v1,12(s0)
    5764:	8fbf001c 	lw	ra,28(sp)
    5768:	8fb00018 	lw	s0,24(sp)
    576c:	27bd0020 	addiu	sp,sp,32
    5770:	03e00008 	jr	ra
    5774:	0062102b 	sltu	v0,v1,v0
    5778:	03e00008 	jr	ra
    577c:	00001025 	move	v0,zero
    5780:	3c1c0002 	lui	gp,0x2
    5784:	279cb880 	addiu	gp,gp,-18304
    5788:	0399e021 	addu	gp,gp,t9
    578c:	27bdffd8 	addiu	sp,sp,-40
    5790:	8f998334 	lw	t9,-31948(gp)
    5794:	afbc0010 	sw	gp,16(sp)
    5798:	afb00020 	sw	s0,32(sp)
    579c:	00a08025 	move	s0,a1
    57a0:	afbf0024 	sw	ra,36(sp)
    57a4:	00e02825 	move	a1,a3
    57a8:	afa6001c 	sw	a2,28(sp)
    57ac:	0320f809 	jalr	t9
    57b0:	afa70018 	sw	a3,24(sp)
    57b4:	00401825 	move	v1,v0
    57b8:	8fbc0010 	lw	gp,16(sp)
    57bc:	14600008 	bnez	v1,57e0 <main@@Base+0x34a0>
    57c0:	00001025 	move	v0,zero
    57c4:	8fa70018 	lw	a3,24(sp)
    57c8:	02002025 	move	a0,s0
    57cc:	8f998124 	lw	t9,-32476(gp)
    57d0:	8fa6001c 	lw	a2,28(sp)
    57d4:	0320f809 	jalr	t9
    57d8:	24e50080 	addiu	a1,a3,128
    57dc:	24020001 	li	v0,1
    57e0:	8fbf0024 	lw	ra,36(sp)
    57e4:	8fb00020 	lw	s0,32(sp)
    57e8:	03e00008 	jr	ra
    57ec:	27bd0028 	addiu	sp,sp,40
    57f0:	3c1c0002 	lui	gp,0x2
    57f4:	279cb810 	addiu	gp,gp,-18416
    57f8:	0399e021 	addu	gp,gp,t9
    57fc:	27bdffd0 	addiu	sp,sp,-48
    5800:	90820005 	lbu	v0,5(a0)
    5804:	afbc0018 	sw	gp,24(sp)
    5808:	afb10028 	sw	s1,40(sp)
    580c:	00a08825 	move	s1,a1
    5810:	afb00024 	sw	s0,36(sp)
    5814:	00808025 	move	s0,a0
    5818:	10400004 	beqz	v0,582c <main@@Base+0x34ec>
    581c:	afbf002c 	sw	ra,44(sp)
    5820:	90820004 	lbu	v0,4(a0)
    5824:	10450013 	beq	v0,a1,5874 <main@@Base+0x3534>
    5828:	00000000 	nop
    582c:	8f998034 	lw	t9,-32716(gp)
    5830:	02202025 	move	a0,s1
    5834:	2739560c 	addiu	t9,t9,22028
    5838:	0411ff74 	bal	560c <main@@Base+0x32cc>
    583c:	2406011f 	li	a2,287
    5840:	24040003 	li	a0,3
    5844:	8fbc0018 	lw	gp,24(sp)
    5848:	afa20010 	sw	v0,16(sp)
    584c:	afb10014 	sw	s1,20(sp)
    5850:	8f878038 	lw	a3,-32712(gp)
    5854:	8f858038 	lw	a1,-32712(gp)
    5858:	8f998224 	lw	t9,-32220(gp)
    585c:	24e75674 	addiu	a3,a3,22132
    5860:	0320f809 	jalr	t9
    5864:	24a556a0 	addiu	a1,a1,22176
    5868:	24020001 	li	v0,1
    586c:	a2110004 	sb	s1,4(s0)
    5870:	a2020005 	sb	v0,5(s0)
    5874:	8fbf002c 	lw	ra,44(sp)
    5878:	8fb10028 	lw	s1,40(sp)
    587c:	8fb00024 	lw	s0,36(sp)
    5880:	03e00008 	jr	ra
    5884:	27bd0030 	addiu	sp,sp,48
    5888:	3c1c0002 	lui	gp,0x2
    588c:	279cb778 	addiu	gp,gp,-18568
    5890:	0399e021 	addu	gp,gp,t9
    5894:	8f998150 	lw	t9,-32432(gp)
    5898:	03200008 	jr	t9
    589c:	00000000 	nop
    58a0:	3c1c0002 	lui	gp,0x2
    58a4:	279cb760 	addiu	gp,gp,-18592
    58a8:	0399e021 	addu	gp,gp,t9
    58ac:	8f998150 	lw	t9,-32432(gp)
    58b0:	03200008 	jr	t9
    58b4:	00000000 	nop
    58b8:	3c1c0002 	lui	gp,0x2
    58bc:	279cb748 	addiu	gp,gp,-18616
    58c0:	0399e021 	addu	gp,gp,t9
    58c4:	8c820014 	lw	v0,20(a0)
    58c8:	27bdffe0 	addiu	sp,sp,-32
    58cc:	afb00018 	sw	s0,24(sp)
    58d0:	00808025 	move	s0,a0
    58d4:	8c420008 	lw	v0,8(v0)
    58d8:	8c840010 	lw	a0,16(a0)
    58dc:	afbf001c 	sw	ra,28(sp)
    58e0:	afbc0010 	sw	gp,16(sp)
    58e4:	8c590000 	lw	t9,0(v0)
    58e8:	0320f809 	jalr	t9
    58ec:	00000000 	nop
    58f0:	02002025 	move	a0,s0
    58f4:	8fbc0010 	lw	gp,16(sp)
    58f8:	8fbf001c 	lw	ra,28(sp)
    58fc:	8fb00018 	lw	s0,24(sp)
    5900:	8f998150 	lw	t9,-32432(gp)
    5904:	03200008 	jr	t9
    5908:	27bd0020 	addiu	sp,sp,32
    590c:	3c1c0002 	lui	gp,0x2
    5910:	279cb6f4 	addiu	gp,gp,-18700
    5914:	0399e021 	addu	gp,gp,t9
    5918:	27bdffe0 	addiu	sp,sp,-32
    591c:	8f998034 	lw	t9,-32716(gp)
    5920:	afb00018 	sw	s0,24(sp)
    5924:	00808025 	move	s0,a0
    5928:	afbf001c 	sw	ra,28(sp)
    592c:	273958b8 	addiu	t9,t9,22712
    5930:	afbc0010 	sw	gp,16(sp)
    5934:	0411ffe0 	bal	58b8 <main@@Base+0x3578>
    5938:	8c840000 	lw	a0,0(a0)
    593c:	02002025 	move	a0,s0
    5940:	8fbc0010 	lw	gp,16(sp)
    5944:	8fbf001c 	lw	ra,28(sp)
    5948:	8fb00018 	lw	s0,24(sp)
    594c:	8f998150 	lw	t9,-32432(gp)
    5950:	03200008 	jr	t9
    5954:	27bd0020 	addiu	sp,sp,32
    5958:	3c1c0002 	lui	gp,0x2
    595c:	279cb6a8 	addiu	gp,gp,-18776
    5960:	0399e021 	addu	gp,gp,t9
    5964:	27bdffe0 	addiu	sp,sp,-32
    5968:	8f998034 	lw	t9,-32716(gp)
    596c:	afb00018 	sw	s0,24(sp)
    5970:	00808025 	move	s0,a0
    5974:	afbf001c 	sw	ra,28(sp)
    5978:	273958b8 	addiu	t9,t9,22712
    597c:	afbc0010 	sw	gp,16(sp)
    5980:	0411ffcd 	bal	58b8 <main@@Base+0x3578>
    5984:	8c840000 	lw	a0,0(a0)
    5988:	02002025 	move	a0,s0
    598c:	8fbc0010 	lw	gp,16(sp)
    5990:	8fbf001c 	lw	ra,28(sp)
    5994:	8fb00018 	lw	s0,24(sp)
    5998:	8f998150 	lw	t9,-32432(gp)
    599c:	03200008 	jr	t9
    59a0:	27bd0020 	addiu	sp,sp,32
    59a4:	3c1c0002 	lui	gp,0x2
    59a8:	279cb65c 	addiu	gp,gp,-18852
    59ac:	0399e021 	addu	gp,gp,t9
    59b0:	27bdffe0 	addiu	sp,sp,-32
    59b4:	8f9981b4 	lw	t9,-32332(gp)
    59b8:	afbc0010 	sw	gp,16(sp)
    59bc:	afa40020 	sw	a0,32(sp)
    59c0:	afbf001c 	sw	ra,28(sp)
    59c4:	0320f809 	jalr	t9
    59c8:	00000000 	nop
    59cc:	8fa40020 	lw	a0,32(sp)
    59d0:	00603025 	move	a2,v1
    59d4:	8c830010 	lw	v1,16(a0)
    59d8:	8c850014 	lw	a1,20(a0)
    59dc:	00431823 	subu	v1,v0,v1
    59e0:	00c52823 	subu	a1,a2,a1
    59e4:	0043382b 	sltu	a3,v0,v1
    59e8:	00a72823 	subu	a1,a1,a3
    59ec:	1ca00007 	bgtz	a1,5a0c <main@@Base+0x36cc>
    59f0:	00000000 	nop
    59f4:	14a0000b 	bnez	a1,5a24 <main@@Base+0x36e4>
    59f8:	3c05004c 	lui	a1,0x4c
    59fc:	24a54b40 	addiu	a1,a1,19264
    5a00:	0065182b 	sltu	v1,v1,a1
    5a04:	14600007 	bnez	v1,5a24 <main@@Base+0x36e4>
    5a08:	00000000 	nop
    5a0c:	ac820010 	sw	v0,16(a0)
    5a10:	24020001 	li	v0,1
    5a14:	ac860014 	sw	a2,20(a0)
    5a18:	8fbf001c 	lw	ra,28(sp)
    5a1c:	03e00008 	jr	ra
    5a20:	27bd0020 	addiu	sp,sp,32
    5a24:	1000fffc 	b	5a18 <main@@Base+0x36d8>
    5a28:	00001025 	move	v0,zero
    5a2c:	3c1c0002 	lui	gp,0x2
    5a30:	279cb5d4 	addiu	gp,gp,-18988
    5a34:	0399e021 	addu	gp,gp,t9
    5a38:	27bdffd8 	addiu	sp,sp,-40
    5a3c:	8f998034 	lw	t9,-32716(gp)
    5a40:	afa5002c 	sw	a1,44(sp)
    5a44:	273959a4 	addiu	t9,t9,22948
    5a48:	afbc0018 	sw	gp,24(sp)
    5a4c:	8c820008 	lw	v0,8(a0)
    5a50:	afb00020 	sw	s0,32(sp)
    5a54:	00808025 	move	s0,a0
    5a58:	afbf0024 	sw	ra,36(sp)
    5a5c:	24420001 	addiu	v0,v0,1
    5a60:	0411ffd0 	bal	59a4 <main@@Base+0x3664>
    5a64:	ac820008 	sw	v0,8(a0)
    5a68:	8fbc0018 	lw	gp,24(sp)
    5a6c:	1040000c 	beqz	v0,5aa0 <main@@Base+0x3760>
    5a70:	8fa5002c 	lw	a1,44(sp)
    5a74:	8e020008 	lw	v0,8(s0)
    5a78:	24060154 	li	a2,340
    5a7c:	8f878038 	lw	a3,-32712(gp)
    5a80:	24040002 	li	a0,2
    5a84:	8f998224 	lw	t9,-32220(gp)
    5a88:	afa50010 	sw	a1,16(sp)
    5a8c:	afa20014 	sw	v0,20(sp)
    5a90:	24e756b4 	addiu	a3,a3,22196
    5a94:	8f858038 	lw	a1,-32712(gp)
    5a98:	0320f809 	jalr	t9
    5a9c:	24a556a0 	addiu	a1,a1,22176
    5aa0:	8fbf0024 	lw	ra,36(sp)
    5aa4:	8fb00020 	lw	s0,32(sp)
    5aa8:	03e00008 	jr	ra
    5aac:	27bd0028 	addiu	sp,sp,40
    5ab0:	3c1c0002 	lui	gp,0x2
    5ab4:	279cb550 	addiu	gp,gp,-19120
    5ab8:	0399e021 	addu	gp,gp,t9
    5abc:	27bdffd8 	addiu	sp,sp,-40
    5ac0:	8f998378 	lw	t9,-31880(gp)
    5ac4:	afbf0024 	sw	ra,36(sp)
    5ac8:	afbc0010 	sw	gp,16(sp)
    5acc:	afa40018 	sw	a0,24(sp)
    5ad0:	0320f809 	jalr	t9
    5ad4:	00000000 	nop
    5ad8:	8fa40018 	lw	a0,24(sp)
    5adc:	8c420000 	lw	v0,0(v0)
    5ae0:	8fbf0024 	lw	ra,36(sp)
    5ae4:	00042040 	sll	a0,a0,0x1
    5ae8:	00441021 	addu	v0,v0,a0
    5aec:	94420000 	lhu	v0,0(v0)
    5af0:	27bd0028 	addiu	sp,sp,40
    5af4:	03e00008 	jr	ra
    5af8:	7c4200c0 	ext	v0,v0,0x3,0x1
    5afc:	3c1c0002 	lui	gp,0x2
    5b00:	279cb504 	addiu	gp,gp,-19196
    5b04:	0399e021 	addu	gp,gp,t9
    5b08:	27bdffd8 	addiu	sp,sp,-40
    5b0c:	8f998378 	lw	t9,-31880(gp)
    5b10:	afbf0024 	sw	ra,36(sp)
    5b14:	afbc0010 	sw	gp,16(sp)
    5b18:	afa40018 	sw	a0,24(sp)
    5b1c:	0320f809 	jalr	t9
    5b20:	00000000 	nop
    5b24:	8fa40018 	lw	a0,24(sp)
    5b28:	8c420000 	lw	v0,0(v0)
    5b2c:	8fbf0024 	lw	ra,36(sp)
    5b30:	00041840 	sll	v1,a0,0x1
    5b34:	3884005f 	xori	a0,a0,0x5f
    5b38:	00431021 	addu	v0,v0,v1
    5b3c:	2c840001 	sltiu	a0,a0,1
    5b40:	94420000 	lhu	v0,0(v0)
    5b44:	27bd0028 	addiu	sp,sp,40
    5b48:	7c4202c0 	ext	v0,v0,0xb,0x1
    5b4c:	03e00008 	jr	ra
    5b50:	00441025 	or	v0,v0,a0
    5b54:	3c1c0002 	lui	gp,0x2
    5b58:	279cb4ac 	addiu	gp,gp,-19284
    5b5c:	0399e021 	addu	gp,gp,t9
    5b60:	27bdffd8 	addiu	sp,sp,-40
    5b64:	8f998378 	lw	t9,-31880(gp)
    5b68:	afbf0024 	sw	ra,36(sp)
    5b6c:	afbc0010 	sw	gp,16(sp)
    5b70:	afa40018 	sw	a0,24(sp)
    5b74:	0320f809 	jalr	t9
    5b78:	00000000 	nop
    5b7c:	8fa40018 	lw	a0,24(sp)
    5b80:	8c420000 	lw	v0,0(v0)
    5b84:	8fbf0024 	lw	ra,36(sp)
    5b88:	00041840 	sll	v1,a0,0x1
    5b8c:	3884002d 	xori	a0,a0,0x2d
    5b90:	00431021 	addu	v0,v0,v1
    5b94:	2c840001 	sltiu	a0,a0,1
    5b98:	94420000 	lhu	v0,0(v0)
    5b9c:	27bd0028 	addiu	sp,sp,40
    5ba0:	7c420080 	ext	v0,v0,0x2,0x1
    5ba4:	03e00008 	jr	ra
    5ba8:	00441025 	or	v0,v0,a0
    5bac:	3c1c0002 	lui	gp,0x2
    5bb0:	279cb454 	addiu	gp,gp,-19372
    5bb4:	0399e021 	addu	gp,gp,t9
    5bb8:	27bdffd0 	addiu	sp,sp,-48
    5bbc:	8f9982c8 	lw	t9,-32056(gp)
    5bc0:	afbc0020 	sw	gp,32(sp)
    5bc4:	afa50034 	sw	a1,52(sp)
    5bc8:	afbf002c 	sw	ra,44(sp)
    5bcc:	0320f809 	jalr	t9
    5bd0:	00000000 	nop
    5bd4:	8fbc0020 	lw	gp,32(sp)
    5bd8:	10400005 	beqz	v0,5bf0 <main@@Base+0x38b0>
    5bdc:	8fa50034 	lw	a1,52(sp)
    5be0:	8c420038 	lw	v0,56(v0)
    5be4:	24030005 	li	v1,5
    5be8:	1043000e 	beq	v0,v1,5c24 <main@@Base+0x38e4>
    5bec:	8fbf002c 	lw	ra,44(sp)
    5bf0:	8f878038 	lw	a3,-32712(gp)
    5bf4:	24030005 	li	v1,5
    5bf8:	8f998294 	lw	t9,-32108(gp)
    5bfc:	24060157 	li	a2,343
    5c00:	afa50010 	sw	a1,16(sp)
    5c04:	24040002 	li	a0,2
    5c08:	afa30018 	sw	v1,24(sp)
    5c0c:	24e756f4 	addiu	a3,a3,22260
    5c10:	afa20014 	sw	v0,20(sp)
    5c14:	8f858038 	lw	a1,-32712(gp)
    5c18:	0320f809 	jalr	t9
    5c1c:	24a55718 	addiu	a1,a1,22296
    5c20:	8fbf002c 	lw	ra,44(sp)
    5c24:	03e00008 	jr	ra
    5c28:	27bd0030 	addiu	sp,sp,48
    5c2c:	3c1c0002 	lui	gp,0x2
    5c30:	279cb3d4 	addiu	gp,gp,-19500
    5c34:	0399e021 	addu	gp,gp,t9
    5c38:	18a0003d 	blez	a1,5d30 <main@@Base+0x39f0>
    5c3c:	8f998274 	lw	t9,-32140(gp)
    5c40:	27bdffd0 	addiu	sp,sp,-48
    5c44:	afbc0010 	sw	gp,16(sp)
    5c48:	afb30028 	sw	s3,40(sp)
    5c4c:	00c09825 	move	s3,a2
    5c50:	afb20024 	sw	s2,36(sp)
    5c54:	00a09025 	move	s2,a1
    5c58:	afb10020 	sw	s1,32(sp)
    5c5c:	afb0001c 	sw	s0,28(sp)
    5c60:	00808025 	move	s0,a0
    5c64:	afbf002c 	sw	ra,44(sp)
    5c68:	0320f809 	jalr	t9
    5c6c:	a0800000 	sb	zero,0(a0)
    5c70:	8fbc0010 	lw	gp,16(sp)
    5c74:	10400026 	beqz	v0,5d10 <main@@Base+0x39d0>
    5c78:	00408825 	move	s1,v0
    5c7c:	8f868038 	lw	a2,-32712(gp)
    5c80:	00402025 	move	a0,v0
    5c84:	8f858038 	lw	a1,-32712(gp)
    5c88:	8f99819c 	lw	t9,-32356(gp)
    5c8c:	24c65780 	addiu	a2,a2,22400
    5c90:	0320f809 	jalr	t9
    5c94:	24a55788 	addiu	a1,a1,22408
    5c98:	02603025 	move	a2,s3
    5c9c:	8fbc0010 	lw	gp,16(sp)
    5ca0:	02202025 	move	a0,s1
    5ca4:	8f858038 	lw	a1,-32712(gp)
    5ca8:	8f99819c 	lw	t9,-32356(gp)
    5cac:	0320f809 	jalr	t9
    5cb0:	24a55790 	addiu	a1,a1,22416
    5cb4:	00003825 	move	a3,zero
    5cb8:	8fbc0010 	lw	gp,16(sp)
    5cbc:	02403025 	move	a2,s2
    5cc0:	02002825 	move	a1,s0
    5cc4:	8f9981f4 	lw	t9,-32268(gp)
    5cc8:	0320f809 	jalr	t9
    5ccc:	02202025 	move	a0,s1
    5cd0:	14400002 	bnez	v0,5cdc <main@@Base+0x399c>
    5cd4:	8fbc0010 	lw	gp,16(sp)
    5cd8:	a2000000 	sb	zero,0(s0)
    5cdc:	8f998148 	lw	t9,-32440(gp)
    5ce0:	0320f809 	jalr	t9
    5ce4:	02202025 	move	a0,s1
    5ce8:	02002025 	move	a0,s0
    5cec:	8fbc0010 	lw	gp,16(sp)
    5cf0:	8fbf002c 	lw	ra,44(sp)
    5cf4:	8fb30028 	lw	s3,40(sp)
    5cf8:	8fb20024 	lw	s2,36(sp)
    5cfc:	8fb10020 	lw	s1,32(sp)
    5d00:	8fb0001c 	lw	s0,28(sp)
    5d04:	8f99810c 	lw	t9,-32500(gp)
    5d08:	03200008 	jr	t9
    5d0c:	27bd0030 	addiu	sp,sp,48
    5d10:	8fbf002c 	lw	ra,44(sp)
    5d14:	00001025 	move	v0,zero
    5d18:	8fb30028 	lw	s3,40(sp)
    5d1c:	8fb20024 	lw	s2,36(sp)
    5d20:	8fb10020 	lw	s1,32(sp)
    5d24:	8fb0001c 	lw	s0,28(sp)
    5d28:	03e00008 	jr	ra
    5d2c:	27bd0030 	addiu	sp,sp,48
    5d30:	03e00008 	jr	ra
    5d34:	00001025 	move	v0,zero
    5d38:	3c1c0002 	lui	gp,0x2
    5d3c:	279cb2c8 	addiu	gp,gp,-19768
    5d40:	0399e021 	addu	gp,gp,t9
    5d44:	27bdffd0 	addiu	sp,sp,-48
    5d48:	afbc0010 	sw	gp,16(sp)
    5d4c:	afbf002c 	sw	ra,44(sp)
    5d50:	afb10028 	sw	s1,40(sp)
    5d54:	14c0000a 	bnez	a2,5d80 <main@@Base+0x3a40>
    5d58:	afb00024 	sw	s0,36(sp)
    5d5c:	8f868038 	lw	a2,-32712(gp)
    5d60:	24c65798 	addiu	a2,a2,22424
    5d64:	8f998034 	lw	t9,-32716(gp)
    5d68:	8fbf002c 	lw	ra,44(sp)
    5d6c:	8fb10028 	lw	s1,40(sp)
    5d70:	8fb00024 	lw	s0,36(sp)
    5d74:	27395c2c 	addiu	t9,t9,23596
    5d78:	1000ffac 	b	5c2c <main@@Base+0x38ec>
    5d7c:	27bd0030 	addiu	sp,sp,48
    5d80:	8f9981f4 	lw	t9,-32268(gp)
    5d84:	00808025 	move	s0,a0
    5d88:	00003825 	move	a3,zero
    5d8c:	00c02025 	move	a0,a2
    5d90:	afa40018 	sw	a0,24(sp)
    5d94:	00a03025 	move	a2,a1
    5d98:	00a08825 	move	s1,a1
    5d9c:	0320f809 	jalr	t9
    5da0:	02002825 	move	a1,s0
    5da4:	8fbc0010 	lw	gp,16(sp)
    5da8:	8fa40018 	lw	a0,24(sp)
    5dac:	14400009 	bnez	v0,5dd4 <main@@Base+0x3a94>
    5db0:	8f998148 	lw	t9,-32440(gp)
    5db4:	0320f809 	jalr	t9
    5db8:	00000000 	nop
    5dbc:	02202825 	move	a1,s1
    5dc0:	8fbc0010 	lw	gp,16(sp)
    5dc4:	02002025 	move	a0,s0
    5dc8:	8f868038 	lw	a2,-32712(gp)
    5dcc:	1000ffe5 	b	5d64 <main@@Base+0x3a24>
    5dd0:	24c657ac 	addiu	a2,a2,22444
    5dd4:	0320f809 	jalr	t9
    5dd8:	00000000 	nop
    5ddc:	02002025 	move	a0,s0
    5de0:	8fbc0010 	lw	gp,16(sp)
    5de4:	8fbf002c 	lw	ra,44(sp)
    5de8:	8fb10028 	lw	s1,40(sp)
    5dec:	8fb00024 	lw	s0,36(sp)
    5df0:	8f99810c 	lw	t9,-32500(gp)
    5df4:	03200008 	jr	t9
    5df8:	27bd0030 	addiu	sp,sp,48
    5dfc:	3c1c0002 	lui	gp,0x2
    5e00:	279cb204 	addiu	gp,gp,-19964
    5e04:	0399e021 	addu	gp,gp,t9
    5e08:	27bdffe0 	addiu	sp,sp,-32
    5e0c:	94820000 	lhu	v0,0(a0)
    5e10:	24030002 	li	v1,2
    5e14:	afbc0010 	sw	gp,16(sp)
    5e18:	afb00018 	sw	s0,24(sp)
    5e1c:	00a08025 	move	s0,a1
    5e20:	1443000f 	bne	v0,v1,5e60 <main@@Base+0x3b20>
    5e24:	afbf001c 	sw	ra,28(sp)
    5e28:	8f998130 	lw	t9,-32464(gp)
    5e2c:	00a03025 	move	a2,a1
    5e30:	2407002e 	li	a3,46
    5e34:	24850004 	addiu	a1,a0,4
    5e38:	24040002 	li	a0,2
    5e3c:	0320f809 	jalr	t9
    5e40:	00000000 	nop
    5e44:	10400009 	beqz	v0,5e6c <main@@Base+0x3b2c>
    5e48:	8fbc0010 	lw	gp,16(sp)
    5e4c:	8fbf001c 	lw	ra,28(sp)
    5e50:	02001025 	move	v0,s0
    5e54:	8fb00018 	lw	s0,24(sp)
    5e58:	03e00008 	jr	ra
    5e5c:	27bd0020 	addiu	sp,sp,32
    5e60:	2403000a 	li	v1,10
    5e64:	10430009 	beq	v0,v1,5e8c <main@@Base+0x3b4c>
    5e68:	00000000 	nop
    5e6c:	8f858038 	lw	a1,-32712(gp)
    5e70:	02002025 	move	a0,s0
    5e74:	8fbf001c 	lw	ra,28(sp)
    5e78:	8fb00018 	lw	s0,24(sp)
    5e7c:	27bd0020 	addiu	sp,sp,32
    5e80:	8f9982dc 	lw	t9,-32036(gp)
    5e84:	03200008 	jr	t9
    5e88:	24a557c0 	addiu	a1,a1,22464
    5e8c:	8c820008 	lw	v0,8(a0)
    5e90:	1440000b 	bnez	v0,5ec0 <main@@Base+0x3b80>
    5e94:	8f998130 	lw	t9,-32464(gp)
    5e98:	8c82000c 	lw	v0,12(a0)
    5e9c:	14400008 	bnez	v0,5ec0 <main@@Base+0x3b80>
    5ea0:	3c02ffff 	lui	v0,0xffff
    5ea4:	8c830010 	lw	v1,16(a0)
    5ea8:	14620005 	bne	v1,v0,5ec0 <main@@Base+0x3b80>
    5eac:	00a03025 	move	a2,a1
    5eb0:	2407002e 	li	a3,46
    5eb4:	24850014 	addiu	a1,a0,20
    5eb8:	1000ffe0 	b	5e3c <main@@Base+0x3afc>
    5ebc:	24040002 	li	a0,2
    5ec0:	24850008 	addiu	a1,a0,8
    5ec4:	2407002e 	li	a3,46
    5ec8:	2404000a 	li	a0,10
    5ecc:	1000ffdb 	b	5e3c <main@@Base+0x3afc>
    5ed0:	02003025 	move	a2,s0
    5ed4:	3c1c0002 	lui	gp,0x2
    5ed8:	279cb12c 	addiu	gp,gp,-20180
    5edc:	0399e021 	addu	gp,gp,t9
    5ee0:	27bdffb0 	addiu	sp,sp,-80
    5ee4:	8f828038 	lw	v0,-32712(gp)
    5ee8:	afb0002c 	sw	s0,44(sp)
    5eec:	24426328 	addiu	v0,v0,25384
    5ef0:	afb50040 	sw	s5,64(sp)
    5ef4:	afb70048 	sw	s7,72(sp)
    5ef8:	8f908028 	lw	s0,-32728(gp)
    5efc:	8f958038 	lw	s5,-32712(gp)
    5f00:	8f978038 	lw	s7,-32712(gp)
    5f04:	26108f0c 	addiu	s0,s0,-28916
    5f08:	afb60044 	sw	s6,68(sp)
    5f0c:	afb30038 	sw	s3,56(sp)
    5f10:	26b557c4 	addiu	s5,s5,22468
    5f14:	afb20034 	sw	s2,52(sp)
    5f18:	2616003c 	addiu	s6,s0,60
    5f1c:	afbc0018 	sw	gp,24(sp)
    5f20:	00009825 	move	s3,zero
    5f24:	00009025 	move	s2,zero
    5f28:	afb4003c 	sw	s4,60(sp)
    5f2c:	afb10030 	sw	s1,48(sp)
    5f30:	0080a025 	move	s4,a0
    5f34:	afbf004c 	sw	ra,76(sp)
    5f38:	00a08825 	move	s1,a1
    5f3c:	a0a00000 	sb	zero,0(a1)
    5f40:	afa20020 	sw	v0,32(sp)
    5f44:	8e020000 	lw	v0,0(s0)
    5f48:	02821024 	and	v0,s4,v0
    5f4c:	10400010 	beqz	v0,5f90 <main@@Base+0x3c50>
    5f50:	24050030 	li	a1,48
    5f54:	8fa70020 	lw	a3,32(sp)
    5f58:	2e420030 	sltiu	v0,s2,48
    5f5c:	8e030008 	lw	v1,8(s0)
    5f60:	00b22823 	subu	a1,a1,s2
    5f64:	8f99834c 	lw	t9,-31924(gp)
    5f68:	02b3380b 	movn	a3,s5,s3
    5f6c:	26e657c8 	addiu	a2,s7,22472
    5f70:	02322021 	addu	a0,s1,s2
    5f74:	0002280a 	movz	a1,zero,v0
    5f78:	0320f809 	jalr	t9
    5f7c:	afa30010 	sw	v1,16(sp)
    5f80:	04400006 	bltz	v0,5f9c <main@@Base+0x3c5c>
    5f84:	8fbc0018 	lw	gp,24(sp)
    5f88:	02429021 	addu	s2,s2,v0
    5f8c:	26730001 	addiu	s3,s3,1
    5f90:	2610000c 	addiu	s0,s0,12
    5f94:	1616ffeb 	bne	s0,s6,5f44 <main@@Base+0x3c04>
    5f98:	00000000 	nop
    5f9c:	8fbf004c 	lw	ra,76(sp)
    5fa0:	02201025 	move	v0,s1
    5fa4:	8fb70048 	lw	s7,72(sp)
    5fa8:	8fb60044 	lw	s6,68(sp)
    5fac:	8fb50040 	lw	s5,64(sp)
    5fb0:	8fb4003c 	lw	s4,60(sp)
    5fb4:	8fb30038 	lw	s3,56(sp)
    5fb8:	8fb20034 	lw	s2,52(sp)
    5fbc:	8fb10030 	lw	s1,48(sp)
    5fc0:	8fb0002c 	lw	s0,44(sp)
    5fc4:	03e00008 	jr	ra
    5fc8:	27bd0050 	addiu	sp,sp,80
    5fcc:	3c1c0002 	lui	gp,0x2
    5fd0:	279cb034 	addiu	gp,gp,-20428
    5fd4:	0399e021 	addu	gp,gp,t9
    5fd8:	27bdffb8 	addiu	sp,sp,-72
    5fdc:	8f998160 	lw	t9,-32416(gp)
    5fe0:	afb30030 	sw	s3,48(sp)
    5fe4:	00809825 	move	s3,a0
    5fe8:	24840038 	addiu	a0,a0,56
    5fec:	afbc0018 	sw	gp,24(sp)
    5ff0:	afb70040 	sw	s7,64(sp)
    5ff4:	00c0b825 	move	s7,a2
    5ff8:	afb6003c 	sw	s6,60(sp)
    5ffc:	afb50038 	sw	s5,56(sp)
    6000:	afb40034 	sw	s4,52(sp)
    6004:	26740014 	addiu	s4,s3,20
    6008:	afb2002c 	sw	s2,44(sp)
    600c:	00a09025 	move	s2,a1
    6010:	afb00024 	sw	s0,36(sp)
    6014:	00008025 	move	s0,zero
    6018:	afbf0044 	sw	ra,68(sp)
    601c:	0320f809 	jalr	t9
    6020:	afb10028 	sw	s1,40(sp)
    6024:	8fbc0018 	lw	gp,24(sp)
    6028:	8f828038 	lw	v0,-32712(gp)
    602c:	245557d0 	addiu	s5,v0,22480
    6030:	8f828038 	lw	v0,-32712(gp)
    6034:	24565800 	addiu	s6,v0,22528
    6038:	8e620034 	lw	v0,52(s3)
    603c:	0202102a 	slt	v0,s0,v0
    6040:	1440000d 	bnez	v0,6078 <main@@Base+0x3d38>
    6044:	8fbf0044 	lw	ra,68(sp)
    6048:	26640038 	addiu	a0,s3,56
    604c:	8fb70040 	lw	s7,64(sp)
    6050:	8fb6003c 	lw	s6,60(sp)
    6054:	8fb50038 	lw	s5,56(sp)
    6058:	8fb40034 	lw	s4,52(sp)
    605c:	8fb30030 	lw	s3,48(sp)
    6060:	8fb2002c 	lw	s2,44(sp)
    6064:	8fb10028 	lw	s1,40(sp)
    6068:	8fb00024 	lw	s0,36(sp)
    606c:	8f998178 	lw	t9,-32392(gp)
    6070:	03200008 	jr	t9
    6074:	27bd0048 	addiu	sp,sp,72
    6078:	8e820000 	lw	v0,0(s4)
    607c:	10400014 	beqz	v0,60d0 <main@@Base+0x3d90>
    6080:	00000000 	nop
    6084:	8c43010c 	lw	v1,268(v0)
    6088:	14720011 	bne	v1,s2,60d0 <main@@Base+0x3d90>
    608c:	00000000 	nop
    6090:	8c430098 	lw	v1,152(v0)
    6094:	1060000e 	beqz	v1,60d0 <main@@Base+0x3d90>
    6098:	8f998108 	lw	t9,-32504(gp)
    609c:	24050002 	li	a1,2
    60a0:	0320f809 	jalr	t9
    60a4:	8c440004 	lw	a0,4(v0)
    60a8:	24060089 	li	a2,137
    60ac:	8fbc0018 	lw	gp,24(sp)
    60b0:	24040003 	li	a0,3
    60b4:	afb70014 	sw	s7,20(sp)
    60b8:	02a03825 	move	a3,s5
    60bc:	afb20010 	sw	s2,16(sp)
    60c0:	8f998224 	lw	t9,-32220(gp)
    60c4:	0320f809 	jalr	t9
    60c8:	02c02825 	move	a1,s6
    60cc:	8fbc0018 	lw	gp,24(sp)
    60d0:	26100001 	addiu	s0,s0,1
    60d4:	1000ffd8 	b	6038 <main@@Base+0x3cf8>
    60d8:	26940004 	addiu	s4,s4,4
    60dc:	3c1c0002 	lui	gp,0x2
    60e0:	279caf24 	addiu	gp,gp,-20700
    60e4:	0399e021 	addu	gp,gp,t9
    60e8:	14a0000d 	bnez	a1,6120 <main@@Base+0x3de0>
    60ec:	24030001 	li	v1,1
    60f0:	8f878038 	lw	a3,-32712(gp)
    60f4:	27bdffe0 	addiu	sp,sp,-32
    60f8:	8f858038 	lw	a1,-32712(gp)
    60fc:	240601e4 	li	a2,484
    6100:	8f848038 	lw	a0,-32712(gp)
    6104:	8f998170 	lw	t9,-32400(gp)
    6108:	24e776b4 	addiu	a3,a3,30388
    610c:	24a55814 	addiu	a1,a1,22548
    6110:	afbc0010 	sw	gp,16(sp)
    6114:	afbf001c 	sw	ra,28(sp)
    6118:	0320f809 	jalr	t9
    611c:	2484587c 	addiu	a0,a0,22652
    6120:	ac850000 	sw	a1,0(a0)
    6124:	00801025 	move	v0,a0
    6128:	ac860008 	sw	a2,8(a0)
    612c:	03e00008 	jr	ra
    6130:	ac830004 	sw	v1,4(a0)
    6134:	3c1c0002 	lui	gp,0x2
    6138:	279caecc 	addiu	gp,gp,-20788
    613c:	0399e021 	addu	gp,gp,t9
    6140:	27bdffd8 	addiu	sp,sp,-40
    6144:	8f99810c 	lw	t9,-32500(gp)
    6148:	afb00020 	sw	s0,32(sp)
    614c:	00808025 	move	s0,a0
    6150:	afbf0024 	sw	ra,36(sp)
    6154:	afbc0010 	sw	gp,16(sp)
    6158:	afa50018 	sw	a1,24(sp)
    615c:	0320f809 	jalr	t9
    6160:	00a02025 	move	a0,a1
    6164:	8fa50018 	lw	a1,24(sp)
    6168:	8fbf0024 	lw	ra,36(sp)
    616c:	ae020004 	sw	v0,4(s0)
    6170:	02001025 	move	v0,s0
    6174:	ae050000 	sw	a1,0(s0)
    6178:	8fb00020 	lw	s0,32(sp)
    617c:	03e00008 	jr	ra
    6180:	27bd0028 	addiu	sp,sp,40
    6184:	3c1c0002 	lui	gp,0x2
    6188:	279cae7c 	addiu	gp,gp,-20868
    618c:	0399e021 	addu	gp,gp,t9
    6190:	27bdffe0 	addiu	sp,sp,-32
    6194:	70c51002 	mul	v0,a2,a1
    6198:	8fa30034 	lw	v1,52(sp)
    619c:	8fa90030 	lw	t1,48(sp)
    61a0:	afbc0010 	sw	gp,16(sp)
    61a4:	afbf001c 	sw	ra,28(sp)
    61a8:	70694802 	mul	t1,v1,t1
    61ac:	0049402b 	sltu	t0,v0,t1
    61b0:	11000005 	beqz	t0,61c8 <main@@Base+0x3e88>
    61b4:	00000000 	nop
    61b8:	00001025 	move	v0,zero
    61bc:	8fbf001c 	lw	ra,28(sp)
    61c0:	03e00008 	jr	ra
    61c4:	27bd0020 	addiu	sp,sp,32
    61c8:	00c31823 	subu	v1,a2,v1
    61cc:	00c3402a 	slt	t0,a2,v1
    61d0:	1100000a 	beqz	t0,61fc <main@@Base+0x3ebc>
    61d4:	24060268 	li	a2,616
    61d8:	8f878038 	lw	a3,-32712(gp)
    61dc:	8f858038 	lw	a1,-32712(gp)
    61e0:	8f848038 	lw	a0,-32712(gp)
    61e4:	24e776a8 	addiu	a3,a3,30376
    61e8:	24a55814 	addiu	a1,a1,22548
    61ec:	24845880 	addiu	a0,a0,22656
    61f0:	8f998170 	lw	t9,-32400(gp)
    61f4:	0320f809 	jalr	t9
    61f8:	00000000 	nop
    61fc:	70651802 	mul	v1,v1,a1
    6200:	00834021 	addu	t0,a0,v1
    6204:	15000009 	bnez	t0,622c <main@@Base+0x3eec>
    6208:	00823021 	addu	a2,a0,v0
    620c:	8f878038 	lw	a3,-32712(gp)
    6210:	24060205 	li	a2,517
    6214:	8f858038 	lw	a1,-32712(gp)
    6218:	8f848038 	lw	a0,-32712(gp)
    621c:	24e77690 	addiu	a3,a3,30352
    6220:	24a55814 	addiu	a1,a1,22548
    6224:	1000fff2 	b	61f0 <main@@Base+0x3eb0>
    6228:	24845898 	addiu	a0,a0,22680
    622c:	14c0000a 	bnez	a2,6258 <main@@Base+0x3f18>
    6230:	00431023 	subu	v0,v0,v1
    6234:	00431021 	addu	v0,v0,v1
    6238:	8f878038 	lw	a3,-32712(gp)
    623c:	24060206 	li	a2,518
    6240:	8f858038 	lw	a1,-32712(gp)
    6244:	8f848038 	lw	a0,-32712(gp)
    6248:	24e77690 	addiu	a3,a3,30352
    624c:	24a55814 	addiu	a1,a1,22548
    6250:	1000ffe7 	b	61f0 <main@@Base+0x3eb0>
    6254:	248458a0 	addiu	a0,a0,22688
    6258:	04410008 	bgez	v0,627c <main@@Base+0x3f3c>
    625c:	2406020a 	li	a2,522
    6260:	8f878038 	lw	a3,-32712(gp)
    6264:	8f858038 	lw	a1,-32712(gp)
    6268:	8f848038 	lw	a0,-32712(gp)
    626c:	24e77690 	addiu	a3,a3,30352
    6270:	24a55814 	addiu	a1,a1,22548
    6274:	1000ffde 	b	61f0 <main@@Base+0x3eb0>
    6278:	248458a4 	addiu	a0,a0,22692
    627c:	00a001f4 	teq	a1,zero,0x7
    6280:	0045001b 	divu	zero,v0,a1
    6284:	00001810 	mfhi	v1
    6288:	10600008 	beqz	v1,62ac <main@@Base+0x3f6c>
    628c:	2406020b 	li	a2,523
    6290:	8f878038 	lw	a3,-32712(gp)
    6294:	8f858038 	lw	a1,-32712(gp)
    6298:	8f848038 	lw	a0,-32712(gp)
    629c:	24e77690 	addiu	a3,a3,30352
    62a0:	24a55814 	addiu	a1,a1,22548
    62a4:	1000ffd2 	b	61f0 <main@@Base+0x3eb0>
    62a8:	248458b0 	addiu	a0,a0,22704
    62ac:	14a00008 	bnez	a1,62d0 <main@@Base+0x3f90>
    62b0:	240601e5 	li	a2,485
    62b4:	8f878038 	lw	a3,-32712(gp)
    62b8:	8f858038 	lw	a1,-32712(gp)
    62bc:	8f848038 	lw	a0,-32712(gp)
    62c0:	24e776b4 	addiu	a3,a3,30388
    62c4:	24a55814 	addiu	a1,a1,22548
    62c8:	1000ffc9 	b	61f0 <main@@Base+0x3eb0>
    62cc:	248458d0 	addiu	a0,a0,22736
    62d0:	00a001f4 	teq	a1,zero,0x7
    62d4:	0045001a 	div	zero,v0,a1
    62d8:	00001012 	mflo	v0
    62dc:	70451002 	mul	v0,v0,a1
    62e0:	1522ffb5 	bne	t1,v0,61b8 <main@@Base+0x3e78>
    62e4:	8f998390 	lw	t9,-31856(gp)
    62e8:	00e02825 	move	a1,a3
    62ec:	01203025 	move	a2,t1
    62f0:	0320f809 	jalr	t9
    62f4:	01002025 	move	a0,t0
    62f8:	1000ffb0 	b	61bc <main@@Base+0x3e7c>
    62fc:	2c420001 	sltiu	v0,v0,1
    6300:	3c1c0002 	lui	gp,0x2
    6304:	279cad00 	addiu	gp,gp,-21248
    6308:	0399e021 	addu	gp,gp,t9
    630c:	8c860004 	lw	a2,4(a0)
    6310:	8ca30004 	lw	v1,4(a1)
    6314:	14c3000c 	bne	a2,v1,6348 <main@@Base+0x4008>
    6318:	8f998390 	lw	t9,-31856(gp)
    631c:	27bdffe0 	addiu	sp,sp,-32
    6320:	8ca50000 	lw	a1,0(a1)
    6324:	8c840000 	lw	a0,0(a0)
    6328:	afbf001c 	sw	ra,28(sp)
    632c:	afbc0010 	sw	gp,16(sp)
    6330:	0320f809 	jalr	t9
    6334:	00000000 	nop
    6338:	8fbf001c 	lw	ra,28(sp)
    633c:	2c420001 	sltiu	v0,v0,1
    6340:	03e00008 	jr	ra
    6344:	27bd0020 	addiu	sp,sp,32
    6348:	03e00008 	jr	ra
    634c:	00001025 	move	v0,zero
    6350:	3c1c0002 	lui	gp,0x2
    6354:	279cacb0 	addiu	gp,gp,-21328
    6358:	0399e021 	addu	gp,gp,t9
    635c:	27bdeef8 	addiu	sp,sp,-4360
    6360:	8f828038 	lw	v0,-32712(gp)
    6364:	8f878038 	lw	a3,-32712(gp)
    6368:	24060308 	li	a2,776
    636c:	8f998224 	lw	t9,-32220(gp)
    6370:	24455800 	addiu	a1,v0,22528
    6374:	afb010e0 	sw	s0,4320(sp)
    6378:	24e758e0 	addiu	a3,a3,22752
    637c:	afbc0020 	sw	gp,32(sp)
    6380:	00808025 	move	s0,a0
    6384:	afbf1104 	sw	ra,4356(sp)
    6388:	24040004 	li	a0,4
    638c:	afa210a4 	sw	v0,4260(sp)
    6390:	afbe1100 	sw	s8,4352(sp)
    6394:	afb710fc 	sw	s7,4348(sp)
    6398:	afb610f8 	sw	s6,4344(sp)
    639c:	afb510f4 	sw	s5,4340(sp)
    63a0:	afb410f0 	sw	s4,4336(sp)
    63a4:	afb310ec 	sw	s3,4332(sp)
    63a8:	afb210e8 	sw	s2,4328(sp)
    63ac:	0320f809 	jalr	t9
    63b0:	afb110e4 	sw	s1,4324(sp)
    63b4:	8fbc0020 	lw	gp,32(sp)
    63b8:	8f9981b4 	lw	t9,-32332(gp)
    63bc:	0320f809 	jalr	t9
    63c0:	00000000 	nop
    63c4:	8e041050 	lw	a0,4176(s0)
    63c8:	8fbc0020 	lw	gp,32(sp)
    63cc:	afa210bc 	sw	v0,4284(sp)
    63d0:	1080026d 	beqz	a0,6d88 <main@@Base+0x4a48>
    63d4:	afa310c0 	sw	v1,4288(sp)
    63d8:	8f9982c8 	lw	t9,-32056(gp)
    63dc:	0320f809 	jalr	t9
    63e0:	00000000 	nop
    63e4:	24050005 	li	a1,5
    63e8:	8c52001c 	lw	s2,28(v0)
    63ec:	00408825 	move	s1,v0
    63f0:	8c530028 	lw	s3,40(v0)
    63f4:	3402bb80 	li	v0,0xbb80
    63f8:	8fbc0020 	lw	gp,32(sp)
    63fc:	02202025 	move	a0,s1
    6400:	3a43006f 	xori	v1,s2,0x6f
    6404:	0263100b 	movn	v0,s3,v1
    6408:	8f998278 	lw	t9,-32136(gp)
    640c:	0040b825 	move	s7,v0
    6410:	8e220020 	lw	v0,32(s1)
    6414:	0320f809 	jalr	t9
    6418:	afa210ac 	sw	v0,4268(sp)
    641c:	24060322 	li	a2,802
    6420:	8fbc0020 	lw	gp,32(sp)
    6424:	24040004 	li	a0,4
    6428:	ae021060 	sw	v0,4192(s0)
    642c:	ae031064 	sw	v1,4196(s0)
    6430:	0000000f 	sync
    6434:	ae121054 	sw	s2,4180(s0)
    6438:	0000000f 	sync
    643c:	8f878038 	lw	a3,-32712(gp)
    6440:	0000000f 	sync
    6444:	ae131058 	sw	s3,4184(s0)
    6448:	0000000f 	sync
    644c:	8f998224 	lw	t9,-32220(gp)
    6450:	92220030 	lbu	v0,48(s1)
    6454:	0000000f 	sync
    6458:	24e758fc 	addiu	a3,a3,22780
    645c:	ae02105c 	sw	v0,4188(s0)
    6460:	0000000f 	sync
    6464:	afb70018 	sw	s7,24(sp)
    6468:	8fa210ac 	lw	v0,4268(sp)
    646c:	afb30014 	sw	s3,20(sp)
    6470:	afb20010 	sw	s2,16(sp)
    6474:	afa2001c 	sw	v0,28(sp)
    6478:	8f828038 	lw	v0,-32712(gp)
    647c:	0320f809 	jalr	t9
    6480:	24455800 	addiu	a1,v0,22528
    6484:	8fbc0020 	lw	gp,32(sp)
    6488:	8f828034 	lw	v0,-32716(gp)
    648c:	0000a025 	move	s4,zero
    6490:	0000f025 	move	s8,zero
    6494:	afa01094 	sw	zero,4244(sp)
    6498:	00009825 	move	s3,zero
    649c:	afa01098 	sw	zero,4248(sp)
    64a0:	244254d0 	addiu	v0,v0,21712
    64a4:	afa0108c 	sw	zero,4236(sp)
    64a8:	00008825 	move	s1,zero
    64ac:	afa01090 	sw	zero,4240(sp)
    64b0:	afa210d8 	sw	v0,4312(sp)
    64b4:	8f828038 	lw	v0,-32712(gp)
    64b8:	afa210c4 	sw	v0,4292(sp)
    64bc:	8e02106c 	lw	v0,4204(s0)
    64c0:	8c420000 	lw	v0,0(v0)
    64c4:	14400015 	bnez	v0,651c <main@@Base+0x41dc>
    64c8:	8fa210a4 	lw	v0,4260(sp)
    64cc:	240603fb 	li	a2,1019
    64d0:	8f878038 	lw	a3,-32712(gp)
    64d4:	24040004 	li	a0,4
    64d8:	8f998224 	lw	t9,-32220(gp)
    64dc:	24455800 	addiu	a1,v0,22528
    64e0:	0320f809 	jalr	t9
    64e4:	24e75a10 	addiu	a3,a3,23056
    64e8:	00001025 	move	v0,zero
    64ec:	8fbf1104 	lw	ra,4356(sp)
    64f0:	8fbe1100 	lw	s8,4352(sp)
    64f4:	8fb710fc 	lw	s7,4348(sp)
    64f8:	8fb610f8 	lw	s6,4344(sp)
    64fc:	8fb510f4 	lw	s5,4340(sp)
    6500:	8fb410f0 	lw	s4,4336(sp)
    6504:	8fb310ec 	lw	s3,4332(sp)
    6508:	8fb210e8 	lw	s2,4328(sp)
    650c:	8fb110e4 	lw	s1,4324(sp)
    6510:	8fb010e0 	lw	s0,4320(sp)
    6514:	03e00008 	jr	ra
    6518:	27bd1108 	addiu	sp,sp,4360
    651c:	8e021050 	lw	v0,4176(s0)
    6520:	14400058 	bnez	v0,6684 <main@@Base+0x4344>
    6524:	8f998134 	lw	t9,-32460(gp)
    6528:	8fa210c4 	lw	v0,4292(sp)
    652c:	8f9982e4 	lw	t9,-32028(gp)
    6530:	0320f809 	jalr	t9
    6534:	244464f4 	addiu	a0,v0,25844
    6538:	8fbc0020 	lw	gp,32(sp)
    653c:	1440000a 	bnez	v0,6568 <main@@Base+0x4228>
    6540:	ae021050 	sw	v0,4176(s0)
    6544:	3c040003 	lui	a0,0x3
    6548:	8f998100 	lw	t9,-32512(gp)
    654c:	0320f809 	jalr	t9
    6550:	24840d40 	addiu	a0,a0,3392
    6554:	8fbc0020 	lw	gp,32(sp)
    6558:	afb41088 	sw	s4,4232(sp)
    655c:	8fb61094 	lw	s6,4244(sp)
    6560:	10000070 	b	6724 <main@@Base+0x43e4>
    6564:	8fb51098 	lw	s5,4248(sp)
    6568:	8fa310c4 	lw	v1,4292(sp)
    656c:	00402025 	move	a0,v0
    6570:	8f998034 	lw	t9,-32716(gp)
    6574:	27395bac 	addiu	t9,t9,23468
    6578:	0411fd8c 	bal	5bac <main@@Base+0x386c>
    657c:	246564f4 	addiu	a1,v1,25844
    6580:	8fbc0020 	lw	gp,32(sp)
    6584:	8f9982c8 	lw	t9,-32056(gp)
    6588:	0320f809 	jalr	t9
    658c:	8e041050 	lw	a0,4176(s0)
    6590:	24050005 	li	a1,5
    6594:	8c52001c 	lw	s2,28(v0)
    6598:	00409825 	move	s3,v0
    659c:	8c510028 	lw	s1,40(v0)
    65a0:	3402bb80 	li	v0,0xbb80
    65a4:	8fbc0020 	lw	gp,32(sp)
    65a8:	02602025 	move	a0,s3
    65ac:	3a43006f 	xori	v1,s2,0x6f
    65b0:	0223100b 	movn	v0,s1,v1
    65b4:	8f998278 	lw	t9,-32136(gp)
    65b8:	0040b825 	move	s7,v0
    65bc:	8e620020 	lw	v0,32(s3)
    65c0:	0320f809 	jalr	t9
    65c4:	afa210ac 	sw	v0,4268(sp)
    65c8:	26040038 	addiu	a0,s0,56
    65cc:	8fbc0020 	lw	gp,32(sp)
    65d0:	ae031064 	sw	v1,4196(s0)
    65d4:	ae021060 	sw	v0,4192(s0)
    65d8:	0000000f 	sync
    65dc:	ae121054 	sw	s2,4180(s0)
    65e0:	0000000f 	sync
    65e4:	8f998160 	lw	t9,-32416(gp)
    65e8:	0000000f 	sync
    65ec:	ae111058 	sw	s1,4184(s0)
    65f0:	0000000f 	sync
    65f4:	92620030 	lbu	v0,48(s3)
    65f8:	0000000f 	sync
    65fc:	ae02105c 	sw	v0,4188(s0)
    6600:	0000000f 	sync
    6604:	0320f809 	jalr	t9
    6608:	00000000 	nop
    660c:	26050014 	addiu	a1,s0,20
    6610:	8fbc0020 	lw	gp,32(sp)
    6614:	00001825 	move	v1,zero
    6618:	8e020034 	lw	v0,52(s0)
    661c:	0062102a 	slt	v0,v1,v0
    6620:	14400044 	bnez	v0,6734 <main@@Base+0x43f4>
    6624:	8f998178 	lw	t9,-32392(gp)
    6628:	26040038 	addiu	a0,s0,56
    662c:	0000a025 	move	s4,zero
    6630:	0320f809 	jalr	t9
    6634:	00009825 	move	s3,zero
    6638:	24060347 	li	a2,839
    663c:	8fbc0020 	lw	gp,32(sp)
    6640:	24040004 	li	a0,4
    6644:	8fa210a4 	lw	v0,4260(sp)
    6648:	afb10014 	sw	s1,20(sp)
    664c:	00008825 	move	s1,zero
    6650:	afb70018 	sw	s7,24(sp)
    6654:	afb20010 	sw	s2,16(sp)
    6658:	24455800 	addiu	a1,v0,22528
    665c:	8f878038 	lw	a3,-32712(gp)
    6660:	8f998224 	lw	t9,-32220(gp)
    6664:	0320f809 	jalr	t9
    6668:	24e75934 	addiu	a3,a3,22836
    666c:	8fbc0020 	lw	gp,32(sp)
    6670:	afa01094 	sw	zero,4244(sp)
    6674:	afa01098 	sw	zero,4248(sp)
    6678:	afa0108c 	sw	zero,4236(sp)
    667c:	afa01090 	sw	zero,4240(sp)
    6680:	8f998134 	lw	t9,-32460(gp)
    6684:	24050064 	li	a1,100
    6688:	0320f809 	jalr	t9
    668c:	8e041050 	lw	a0,4176(s0)
    6690:	8fbc0020 	lw	gp,32(sp)
    6694:	10400034 	beqz	v0,6768 <main@@Base+0x4428>
    6698:	afa21088 	sw	v0,4232(sp)
    669c:	8f9982c8 	lw	t9,-32056(gp)
    66a0:	0320f809 	jalr	t9
    66a4:	8e041050 	lw	a0,4176(s0)
    66a8:	24050005 	li	a1,5
    66ac:	8fbc0020 	lw	gp,32(sp)
    66b0:	8f998278 	lw	t9,-32136(gp)
    66b4:	0320f809 	jalr	t9
    66b8:	00402025 	move	a0,v0
    66bc:	0040b025 	move	s6,v0
    66c0:	8fa21094 	lw	v0,4244(sp)
    66c4:	8fbc0020 	lw	gp,32(sp)
    66c8:	14560015 	bne	v0,s6,6720 <main@@Base+0x43e0>
    66cc:	0060a825 	move	s5,v1
    66d0:	8fa21098 	lw	v0,4248(sp)
    66d4:	14430012 	bne	v0,v1,6720 <main@@Base+0x43e0>
    66d8:	26820001 	addiu	v0,s4,1
    66dc:	afa21088 	sw	v0,4232(sp)
    66e0:	28420014 	slti	v0,v0,20
    66e4:	1440000f 	bnez	v0,6724 <main@@Base+0x43e4>
    66e8:	8f878038 	lw	a3,-32712(gp)
    66ec:	24060356 	li	a2,854
    66f0:	8fa210a4 	lw	v0,4260(sp)
    66f4:	24040004 	li	a0,4
    66f8:	8f998224 	lw	t9,-32220(gp)
    66fc:	24e7595c 	addiu	a3,a3,22876
    6700:	0320f809 	jalr	t9
    6704:	24455800 	addiu	a1,v0,22528
    6708:	8fbc0020 	lw	gp,32(sp)
    670c:	8f9982d4 	lw	t9,-32044(gp)
    6710:	0320f809 	jalr	t9
    6714:	8e041050 	lw	a0,4176(s0)
    6718:	8fbc0020 	lw	gp,32(sp)
    671c:	ae001050 	sw	zero,4176(s0)
    6720:	afa01088 	sw	zero,4232(sp)
    6724:	8fb41088 	lw	s4,4232(sp)
    6728:	afb61094 	sw	s6,4244(sp)
    672c:	1000ff63 	b	64bc <main@@Base+0x417c>
    6730:	afb51098 	sw	s5,4248(sp)
    6734:	8ca20000 	lw	v0,0(a1)
    6738:	10400008 	beqz	v0,675c <main@@Base+0x441c>
    673c:	00000000 	nop
    6740:	0000000f 	sync
    6744:	904600d0 	lbu	a2,208(v0)
    6748:	0000000f 	sync
    674c:	30c600ff 	andi	a2,a2,0xff
    6750:	10c00002 	beqz	a2,675c <main@@Base+0x441c>
    6754:	00000000 	nop
    6758:	a0400100 	sb	zero,256(v0)
    675c:	24630001 	addiu	v1,v1,1
    6760:	1000ffad 	b	6618 <main@@Base+0x42d8>
    6764:	24a50004 	addiu	a1,a1,4
    6768:	24020010 	li	v0,16
    676c:	0220a025 	move	s4,s1
    6770:	afa210b0 	sw	v0,4272(sp)
    6774:	3a42000b 	xori	v0,s2,0xb
    6778:	afa210cc 	sw	v0,4300(sp)
    677c:	27a21050 	addiu	v0,sp,4176
    6780:	8e161060 	lw	s6,4192(s0)
    6784:	8e151064 	lw	s5,4196(s0)
    6788:	24071000 	li	a3,4096
    678c:	8f998158 	lw	t9,-32424(gp)
    6790:	27a60028 	addiu	a2,sp,40
    6794:	afa20014 	sw	v0,20(sp)
    6798:	27a21080 	addiu	v0,sp,4224
    679c:	27a51078 	addiu	a1,sp,4216
    67a0:	afb61078 	sw	s6,4216(sp)
    67a4:	afa20010 	sw	v0,16(sp)
    67a8:	afb5107c 	sw	s5,4220(sp)
    67ac:	0320f809 	jalr	t9
    67b0:	8e041050 	lw	a0,4176(s0)
    67b4:	8fbc0020 	lw	gp,32(sp)
    67b8:	afa210a0 	sw	v0,4256(sp)
    67bc:	2402ffb5 	li	v0,-75
    67c0:	8fa310a0 	lw	v1,4256(sp)
    67c4:	14620043 	bne	v1,v0,68d4 <main@@Base+0x4594>
    67c8:	8fa31078 	lw	v1,4216(sp)
    67cc:	16c3003e 	bne	s6,v1,68c8 <main@@Base+0x4588>
    67d0:	8fa2107c 	lw	v0,4220(sp)
    67d4:	16a2003c 	bne	s5,v0,68c8 <main@@Base+0x4588>
    67d8:	8f878038 	lw	a3,-32712(gp)
    67dc:	2406036a 	li	a2,874
    67e0:	8fa210a4 	lw	v0,4260(sp)
    67e4:	24040002 	li	a0,2
    67e8:	8f998224 	lw	t9,-32220(gp)
    67ec:	24e75978 	addiu	a3,a3,22904
    67f0:	0320f809 	jalr	t9
    67f4:	24455800 	addiu	a1,v0,22528
    67f8:	8fbc0020 	lw	gp,32(sp)
    67fc:	8f9982d4 	lw	t9,-32044(gp)
    6800:	0320f809 	jalr	t9
    6804:	8e041050 	lw	a0,4176(s0)
    6808:	8fbc0020 	lw	gp,32(sp)
    680c:	ae001050 	sw	zero,4176(s0)
    6810:	8f9981b4 	lw	t9,-32332(gp)
    6814:	0320f809 	jalr	t9
    6818:	00000000 	nop
    681c:	0040a025 	move	s4,v0
    6820:	8fa210bc 	lw	v0,4284(sp)
    6824:	8fa510c0 	lw	a1,4288(sp)
    6828:	8fbc0020 	lw	gp,32(sp)
    682c:	02821023 	subu	v0,s4,v0
    6830:	afa3109c 	sw	v1,4252(sp)
    6834:	00651823 	subu	v1,v1,a1
    6838:	0282202b 	sltu	a0,s4,v0
    683c:	00641823 	subu	v1,v1,a0
    6840:	1c600009 	bgtz	v1,6868 <main@@Base+0x4528>
    6844:	8f998160 	lw	t9,-32416(gp)
    6848:	1460ff45 	bnez	v1,6560 <main@@Base+0x4220>
    684c:	8fb61094 	lw	s6,4244(sp)
    6850:	3c0301c9 	lui	v1,0x1c9
    6854:	3463c380 	ori	v1,v1,0xc380
    6858:	0043102b 	sltu	v0,v0,v1
    685c:	1440ffb1 	bnez	v0,6724 <main@@Base+0x43e4>
    6860:	8fb51098 	lw	s5,4248(sp)
    6864:	8f998160 	lw	t9,-32416(gp)
    6868:	26020038 	addiu	v0,s0,56
    686c:	26150014 	addiu	s5,s0,20
    6870:	afa210a0 	sw	v0,4256(sp)
    6874:	0320f809 	jalr	t9
    6878:	00402025 	move	a0,v0
    687c:	0000b025 	move	s6,zero
    6880:	8fbc0020 	lw	gp,32(sp)
    6884:	8f828038 	lw	v0,-32712(gp)
    6888:	244259a4 	addiu	v0,v0,22948
    688c:	afa210a8 	sw	v0,4264(sp)
    6890:	8fa210a4 	lw	v0,4260(sp)
    6894:	24425800 	addiu	v0,v0,22528
    6898:	afa210b0 	sw	v0,4272(sp)
    689c:	8e020034 	lw	v0,52(s0)
    68a0:	02c2102a 	slt	v0,s6,v0
    68a4:	14400110 	bnez	v0,6ce8 <main@@Base+0x49a8>
    68a8:	8f998178 	lw	t9,-32392(gp)
    68ac:	0320f809 	jalr	t9
    68b0:	8fa410a0 	lw	a0,4256(sp)
    68b4:	8fa2109c 	lw	v0,4252(sp)
    68b8:	8fbc0020 	lw	gp,32(sp)
    68bc:	afb410bc 	sw	s4,4284(sp)
    68c0:	1000ff26 	b	655c <main@@Base+0x421c>
    68c4:	afa210c0 	sw	v0,4288(sp)
    68c8:	ae031060 	sw	v1,4192(s0)
    68cc:	1000ffd0 	b	6810 <main@@Base+0x44d0>
    68d0:	ae021064 	sw	v0,4196(s0)
    68d4:	8fa210a0 	lw	v0,4256(sp)
    68d8:	1440ffcd 	bnez	v0,6810 <main@@Base+0x44d0>
    68dc:	8fa21078 	lw	v0,4216(sp)
    68e0:	8fa3107c 	lw	v1,4220(sp)
    68e4:	ae021060 	sw	v0,4192(s0)
    68e8:	24020061 	li	v0,97
    68ec:	12420046 	beq	s2,v0,6a08 <main@@Base+0x46c8>
    68f0:	ae031064 	sw	v1,4196(s0)
    68f4:	240303c0 	li	v1,960
    68f8:	2402006f 	li	v0,111
    68fc:	12420006 	beq	s2,v0,6918 <main@@Base+0x45d8>
    6900:	afa3109c 	sw	v1,4252(sp)
    6904:	8fa21080 	lw	v0,4224(sp)
    6908:	8fa410cc 	lw	a0,4300(sp)
    690c:	00021842 	srl	v1,v0,0x1
    6910:	0064100a 	movz	v0,v1,a0
    6914:	afa2109c 	sw	v0,4252(sp)
    6918:	8fa31090 	lw	v1,4240(sp)
    691c:	3c06000f 	lui	a2,0xf
    6920:	8fa2108c 	lw	v0,4236(sp)
    6924:	00003825 	move	a3,zero
    6928:	8fb51060 	lw	s5,4192(sp)
    692c:	34c64240 	ori	a2,a2,0x4240
    6930:	8fb61064 	lw	s6,4196(sp)
    6934:	00431025 	or	v0,v0,v1
    6938:	8fa3108c 	lw	v1,4236(sp)
    693c:	8f99803c 	lw	t9,-32708(gp)
    6940:	02a2180a 	movz	v1,s5,v0
    6944:	afa3108c 	sw	v1,4236(sp)
    6948:	8fa31090 	lw	v1,4240(sp)
    694c:	02c2180a 	movz	v1,s6,v0
    6950:	8fa2108c 	lw	v0,4236(sp)
    6954:	afa31090 	sw	v1,4240(sp)
    6958:	02a21823 	subu	v1,s5,v0
    695c:	8fa21090 	lw	v0,4240(sp)
    6960:	00770019 	multu	v1,s7
    6964:	02c21023 	subu	v0,s6,v0
    6968:	02a3202b 	sltu	a0,s5,v1
    696c:	00441023 	subu	v0,v0,a0
    6970:	00002810 	mfhi	a1
    6974:	00002012 	mflo	a0
    6978:	70571802 	mul	v1,v0,s7
    697c:	041136cc 	bal	144b0 <main@@Base+0x12170>
    6980:	00652821 	addu	a1,v1,a1
    6984:	8fbc0020 	lw	gp,32(sp)
    6988:	12600037 	beqz	s3,6a68 <main@@Base+0x4728>
    698c:	00408825 	move	s1,v0
    6990:	8fa2109c 	lw	v0,4252(sp)
    6994:	12e0004b 	beqz	s7,6ac4 <main@@Base+0x4784>
    6998:	0054a021 	addu	s4,v0,s4
    699c:	8fa3109c 	lw	v1,4252(sp)
    69a0:	02341023 	subu	v0,s1,s4
    69a4:	00031880 	sll	v1,v1,0x2
    69a8:	0062202a 	slt	a0,v1,v0
    69ac:	14800014 	bnez	a0,6a00 <main@@Base+0x46c0>
    69b0:	00031823 	negu	v1,v1
    69b4:	0043182a 	slt	v1,v0,v1
    69b8:	10600017 	beqz	v1,6a18 <main@@Base+0x46d8>
    69bc:	8f998040 	lw	t9,-32704(gp)
    69c0:	3c02000f 	lui	v0,0xf
    69c4:	00003825 	move	a3,zero
    69c8:	24424240 	addiu	v0,v0,16960
    69cc:	02e03025 	move	a2,s7
    69d0:	02820019 	multu	s4,v0
    69d4:	02808825 	move	s1,s4
    69d8:	00002012 	mflo	a0
    69dc:	04113488 	bal	13c00 <main@@Base+0x118c0>
    69e0:	00002810 	mfhi	a1
    69e4:	02a21023 	subu	v0,s5,v0
    69e8:	8fbc0020 	lw	gp,32(sp)
    69ec:	02c3b023 	subu	s6,s6,v1
    69f0:	02a2a82b 	sltu	s5,s5,v0
    69f4:	afa2108c 	sw	v0,4236(sp)
    69f8:	02d51023 	subu	v0,s6,s5
    69fc:	afa21090 	sw	v0,4240(sp)
    6a00:	10000019 	b	6a68 <main@@Base+0x4728>
    6a04:	0000f025 	move	s8,zero
    6a08:	8fa310ac 	lw	v1,4268(sp)
    6a0c:	24020400 	li	v0,1024
    6a10:	1000ffc0 	b	6914 <main@@Base+0x45d4>
    6a14:	0063100b 	movn	v0,v1,v1
    6a18:	005e1023 	subu	v0,v0,s8
    6a1c:	2443000f 	addiu	v1,v0,15
    6a20:	28440000 	slti	a0,v0,0
    6a24:	0064100b 	movn	v0,v1,a0
    6a28:	00021103 	sra	v0,v0,0x4
    6a2c:	03c2f021 	addu	s8,s8,v0
    6a30:	27c2000f 	addiu	v0,s8,15
    6a34:	2bc30000 	slti	v1,s8,0
    6a38:	03c3100a 	movz	v0,s8,v1
    6a3c:	240303e8 	li	v1,1000
    6a40:	006001f4 	teq	v1,zero,0x7
    6a44:	02e3001b 	divu	zero,s7,v1
    6a48:	00021103 	sra	v0,v0,0x4
    6a4c:	00001812 	mflo	v1
    6a50:	00038823 	negu	s1,v1
    6a54:	0062202a 	slt	a0,v1,v0
    6a58:	0222282a 	slt	a1,s1,v0
    6a5c:	0045880b 	movn	s1,v0,a1
    6a60:	0064880b 	movn	s1,v1,a0
    6a64:	02348821 	addu	s1,s1,s4
    6a68:	8f998160 	lw	t9,-32416(gp)
    6a6c:	26020038 	addiu	v0,s0,56
    6a70:	26150014 	addiu	s5,s0,20
    6a74:	afa210c8 	sw	v0,4296(sp)
    6a78:	0320f809 	jalr	t9
    6a7c:	00402025 	move	a0,v0
    6a80:	24140001 	li	s4,1
    6a84:	8fbc0020 	lw	gp,32(sp)
    6a88:	8e020034 	lw	v0,52(s0)
    6a8c:	8fa310a0 	lw	v1,4256(sp)
    6a90:	0062102a 	slt	v0,v1,v0
    6a94:	1440000d 	bnez	v0,6acc <main@@Base+0x478c>
    6a98:	8f998178 	lw	t9,-32392(gp)
    6a9c:	24130001 	li	s3,1
    6aa0:	0320f809 	jalr	t9
    6aa4:	8fa410c8 	lw	a0,4296(sp)
    6aa8:	8fa210b0 	lw	v0,4272(sp)
    6aac:	8fbc0020 	lw	gp,32(sp)
    6ab0:	2442ffff 	addiu	v0,v0,-1
    6ab4:	1040ff56 	beqz	v0,6810 <main@@Base+0x44d0>
    6ab8:	afa210b0 	sw	v0,4272(sp)
    6abc:	1000ff2f 	b	677c <main@@Base+0x443c>
    6ac0:	0220a025 	move	s4,s1
    6ac4:	1000ffe8 	b	6a68 <main@@Base+0x4728>
    6ac8:	02808825 	move	s1,s4
    6acc:	8eb30000 	lw	s3,0(s5)
    6ad0:	1260004c 	beqz	s3,6c04 <main@@Base+0x48c4>
    6ad4:	8fa210a0 	lw	v0,4256(sp)
    6ad8:	0000000f 	sync
    6adc:	926200d0 	lbu	v0,208(s3)
    6ae0:	0000000f 	sync
    6ae4:	304200ff 	andi	v0,v0,0xff
    6ae8:	10400045 	beqz	v0,6c00 <main@@Base+0x48c0>
    6aec:	00000000 	nop
    6af0:	8e62009c 	lw	v0,156(s3)
    6af4:	14400004 	bnez	v0,6b08 <main@@Base+0x47c8>
    6af8:	00000000 	nop
    6afc:	8e6200a0 	lw	v0,160(s3)
    6b00:	1040000a 	beqz	v0,6b2c <main@@Base+0x47ec>
    6b04:	00000000 	nop
    6b08:	0000000f 	sync
    6b0c:	926200b0 	lbu	v0,176(s3)
    6b10:	0000000f 	sync
    6b14:	304200ff 	andi	v0,v0,0xff
    6b18:	10400004 	beqz	v0,6b2c <main@@Base+0x47ec>
    6b1c:	00000000 	nop
    6b20:	926200ec 	lbu	v0,236(s3)
    6b24:	10400037 	beqz	v0,6c04 <main@@Base+0x48c4>
    6b28:	8fa210a0 	lw	v0,4256(sp)
    6b2c:	92620100 	lbu	v0,256(s3)
    6b30:	14400003 	bnez	v0,6b40 <main@@Base+0x4800>
    6b34:	00000000 	nop
    6b38:	ae7100f8 	sw	s1,248(s3)
    6b3c:	a2740100 	sb	s4,256(s3)
    6b40:	8e6200fc 	lw	v0,252(s3)
    6b44:	8e6400f8 	lw	a0,248(s3)
    6b48:	02221021 	addu	v0,s1,v0
    6b4c:	0044b023 	subu	s6,v0,a0
    6b50:	92620108 	lbu	v0,264(s3)
    6b54:	10400006 	beqz	v0,6b70 <main@@Base+0x4830>
    6b58:	8fa3109c 	lw	v1,4252(sp)
    6b5c:	8e620104 	lw	v0,260(s3)
    6b60:	02c22023 	subu	a0,s6,v0
    6b64:	00431021 	addu	v0,v0,v1
    6b68:	28840001 	slti	a0,a0,1
    6b6c:	0044b00b 	movn	s6,v0,a0
    6b70:	8fa21080 	lw	v0,4224(sp)
    6b74:	8fa31064 	lw	v1,4196(sp)
    6b78:	8f998310 	lw	t9,-31984(gp)
    6b7c:	afa210b4 	sw	v0,4276(sp)
    6b80:	ae760104 	sw	s6,260(s3)
    6b84:	a2740108 	sb	s4,264(s3)
    6b88:	afa310d4 	sw	v1,4308(sp)
    6b8c:	8fa21060 	lw	v0,4192(sp)
    6b90:	8fa410b4 	lw	a0,4276(sp)
    6b94:	0320f809 	jalr	t9
    6b98:	afa210d0 	sw	v0,4304(sp)
    6b9c:	8fbc0020 	lw	gp,32(sp)
    6ba0:	10400017 	beqz	v0,6c00 <main@@Base+0x48c0>
    6ba4:	afa210a8 	sw	v0,4264(sp)
    6ba8:	8f998120 	lw	t9,-32480(gp)
    6bac:	27a50028 	addiu	a1,sp,40
    6bb0:	8fa610b4 	lw	a2,4276(sp)
    6bb4:	0320f809 	jalr	t9
    6bb8:	00402025 	move	a0,v0
    6bbc:	26621694 	addiu	v0,s3,5780
    6bc0:	8fbc0020 	lw	gp,32(sp)
    6bc4:	afa210b8 	sw	v0,4280(sp)
    6bc8:	8f998160 	lw	t9,-32416(gp)
    6bcc:	0320f809 	jalr	t9
    6bd0:	00402025 	move	a0,v0
    6bd4:	926216e0 	lbu	v0,5856(s3)
    6bd8:	1040000e 	beqz	v0,6c14 <main@@Base+0x48d4>
    6bdc:	8fbc0020 	lw	gp,32(sp)
    6be0:	8f998178 	lw	t9,-32392(gp)
    6be4:	0320f809 	jalr	t9
    6be8:	8fa410b8 	lw	a0,4280(sp)
    6bec:	8fbc0020 	lw	gp,32(sp)
    6bf0:	8f998150 	lw	t9,-32432(gp)
    6bf4:	0320f809 	jalr	t9
    6bf8:	8fa410a8 	lw	a0,4264(sp)
    6bfc:	8fbc0020 	lw	gp,32(sp)
    6c00:	8fa210a0 	lw	v0,4256(sp)
    6c04:	26b50004 	addiu	s5,s5,4
    6c08:	24420001 	addiu	v0,v0,1
    6c0c:	1000ff9e 	b	6a88 <main@@Base+0x4748>
    6c10:	afa210a0 	sw	v0,4256(sp)
    6c14:	8e621690 	lw	v0,5776(s3)
    6c18:	28420020 	slti	v0,v0,32
    6c1c:	14400010 	bnez	v0,6c60 <main@@Base+0x4920>
    6c20:	27a51028 	addiu	a1,sp,4136
    6c24:	8e6216ec 	lw	v0,5868(s3)
    6c28:	8fb910d8 	lw	t9,4312(sp)
    6c2c:	26641188 	addiu	a0,s3,4488
    6c30:	24420001 	addiu	v0,v0,1
    6c34:	ae6216ec 	sw	v0,5868(s3)
    6c38:	8e6216e4 	lw	v0,5860(s3)
    6c3c:	24420001 	addiu	v0,v0,1
    6c40:	0320f809 	jalr	t9
    6c44:	ae6216e4 	sw	v0,5860(s3)
    6c48:	1040ffe5 	beqz	v0,6be0 <main@@Base+0x48a0>
    6c4c:	8fbc0020 	lw	gp,32(sp)
    6c50:	8f998150 	lw	t9,-32432(gp)
    6c54:	0320f809 	jalr	t9
    6c58:	8fa41028 	lw	a0,4136(sp)
    6c5c:	8fbc0020 	lw	gp,32(sp)
    6c60:	8e641688 	lw	a0,5768(s3)
    6c64:	24020028 	li	v0,40
    6c68:	8fa610d0 	lw	a2,4304(sp)
    6c6c:	8fa710d4 	lw	a3,4308(sp)
    6c70:	70821802 	mul	v1,a0,v0
    6c74:	8f998164 	lw	t9,-32412(gp)
    6c78:	00731021 	addu	v0,v1,s3
    6c7c:	8fa310a8 	lw	v1,4264(sp)
    6c80:	ac431188 	sw	v1,4488(v0)
    6c84:	ac561190 	sw	s6,4496(v0)
    6c88:	ac461198 	sw	a2,4504(v0)
    6c8c:	ac47119c 	sw	a3,4508(v0)
    6c90:	a05411a0 	sb	s4,4512(v0)
    6c94:	ac5211a4 	sw	s2,4516(v0)
    6c98:	a04011a8 	sb	zero,4520(v0)
    6c9c:	8fa310b4 	lw	v1,4276(sp)
    6ca0:	ac43118c 	sw	v1,4492(v0)
    6ca4:	24820001 	addiu	v0,a0,1
    6ca8:	24040020 	li	a0,32
    6cac:	008001f4 	teq	a0,zero,0x7
    6cb0:	0044001a 	div	zero,v0,a0
    6cb4:	266416b0 	addiu	a0,s3,5808
    6cb8:	00001010 	mfhi	v0
    6cbc:	ae621688 	sw	v0,5768(s3)
    6cc0:	8e621690 	lw	v0,5776(s3)
    6cc4:	24420001 	addiu	v0,v0,1
    6cc8:	0320f809 	jalr	t9
    6ccc:	ae621690 	sw	v0,5776(s3)
    6cd0:	8fbc0020 	lw	gp,32(sp)
    6cd4:	8f998178 	lw	t9,-32392(gp)
    6cd8:	0320f809 	jalr	t9
    6cdc:	8fa410b8 	lw	a0,4280(sp)
    6ce0:	1000ffc7 	b	6c00 <main@@Base+0x48c0>
    6ce4:	8fbc0020 	lw	gp,32(sp)
    6ce8:	8ea30000 	lw	v1,0(s5)
    6cec:	10600023 	beqz	v1,6d7c <main@@Base+0x4a3c>
    6cf0:	8f998160 	lw	t9,-32416(gp)
    6cf4:	24641694 	addiu	a0,v1,5780
    6cf8:	afa310b4 	sw	v1,4276(sp)
    6cfc:	0320f809 	jalr	t9
    6d00:	afa410c0 	sw	a0,4288(sp)
    6d04:	8fa310b4 	lw	v1,4276(sp)
    6d08:	8fbc0020 	lw	gp,32(sp)
    6d0c:	8fa410c0 	lw	a0,4288(sp)
    6d10:	8c6516ec 	lw	a1,5868(v1)
    6d14:	8c6616e4 	lw	a2,5860(v1)
    6d18:	8c6716e8 	lw	a3,5864(v1)
    6d1c:	8f998178 	lw	t9,-32392(gp)
    6d20:	afa510bc 	sw	a1,4284(sp)
    6d24:	afa610b8 	sw	a2,4280(sp)
    6d28:	afa710b4 	sw	a3,4276(sp)
    6d2c:	ac6016ec 	sw	zero,5868(v1)
    6d30:	ac6016e4 	sw	zero,5860(v1)
    6d34:	0320f809 	jalr	t9
    6d38:	ac6016e8 	sw	zero,5864(v1)
    6d3c:	8fa510bc 	lw	a1,4284(sp)
    6d40:	8fbc0020 	lw	gp,32(sp)
    6d44:	8fa710b4 	lw	a3,4276(sp)
    6d48:	10a0000c 	beqz	a1,6d7c <main@@Base+0x4a3c>
    6d4c:	8fa610b8 	lw	a2,4280(sp)
    6d50:	8f998224 	lw	t9,-32220(gp)
    6d54:	24040002 	li	a0,2
    6d58:	afa7001c 	sw	a3,28(sp)
    6d5c:	afa50014 	sw	a1,20(sp)
    6d60:	afa60018 	sw	a2,24(sp)
    6d64:	240603f2 	li	a2,1010
    6d68:	afb60010 	sw	s6,16(sp)
    6d6c:	8fa710a8 	lw	a3,4264(sp)
    6d70:	0320f809 	jalr	t9
    6d74:	8fa510b0 	lw	a1,4272(sp)
    6d78:	8fbc0020 	lw	gp,32(sp)
    6d7c:	26d60001 	addiu	s6,s6,1
    6d80:	1000fec6 	b	689c <main@@Base+0x455c>
    6d84:	26b50004 	addiu	s5,s5,4
    6d88:	0000b825 	move	s7,zero
    6d8c:	afa010ac 	sw	zero,4268(sp)
    6d90:	1000fdbd 	b	6488 <main@@Base+0x4148>
    6d94:	00009025 	move	s2,zero
    6d98:	000419c2 	srl	v1,a0,0x7
    6d9c:	00801025 	move	v0,a0
    6da0:	7c853c00 	ext	a1,a0,0x10,0x8
    6da4:	000421c0 	sll	a0,a0,0x7
    6da8:	3063007e 	andi	v1,v1,0x7e
    6dac:	27bdfff0 	addiu	sp,sp,-16
    6db0:	000528c0 	sll	a1,a1,0x3
    6db4:	00641825 	or	v1,v1,a0
    6db8:	7c440540 	ext	a0,v0,0x15,0x1
    6dbc:	7c421600 	ext	v0,v0,0x18,0x3
    6dc0:	00641825 	or	v1,v1,a0
    6dc4:	00451025 	or	v0,v0,a1
    6dc8:	a3a30008 	sb	v1,8(sp)
    6dcc:	a3a20009 	sb	v0,9(sp)
    6dd0:	97a20008 	lhu	v0,8(sp)
    6dd4:	03e00008 	jr	ra
    6dd8:	27bd0010 	addiu	sp,sp,16
    6ddc:	3c1c0002 	lui	gp,0x2
    6de0:	279ca224 	addiu	gp,gp,-24028
    6de4:	0399e021 	addu	gp,gp,t9
    6de8:	27bdf7b8 	addiu	sp,sp,-2120
    6dec:	24a20004 	addiu	v0,a1,4
    6df0:	afb40838 	sw	s4,2104(sp)
    6df4:	0000a025 	move	s4,zero
    6df8:	afb00828 	sw	s0,2088(sp)
    6dfc:	00008025 	move	s0,zero
    6e00:	afb30834 	sw	s3,2100(sp)
    6e04:	00a09825 	move	s3,a1
    6e08:	afb1082c 	sw	s1,2092(sp)
    6e0c:	00808825 	move	s1,a0
    6e10:	afbc0010 	sw	gp,16(sp)
    6e14:	afbf0844 	sw	ra,2116(sp)
    6e18:	afb60840 	sw	s6,2112(sp)
    6e1c:	afb5083c 	sw	s5,2108(sp)
    6e20:	afb20830 	sw	s2,2096(sp)
    6e24:	afa5084c 	sw	a1,2124(sp)
    6e28:	afa60850 	sw	a2,2128(sp)
    6e2c:	14d4001c 	bne	a2,s4,6ea0 <main@@Base+0x4b60>
    6e30:	24030024 	li	v1,36
    6e34:	8e220008 	lw	v0,8(s1)
    6e38:	a3a30018 	sb	v1,24(sp)
    6e3c:	a3a20019 	sb	v0,25(sp)
    6e40:	7c1010a0 	wsbh	v0,s0
    6e44:	26100004 	addiu	s0,s0,4
    6e48:	a7a2001a 	sh	v0,26(sp)
    6e4c:	2e020801 	sltiu	v0,s0,2049
    6e50:	14400018 	bnez	v0,6eb4 <main@@Base+0x4b74>
    6e54:	8fb50018 	lw	s5,24(sp)
    6e58:	8f998310 	lw	t9,-31984(gp)
    6e5c:	0320f809 	jalr	t9
    6e60:	02002025 	move	a0,s0
    6e64:	00401825 	move	v1,v0
    6e68:	8fbc0010 	lw	gp,16(sp)
    6e6c:	00409025 	move	s2,v0
    6e70:	14600011 	bnez	v1,6eb8 <main@@Base+0x4b78>
    6e74:	2402ffff 	li	v0,-1
    6e78:	8fbf0844 	lw	ra,2116(sp)
    6e7c:	8fb60840 	lw	s6,2112(sp)
    6e80:	8fb5083c 	lw	s5,2108(sp)
    6e84:	8fb40838 	lw	s4,2104(sp)
    6e88:	8fb30834 	lw	s3,2100(sp)
    6e8c:	8fb20830 	lw	s2,2096(sp)
    6e90:	8fb1082c 	lw	s1,2092(sp)
    6e94:	8fb00828 	lw	s0,2088(sp)
    6e98:	03e00008 	jr	ra
    6e9c:	27bd0848 	addiu	sp,sp,2120
    6ea0:	8c430000 	lw	v1,0(v0)
    6ea4:	26940001 	addiu	s4,s4,1
    6ea8:	24420008 	addiu	v0,v0,8
    6eac:	1000ffdf 	b	6e2c <main@@Base+0x4aec>
    6eb0:	02038021 	addu	s0,s0,v1
    6eb4:	27b20018 	addiu	s2,sp,24
    6eb8:	ae550000 	sw	s5,0(s2)
    6ebc:	24160004 	li	s6,4
    6ec0:	0000a825 	move	s5,zero
    6ec4:	16b4001c 	bne	s5,s4,6f38 <main@@Base+0x4bf8>
    6ec8:	02562021 	addu	a0,s2,s6
    6ecc:	8e220004 	lw	v0,4(s1)
    6ed0:	8c590004 	lw	t9,4(v0)
    6ed4:	0320f809 	jalr	t9
    6ed8:	8e240000 	lw	a0,0(s1)
    6edc:	02402825 	move	a1,s2
    6ee0:	8e220004 	lw	v0,4(s1)
    6ee4:	8e240000 	lw	a0,0(s1)
    6ee8:	afb20818 	sw	s2,2072(sp)
    6eec:	afb0081c 	sw	s0,2076(sp)
    6ef0:	8c590000 	lw	t9,0(v0)
    6ef4:	0320f809 	jalr	t9
    6ef8:	02003025 	move	a2,s0
    6efc:	00409825 	move	s3,v0
    6f00:	8e220004 	lw	v0,4(s1)
    6f04:	8c590008 	lw	t9,8(v0)
    6f08:	0320f809 	jalr	t9
    6f0c:	8e240000 	lw	a0,0(s1)
    6f10:	27a20018 	addiu	v0,sp,24
    6f14:	12420004 	beq	s2,v0,6f28 <main@@Base+0x4be8>
    6f18:	8fbc0010 	lw	gp,16(sp)
    6f1c:	8f998150 	lw	t9,-32432(gp)
    6f20:	0320f809 	jalr	t9
    6f24:	02402025 	move	a0,s2
    6f28:	02138026 	xor	s0,s0,s3
    6f2c:	0010802b 	sltu	s0,zero,s0
    6f30:	1000ffd1 	b	6e78 <main@@Base+0x4b38>
    6f34:	00101023 	negu	v0,s0
    6f38:	8e660004 	lw	a2,4(s3)
    6f3c:	8f998120 	lw	t9,-32480(gp)
    6f40:	26b50001 	addiu	s5,s5,1
    6f44:	8e650000 	lw	a1,0(s3)
    6f48:	26730008 	addiu	s3,s3,8
    6f4c:	0320f809 	jalr	t9
    6f50:	afa60820 	sw	a2,2080(sp)
    6f54:	8fa60820 	lw	a2,2080(sp)
    6f58:	8fbc0010 	lw	gp,16(sp)
    6f5c:	1000ffd9 	b	6ec4 <main@@Base+0x4b84>
    6f60:	02c6b021 	addu	s6,s6,a2
    6f64:	3c1c0002 	lui	gp,0x2
    6f68:	279ca09c 	addiu	gp,gp,-24420
    6f6c:	0399e021 	addu	gp,gp,t9
    6f70:	00801025 	move	v0,a0
    6f74:	8f998044 	lw	t9,-32700(gp)
    6f78:	0000000f 	sync
    6f7c:	a04000b0 	sb	zero,176(v0)
    6f80:	00a02025 	move	a0,a1
    6f84:	0000000f 	sync
    6f88:	0000000f 	sync
    6f8c:	a04000d0 	sb	zero,208(v0)
    6f90:	0000000f 	sync
    6f94:	10002ce2 	b	12320 <main@@Base+0xffe0>
    6f98:	00000000 	nop
    6f9c:	3c1c0002 	lui	gp,0x2
    6fa0:	279ca064 	addiu	gp,gp,-24476
    6fa4:	0399e021 	addu	gp,gp,t9
    6fa8:	8f998044 	lw	t9,-32700(gp)
    6fac:	10002cdc 	b	12320 <main@@Base+0xffe0>
    6fb0:	00a02025 	move	a0,a1
    6fb4:	3c1c0002 	lui	gp,0x2
    6fb8:	279ca04c 	addiu	gp,gp,-24500
    6fbc:	0399e021 	addu	gp,gp,t9
    6fc0:	27bdffd8 	addiu	sp,sp,-40
    6fc4:	8f998034 	lw	t9,-32716(gp)
    6fc8:	27a40018 	addiu	a0,sp,24
    6fcc:	afb00020 	sw	s0,32(sp)
    6fd0:	00a08025 	move	s0,a1
    6fd4:	afbf0024 	sw	ra,36(sp)
    6fd8:	27396134 	addiu	t9,t9,24884
    6fdc:	afbc0010 	sw	gp,16(sp)
    6fe0:	8f858038 	lw	a1,-32712(gp)
    6fe4:	0411fc53 	bal	6134 <main@@Base+0x3df4>
    6fe8:	24a55a2c 	addiu	a1,a1,23084
    6fec:	02002025 	move	a0,s0
    6ff0:	8fbc0010 	lw	gp,16(sp)
    6ff4:	8fa50018 	lw	a1,24(sp)
    6ff8:	8fa6001c 	lw	a2,28(sp)
    6ffc:	8f878038 	lw	a3,-32712(gp)
    7000:	8f998048 	lw	t9,-32696(gp)
    7004:	04112c5a 	bal	12170 <main@@Base+0xfe30>
    7008:	24e75a34 	addiu	a3,a3,23092
    700c:	02002025 	move	a0,s0
    7010:	8fbc0010 	lw	gp,16(sp)
    7014:	8fbf0024 	lw	ra,36(sp)
    7018:	8fb00020 	lw	s0,32(sp)
    701c:	8f998044 	lw	t9,-32700(gp)
    7020:	10002cbf 	b	12320 <main@@Base+0xffe0>
    7024:	27bd0028 	addiu	sp,sp,40
    7028:	3c1c0002 	lui	gp,0x2
    702c:	279c9fd8 	addiu	gp,gp,-24616
    7030:	0399e021 	addu	gp,gp,t9
    7034:	27bdffc0 	addiu	sp,sp,-64
    7038:	8f998034 	lw	t9,-32716(gp)
    703c:	27a40024 	addiu	a0,sp,36
    7040:	afb00034 	sw	s0,52(sp)
    7044:	00a08025 	move	s0,a1
    7048:	afbc0010 	sw	gp,16(sp)
    704c:	27396134 	addiu	t9,t9,24884
    7050:	afbf003c 	sw	ra,60(sp)
    7054:	afb10038 	sw	s1,56(sp)
    7058:	00c08825 	move	s1,a2
    705c:	8f858038 	lw	a1,-32712(gp)
    7060:	0411fc34 	bal	6134 <main@@Base+0x3df4>
    7064:	24a55a7c 	addiu	a1,a1,23164
    7068:	27a50024 	addiu	a1,sp,36
    706c:	8fbc0010 	lw	gp,16(sp)
    7070:	8f998034 	lw	t9,-32716(gp)
    7074:	27396300 	addiu	t9,t9,25344
    7078:	0411fca1 	bal	6300 <main@@Base+0x3fc0>
    707c:	02202025 	move	a0,s1
    7080:	1040001b 	beqz	v0,70f0 <main@@Base+0x4db0>
    7084:	8fbc0010 	lw	gp,16(sp)
    7088:	8f998034 	lw	t9,-32716(gp)
    708c:	27a40018 	addiu	a0,sp,24
    7090:	8e26021c 	lw	a2,540(s1)
    7094:	273960dc 	addiu	t9,t9,24796
    7098:	0411fc10 	bal	60dc <main@@Base+0x3d9c>
    709c:	8e250218 	lw	a1,536(s1)
    70a0:	8fa20020 	lw	v0,32(sp)
    70a4:	14400008 	bnez	v0,70c8 <main@@Base+0x4d88>
    70a8:	8fbc0010 	lw	gp,16(sp)
    70ac:	8fbf003c 	lw	ra,60(sp)
    70b0:	02002025 	move	a0,s0
    70b4:	8fb10038 	lw	s1,56(sp)
    70b8:	8fb00034 	lw	s0,52(sp)
    70bc:	8f998044 	lw	t9,-32700(gp)
    70c0:	10002c97 	b	12320 <main@@Base+0xffe0>
    70c4:	27bd0040 	addiu	sp,sp,64
    70c8:	8f868038 	lw	a2,-32712(gp)
    70cc:	240501c3 	li	a1,451
    70d0:	24c65a8c 	addiu	a2,a2,23180
    70d4:	8fbf003c 	lw	ra,60(sp)
    70d8:	02002025 	move	a0,s0
    70dc:	8fb10038 	lw	s1,56(sp)
    70e0:	8fb00034 	lw	s0,52(sp)
    70e4:	8f99804c 	lw	t9,-32692(gp)
    70e8:	10002c5a 	b	12254 <main@@Base+0xff14>
    70ec:	27bd0040 	addiu	sp,sp,64
    70f0:	8f868038 	lw	a2,-32712(gp)
    70f4:	240501f5 	li	a1,501
    70f8:	1000fff6 	b	70d4 <main@@Base+0x4d94>
    70fc:	24c65aa8 	addiu	a2,a2,23208
    7100:	3c1c0002 	lui	gp,0x2
    7104:	279c9f00 	addiu	gp,gp,-24832
    7108:	0399e021 	addu	gp,gp,t9
    710c:	27bdfba8 	addiu	sp,sp,-1112
    7110:	afb00438 	sw	s0,1080(sp)
    7114:	00808025 	move	s0,a0
    7118:	afbc0020 	sw	gp,32(sp)
    711c:	afbf0454 	sw	ra,1108(sp)
    7120:	afb60450 	sw	s6,1104(sp)
    7124:	afb5044c 	sw	s5,1100(sp)
    7128:	afb40448 	sw	s4,1096(sp)
    712c:	afb30444 	sw	s3,1092(sp)
    7130:	afb20440 	sw	s2,1088(sp)
    7134:	afb1043c 	sw	s1,1084(sp)
    7138:	8e02009c 	lw	v0,156(s0)
    713c:	14400014 	bnez	v0,7190 <main@@Base+0x4e50>
    7140:	00a02025 	move	a0,a1
    7144:	8e0200a0 	lw	v0,160(s0)
    7148:	14400011 	bnez	v0,7190 <main@@Base+0x4e50>
    714c:	00000000 	nop
    7150:	8e0200b8 	lw	v0,184(s0)
    7154:	1440000e 	bnez	v0,7190 <main@@Base+0x4e50>
    7158:	240501c7 	li	a1,455
    715c:	8f868038 	lw	a2,-32712(gp)
    7160:	8fbf0454 	lw	ra,1108(sp)
    7164:	8fb60450 	lw	s6,1104(sp)
    7168:	8fb5044c 	lw	s5,1100(sp)
    716c:	24c65ac8 	addiu	a2,a2,23240
    7170:	8fb40448 	lw	s4,1096(sp)
    7174:	8fb30444 	lw	s3,1092(sp)
    7178:	8fb20440 	lw	s2,1088(sp)
    717c:	8fb1043c 	lw	s1,1084(sp)
    7180:	8fb00438 	lw	s0,1080(sp)
    7184:	8f99804c 	lw	t9,-32692(gp)
    7188:	10002c32 	b	12254 <main@@Base+0xff14>
    718c:	27bd0458 	addiu	sp,sp,1112
    7190:	8cd20008 	lw	s2,8(a2)
    7194:	2403002f 	li	v1,47
    7198:	8cd3000c 	lw	s3,12(a2)
    719c:	12600006 	beqz	s3,71b8 <main@@Base+0x4e78>
    71a0:	0080a025 	move	s4,a0
    71a4:	2662ffff 	addiu	v0,s3,-1
    71a8:	02422821 	addu	a1,s2,v0
    71ac:	80a50000 	lb	a1,0(a1)
    71b0:	10a30097 	beq	a1,v1,7410 <main@@Base+0x50d0>
    71b4:	00000000 	nop
    71b8:	24050040 	li	a1,64
    71bc:	02532021 	addu	a0,s2,s3
    71c0:	2406002f 	li	a2,47
    71c4:	02401025 	move	v0,s2
    71c8:	10440006 	beq	v0,a0,71e4 <main@@Base+0x4ea4>
    71cc:	00000000 	nop
    71d0:	80430000 	lb	v1,0(v0)
    71d4:	106500b8 	beq	v1,a1,74b8 <main@@Base+0x5178>
    71d8:	24070002 	li	a3,2
    71dc:	1466fffa 	bne	v1,a2,71c8 <main@@Base+0x4e88>
    71e0:	24420001 	addiu	v0,v0,1
    71e4:	8e020098 	lw	v0,152(s0)
    71e8:	27b50028 	addiu	s5,sp,40
    71ec:	10400014 	beqz	v0,7240 <main@@Base+0x4f00>
    71f0:	00008825 	move	s1,zero
    71f4:	8f9982f0 	lw	t9,-32016(gp)
    71f8:	0320f809 	jalr	t9
    71fc:	00000000 	nop
    7200:	24050200 	li	a1,512
    7204:	8fbc0020 	lw	gp,32(sp)
    7208:	02603825 	move	a3,s3
    720c:	ae0200e8 	sw	v0,232(s0)
    7210:	02a02025 	move	a0,s5
    7214:	afa20018 	sw	v0,24(sp)
    7218:	8e020098 	lw	v0,152(s0)
    721c:	8f868038 	lw	a2,-32712(gp)
    7220:	8f99834c 	lw	t9,-31924(gp)
    7224:	94420000 	lhu	v0,0(v0)
    7228:	24c65ae4 	addiu	a2,a2,23268
    722c:	afb20010 	sw	s2,16(sp)
    7230:	0320f809 	jalr	t9
    7234:	afa20014 	sw	v0,20(sp)
    7238:	8fbc0020 	lw	gp,32(sp)
    723c:	00408825 	move	s1,v0
    7240:	8e0200b8 	lw	v0,184(s0)
    7244:	1040001f 	beqz	v0,72c4 <main@@Base+0x4f84>
    7248:	8f9982f0 	lw	t9,-32016(gp)
    724c:	0320f809 	jalr	t9
    7250:	00000000 	nop
    7254:	8fbc0020 	lw	gp,32(sp)
    7258:	ae0200fc 	sw	v0,252(s0)
    725c:	8e0200b8 	lw	v0,184(s0)
    7260:	1a20000a 	blez	s1,728c <main@@Base+0x4f4c>
    7264:	94560000 	lhu	s6,0(v0)
    7268:	8f868038 	lw	a2,-32712(gp)
    726c:	24050200 	li	a1,512
    7270:	8f99834c 	lw	t9,-31924(gp)
    7274:	02b12021 	addu	a0,s5,s1
    7278:	00b12823 	subu	a1,a1,s1
    727c:	0320f809 	jalr	t9
    7280:	24c657c4 	addiu	a2,a2,22468
    7284:	8fbc0020 	lw	gp,32(sp)
    7288:	02228821 	addu	s1,s1,v0
    728c:	8f868038 	lw	a2,-32712(gp)
    7290:	24050200 	li	a1,512
    7294:	8e0200fc 	lw	v0,252(s0)
    7298:	02b12021 	addu	a0,s5,s1
    729c:	8f99834c 	lw	t9,-31924(gp)
    72a0:	00b12823 	subu	a1,a1,s1
    72a4:	24c65b08 	addiu	a2,a2,23304
    72a8:	afb60014 	sw	s6,20(sp)
    72ac:	afa20018 	sw	v0,24(sp)
    72b0:	02603825 	move	a3,s3
    72b4:	0320f809 	jalr	t9
    72b8:	afb20010 	sw	s2,16(sp)
    72bc:	8fbc0020 	lw	gp,32(sp)
    72c0:	02228821 	addu	s1,s1,v0
    72c4:	8f928034 	lw	s2,-32716(gp)
    72c8:	1a200010 	blez	s1,730c <main@@Base+0x4fcc>
    72cc:	26526134 	addiu	s2,s2,24884
    72d0:	8f858038 	lw	a1,-32712(gp)
    72d4:	27a40428 	addiu	a0,sp,1064
    72d8:	0240c825 	move	t9,s2
    72dc:	0411fb95 	bal	6134 <main@@Base+0x3df4>
    72e0:	24a55b2c 	addiu	a1,a1,23340
    72e4:	02802025 	move	a0,s4
    72e8:	8fbc0020 	lw	gp,32(sp)
    72ec:	8fa50428 	lw	a1,1064(sp)
    72f0:	8fa6042c 	lw	a2,1068(sp)
    72f4:	afb50010 	sw	s5,16(sp)
    72f8:	8f878038 	lw	a3,-32712(gp)
    72fc:	8f998048 	lw	t9,-32696(gp)
    7300:	04112b9b 	bal	12170 <main@@Base+0xfe30>
    7304:	24e7637c 	addiu	a3,a3,25468
    7308:	8fbc0020 	lw	gp,32(sp)
    730c:	8f858038 	lw	a1,-32712(gp)
    7310:	27a40228 	addiu	a0,sp,552
    7314:	0240c825 	move	t9,s2
    7318:	0411fb86 	bal	6134 <main@@Base+0x3df4>
    731c:	24a55b38 	addiu	a1,a1,23352
    7320:	02802025 	move	a0,s4
    7324:	8fbc0020 	lw	gp,32(sp)
    7328:	8fa6022c 	lw	a2,556(sp)
    732c:	8fa50228 	lw	a1,552(sp)
    7330:	8f878038 	lw	a3,-32712(gp)
    7334:	8f998048 	lw	t9,-32696(gp)
    7338:	04112b8d 	bal	12170 <main@@Base+0xfe30>
    733c:	24e75b40 	addiu	a3,a3,23360
    7340:	02a02025 	move	a0,s5
    7344:	8fbc0020 	lw	gp,32(sp)
    7348:	0240c825 	move	t9,s2
    734c:	8f858038 	lw	a1,-32712(gp)
    7350:	0411fb78 	bal	6134 <main@@Base+0x3df4>
    7354:	24a55b4c 	addiu	a1,a1,23372
    7358:	02802025 	move	a0,s4
    735c:	8fbc0020 	lw	gp,32(sp)
    7360:	8e020090 	lw	v0,144(s0)
    7364:	8e030094 	lw	v1,148(s0)
    7368:	8fa50028 	lw	a1,40(sp)
    736c:	8f878038 	lw	a3,-32712(gp)
    7370:	8f998048 	lw	t9,-32696(gp)
    7374:	8fa6002c 	lw	a2,44(sp)
    7378:	24e75e1c 	addiu	a3,a3,24092
    737c:	afa20010 	sw	v0,16(sp)
    7380:	04112b7b 	bal	12170 <main@@Base+0xfe30>
    7384:	afa30014 	sw	v1,20(sp)
    7388:	8fbc0020 	lw	gp,32(sp)
    738c:	8f998044 	lw	t9,-32700(gp)
    7390:	04112be3 	bal	12320 <main@@Base+0xffe0>
    7394:	02802025 	move	a0,s4
    7398:	24020001 	li	v0,1
    739c:	8fbc0020 	lw	gp,32(sp)
    73a0:	a202015e 	sb	v0,350(s0)
    73a4:	8e02009c 	lw	v0,156(s0)
    73a8:	14400040 	bnez	v0,74ac <main@@Base+0x516c>
    73ac:	8f838038 	lw	v1,-32712(gp)
    73b0:	8f828038 	lw	v0,-32712(gp)
    73b4:	8e0400a0 	lw	a0,160(s0)
    73b8:	24635ab8 	addiu	v1,v1,23224
    73bc:	24426328 	addiu	v0,v0,25384
    73c0:	0064100a 	movz	v0,v1,a0
    73c4:	240603f2 	li	a2,1010
    73c8:	8f878038 	lw	a3,-32712(gp)
    73cc:	24040004 	li	a0,4
    73d0:	8f858038 	lw	a1,-32712(gp)
    73d4:	8f998224 	lw	t9,-32220(gp)
    73d8:	24e75b54 	addiu	a3,a3,23380
    73dc:	afa20010 	sw	v0,16(sp)
    73e0:	0320f809 	jalr	t9
    73e4:	24a55b6c 	addiu	a1,a1,23404
    73e8:	8fbf0454 	lw	ra,1108(sp)
    73ec:	8fb60450 	lw	s6,1104(sp)
    73f0:	8fb5044c 	lw	s5,1100(sp)
    73f4:	8fb40448 	lw	s4,1096(sp)
    73f8:	8fb30444 	lw	s3,1092(sp)
    73fc:	8fb20440 	lw	s2,1088(sp)
    7400:	8fb1043c 	lw	s1,1084(sp)
    7404:	8fb00438 	lw	s0,1080(sp)
    7408:	03e00008 	jr	ra
    740c:	27bd0458 	addiu	sp,sp,1112
    7410:	1000ff62 	b	719c <main@@Base+0x4e5c>
    7414:	00409825 	move	s3,v0
    7418:	24e70001 	addiu	a3,a3,1
    741c:	24630001 	addiu	v1,v1,1
    7420:	00f3282b 	sltu	a1,a3,s3
    7424:	10a0ff6f 	beqz	a1,71e4 <main@@Base+0x4ea4>
    7428:	00000000 	nop
    742c:	8065ffff 	lb	a1,-1(v1)
    7430:	14a4fff9 	bne	a1,a0,7418 <main@@Base+0x50d8>
    7434:	00000000 	nop
    7438:	80650000 	lb	a1,0(v1)
    743c:	14a4fff7 	bne	a1,a0,741c <main@@Base+0x50dc>
    7440:	24e70001 	addiu	a3,a3,1
    7444:	24e7ffff 	addiu	a3,a3,-1
    7448:	02471821 	addu	v1,s2,a3
    744c:	0062182b 	sltu	v1,v1,v0
    7450:	1060ff64 	beqz	v1,71e4 <main@@Base+0x4ea4>
    7454:	8f99834c 	lw	t9,-31924(gp)
    7458:	24420001 	addiu	v0,v0,1
    745c:	8f868038 	lw	a2,-32712(gp)
    7460:	24050200 	li	a1,512
    7464:	afa20018 	sw	v0,24(sp)
    7468:	00521023 	subu	v0,v0,s2
    746c:	24c65ad8 	addiu	a2,a2,23256
    7470:	afb20010 	sw	s2,16(sp)
    7474:	02621023 	subu	v0,s3,v0
    7478:	27a40228 	addiu	a0,sp,552
    747c:	0320f809 	jalr	t9
    7480:	afa20014 	sw	v0,20(sp)
    7484:	27a50228 	addiu	a1,sp,552
    7488:	8fbc0020 	lw	gp,32(sp)
    748c:	8f998034 	lw	t9,-32716(gp)
    7490:	27396134 	addiu	t9,t9,24884
    7494:	0411fb27 	bal	6134 <main@@Base+0x3df4>
    7498:	27a40430 	addiu	a0,sp,1072
    749c:	8fbc0020 	lw	gp,32(sp)
    74a0:	8fb20430 	lw	s2,1072(sp)
    74a4:	1000ff4f 	b	71e4 <main@@Base+0x4ea4>
    74a8:	8fb30434 	lw	s3,1076(sp)
    74ac:	8f828038 	lw	v0,-32712(gp)
    74b0:	1000ffc4 	b	73c4 <main@@Base+0x5084>
    74b4:	24426328 	addiu	v0,v0,25384
    74b8:	26430001 	addiu	v1,s2,1
    74bc:	1000ffd8 	b	7420 <main@@Base+0x50e0>
    74c0:	2404002f 	li	a0,47
    74c4:	3c1c0002 	lui	gp,0x2
    74c8:	279c9b3c 	addiu	gp,gp,-25796
    74cc:	0399e021 	addu	gp,gp,t9
    74d0:	27bdffc0 	addiu	sp,sp,-64
    74d4:	8f998310 	lw	t9,-31984(gp)
    74d8:	afa40040 	sw	a0,64(sp)
    74dc:	24040050 	li	a0,80
    74e0:	afbc0010 	sw	gp,16(sp)
    74e4:	afbf003c 	sw	ra,60(sp)
    74e8:	afb20034 	sw	s2,52(sp)
    74ec:	00c09025 	move	s2,a2
    74f0:	afb10030 	sw	s1,48(sp)
    74f4:	00e08825 	move	s1,a3
    74f8:	afb0002c 	sw	s0,44(sp)
    74fc:	afa50044 	sw	a1,68(sp)
    7500:	0320f809 	jalr	t9
    7504:	afb30038 	sw	s3,56(sp)
    7508:	8fbc0010 	lw	gp,16(sp)
    750c:	00408025 	move	s0,v0
    7510:	afa00018 	sw	zero,24(sp)
    7514:	afa0001c 	sw	zero,28(sp)
    7518:	8f858038 	lw	a1,-32712(gp)
    751c:	8f848038 	lw	a0,-32712(gp)
    7520:	8f998234 	lw	t9,-32204(gp)
    7524:	24a55784 	addiu	a1,a1,22404
    7528:	0320f809 	jalr	t9
    752c:	24845b7c 	addiu	a0,a0,23420
    7530:	10400033 	beqz	v0,7600 <main@@Base+0x52c0>
    7534:	8fbc0010 	lw	gp,16(sp)
    7538:	8f9981e0 	lw	t9,-32288(gp)
    753c:	24060008 	li	a2,8
    7540:	24050001 	li	a1,1
    7544:	afa20020 	sw	v0,32(sp)
    7548:	27a40018 	addiu	a0,sp,24
    754c:	0320f809 	jalr	t9
    7550:	00403825 	move	a3,v0
    7554:	8fbc0010 	lw	gp,16(sp)
    7558:	00409825 	move	s3,v0
    755c:	8f9982bc 	lw	t9,-32068(gp)
    7560:	0320f809 	jalr	t9
    7564:	8fa40020 	lw	a0,32(sp)
    7568:	24020008 	li	v0,8
    756c:	16620024 	bne	s3,v0,7600 <main@@Base+0x52c0>
    7570:	8fbc0010 	lw	gp,16(sp)
    7574:	8fa20018 	lw	v0,24(sp)
    7578:	ae020004 	sw	v0,4(s0)
    757c:	8fa2001c 	lw	v0,28(sp)
    7580:	a6020000 	sh	v0,0(s0)
    7584:	00001825 	move	v1,zero
    7588:	8fa20040 	lw	v0,64(sp)
    758c:	26040041 	addiu	a0,s0,65
    7590:	8f99831c 	lw	t9,-31972(gp)
    7594:	2406000c 	li	a2,12
    7598:	00002825 	move	a1,zero
    759c:	a2120008 	sb	s2,8(s0)
    75a0:	ae020010 	sw	v0,16(s0)
    75a4:	8fa20044 	lw	v0,68(sp)
    75a8:	ae11000c 	sw	s1,12(s0)
    75ac:	ae03002c 	sw	v1,44(s0)
    75b0:	ae020014 	sw	v0,20(s0)
    75b4:	00001025 	move	v0,zero
    75b8:	ae03003c 	sw	v1,60(s0)
    75bc:	ae000018 	sw	zero,24(s0)
    75c0:	ae00001c 	sw	zero,28(s0)
    75c4:	ae000020 	sw	zero,32(s0)
    75c8:	ae020028 	sw	v0,40(s0)
    75cc:	ae000030 	sw	zero,48(s0)
    75d0:	ae020038 	sw	v0,56(s0)
    75d4:	a2000040 	sb	zero,64(s0)
    75d8:	0320f809 	jalr	t9
    75dc:	a600004e 	sh	zero,78(s0)
    75e0:	02001025 	move	v0,s0
    75e4:	8fbf003c 	lw	ra,60(sp)
    75e8:	8fb30038 	lw	s3,56(sp)
    75ec:	8fb20034 	lw	s2,52(sp)
    75f0:	8fb10030 	lw	s1,48(sp)
    75f4:	8fb0002c 	lw	s0,44(sp)
    75f8:	03e00008 	jr	ra
    75fc:	27bd0040 	addiu	sp,sp,64
    7600:	8f9982f0 	lw	t9,-32016(gp)
    7604:	0320f809 	jalr	t9
    7608:	00000000 	nop
    760c:	8fbc0010 	lw	gp,16(sp)
    7610:	8f9982f0 	lw	t9,-32016(gp)
    7614:	0320f809 	jalr	t9
    7618:	ae020004 	sw	v0,4(s0)
    761c:	1000ffd8 	b	7580 <main@@Base+0x5240>
    7620:	8fbc0010 	lw	gp,16(sp)
    7624:	3c1c0002 	lui	gp,0x2
    7628:	279c99dc 	addiu	gp,gp,-26148
    762c:	0399e021 	addu	gp,gp,t9
    7630:	27bdff48 	addiu	sp,sp,-184
    7634:	afb300b0 	sw	s3,176(sp)
    7638:	00a09825 	move	s3,a1
    763c:	afb000a4 	sw	s0,164(sp)
    7640:	00808025 	move	s0,a0
    7644:	afbc0018 	sw	gp,24(sp)
    7648:	afbf00b4 	sw	ra,180(sp)
    764c:	afb200ac 	sw	s2,172(sp)
    7650:	afb100a8 	sw	s1,168(sp)
    7654:	0000000f 	sync
    7658:	a08000b0 	sb	zero,176(a0)
    765c:	0000000f 	sync
    7660:	0000000f 	sync
    7664:	a08000d0 	sb	zero,208(a0)
    7668:	0000000f 	sync
    766c:	8c8400a4 	lw	a0,164(a0)
    7670:	10800004 	beqz	a0,7684 <main@@Base+0x5344>
    7674:	8f998050 	lw	t9,-32688(gp)
    7678:	04112c75 	bal	12850 <main@@Base+0x10510>
    767c:	00000000 	nop
    7680:	8fbc0018 	lw	gp,24(sp)
    7684:	8e0400c4 	lw	a0,196(s0)
    7688:	10800004 	beqz	a0,769c <main@@Base+0x535c>
    768c:	8f998050 	lw	t9,-32688(gp)
    7690:	04112c6f 	bal	12850 <main@@Base+0x10510>
    7694:	00000000 	nop
    7698:	8fbc0018 	lw	gp,24(sp)
    769c:	8e020114 	lw	v0,276(s0)
    76a0:	1040003c 	beqz	v0,7794 <main@@Base+0x5454>
    76a4:	8f998044 	lw	t9,-32700(gp)
    76a8:	92030128 	lbu	v1,296(s0)
    76ac:	10600039 	beqz	v1,7794 <main@@Base+0x5454>
    76b0:	00000000 	nop
    76b4:	8c440008 	lw	a0,8(v0)
    76b8:	10800035 	beqz	a0,7790 <main@@Base+0x5450>
    76bc:	8f9981b4 	lw	t9,-32332(gp)
    76c0:	8e110090 	lw	s1,144(s0)
    76c4:	0320f809 	jalr	t9
    76c8:	afa40098 	sw	a0,152(sp)
    76cc:	8fa40098 	lw	a0,152(sp)
    76d0:	00403025 	move	a2,v0
    76d4:	8fbc0018 	lw	gp,24(sp)
    76d8:	90820010 	lbu	v0,16(a0)
    76dc:	1040002c 	beqz	v0,7790 <main@@Base+0x5450>
    76e0:	00603825 	move	a3,v1
    76e4:	3c035253 	lui	v1,0x5253
    76e8:	8f998054 	lw	t9,-32684(gp)
    76ec:	24020060 	li	v0,96
    76f0:	24634452 	addiu	v1,v1,17490
    76f4:	27b20020 	addiu	s2,sp,32
    76f8:	afa20014 	sw	v0,20(sp)
    76fc:	02232826 	xor	a1,s1,v1
    7700:	afb20010 	sw	s2,16(sp)
    7704:	04112db0 	bal	12dc8 <main@@Base+0x10a88>
    7708:	afa50098 	sw	a1,152(sp)
    770c:	8fbc0018 	lw	gp,24(sp)
    7710:	1840001f 	blez	v0,7790 <main@@Base+0x5450>
    7714:	00408825 	move	s1,v0
    7718:	02422021 	addu	a0,s2,v0
    771c:	8fa50098 	lw	a1,152(sp)
    7720:	2402ff81 	li	v0,-127
    7724:	8f998120 	lw	t9,-32480(gp)
    7728:	24060004 	li	a2,4
    772c:	a0820000 	sb	v0,0(a0)
    7730:	7c0528a0 	wsbh	a1,a1
    7734:	2402ffcb 	li	v0,-53
    7738:	a0800002 	sb	zero,2(a0)
    773c:	00252c02 	ror	a1,a1,0x10
    7740:	a0820001 	sb	v0,1(a0)
    7744:	24020001 	li	v0,1
    7748:	24840004 	addiu	a0,a0,4
    774c:	afa50088 	sw	a1,136(sp)
    7750:	27a50088 	addiu	a1,sp,136
    7754:	a082ffff 	sb	v0,-1(a0)
    7758:	0320f809 	jalr	t9
    775c:	26310008 	addiu	s1,s1,8
    7760:	27a50090 	addiu	a1,sp,144
    7764:	8e020124 	lw	v0,292(s0)
    7768:	24060001 	li	a2,1
    776c:	8e040120 	lw	a0,288(s0)
    7770:	afb20090 	sw	s2,144(sp)
    7774:	afb10094 	sw	s1,148(sp)
    7778:	afa50088 	sw	a1,136(sp)
    777c:	8c590000 	lw	t9,0(v0)
    7780:	24020001 	li	v0,1
    7784:	0320f809 	jalr	t9
    7788:	afa2008c 	sw	v0,140(sp)
    778c:	8fbc0018 	lw	gp,24(sp)
    7790:	8f998044 	lw	t9,-32700(gp)
    7794:	04112ae2 	bal	12320 <main@@Base+0xffe0>
    7798:	02602025 	move	a0,s3
    779c:	24060422 	li	a2,1058
    77a0:	8fbc0018 	lw	gp,24(sp)
    77a4:	24040003 	li	a0,3
    77a8:	8fbf00b4 	lw	ra,180(sp)
    77ac:	8fb300b0 	lw	s3,176(sp)
    77b0:	8fb200ac 	lw	s2,172(sp)
    77b4:	8f878038 	lw	a3,-32712(gp)
    77b8:	8f858038 	lw	a1,-32712(gp)
    77bc:	8fb100a8 	lw	s1,168(sp)
    77c0:	8fb000a4 	lw	s0,164(sp)
    77c4:	24e75b8c 	addiu	a3,a3,23436
    77c8:	8f998224 	lw	t9,-32220(gp)
    77cc:	24a55b6c 	addiu	a1,a1,23404
    77d0:	03200008 	jr	t9
    77d4:	27bd00b8 	addiu	sp,sp,184
    77d8:	3c1c0002 	lui	gp,0x2
    77dc:	279c9828 	addiu	gp,gp,-26584
    77e0:	0399e021 	addu	gp,gp,t9
    77e4:	27bdffd0 	addiu	sp,sp,-48
    77e8:	8f9981b4 	lw	t9,-32332(gp)
    77ec:	afbc0010 	sw	gp,16(sp)
    77f0:	afb10028 	sw	s1,40(sp)
    77f4:	afb00024 	sw	s0,36(sp)
    77f8:	afa40030 	sw	a0,48(sp)
    77fc:	afbf002c 	sw	ra,44(sp)
    7800:	0320f809 	jalr	t9
    7804:	00a08025 	move	s0,a1
    7808:	00608825 	move	s1,v1
    780c:	92030008 	lbu	v1,8(s0)
    7810:	8fbc0010 	lw	gp,16(sp)
    7814:	10600010 	beqz	v1,7858 <main@@Base+0x5518>
    7818:	8fa40030 	lw	a0,48(sp)
    781c:	8e030000 	lw	v1,0(s0)
    7820:	8e050004 	lw	a1,4(s0)
    7824:	00431823 	subu	v1,v0,v1
    7828:	02252823 	subu	a1,s1,a1
    782c:	0043302b 	sltu	a2,v0,v1
    7830:	00a62823 	subu	a1,a1,a2
    7834:	1ca00009 	bgtz	a1,785c <main@@Base+0x551c>
    7838:	8f9981a4 	lw	t9,-32348(gp)
    783c:	14a0001b 	bnez	a1,78ac <main@@Base+0x556c>
    7840:	8fbf002c 	lw	ra,44(sp)
    7844:	3c05000f 	lui	a1,0xf
    7848:	24a54241 	addiu	a1,a1,16961
    784c:	0065182b 	sltu	v1,v1,a1
    7850:	14600016 	bnez	v1,78ac <main@@Base+0x556c>
    7854:	00000000 	nop
    7858:	8f9981a4 	lw	t9,-32348(gp)
    785c:	0320f809 	jalr	t9
    7860:	afa20018 	sw	v0,24(sp)
    7864:	92030008 	lbu	v1,8(s0)
    7868:	1060000b 	beqz	v1,7898 <main@@Base+0x5558>
    786c:	8fa20018 	lw	v0,24(sp)
    7870:	8e030004 	lw	v1,4(s0)
    7874:	0071202a 	slt	a0,v1,s1
    7878:	14800007 	bnez	a0,7898 <main@@Base+0x5558>
    787c:	00000000 	nop
    7880:	14710007 	bne	v1,s1,78a0 <main@@Base+0x5560>
    7884:	00000000 	nop
    7888:	8e030000 	lw	v1,0(s0)
    788c:	0062182b 	sltu	v1,v1,v0
    7890:	10600003 	beqz	v1,78a0 <main@@Base+0x5560>
    7894:	00000000 	nop
    7898:	ae020000 	sw	v0,0(s0)
    789c:	ae110004 	sw	s1,4(s0)
    78a0:	24020001 	li	v0,1
    78a4:	a2020008 	sb	v0,8(s0)
    78a8:	8fbf002c 	lw	ra,44(sp)
    78ac:	8fb10028 	lw	s1,40(sp)
    78b0:	8fb00024 	lw	s0,36(sp)
    78b4:	03e00008 	jr	ra
    78b8:	27bd0030 	addiu	sp,sp,48
    78bc:	3c1c0002 	lui	gp,0x2
    78c0:	279c9744 	addiu	gp,gp,-26812
    78c4:	0399e021 	addu	gp,gp,t9
    78c8:	27bdf8c0 	addiu	sp,sp,-1856
    78cc:	8f99814c 	lw	t9,-32436(gp)
    78d0:	afb20720 	sw	s2,1824(sp)
    78d4:	afb1071c 	sw	s1,1820(sp)
    78d8:	afb00718 	sw	s0,1816(sp)
    78dc:	00808025 	move	s0,a0
    78e0:	afbf073c 	sw	ra,1852(sp)
    78e4:	afbc0030 	sw	gp,48(sp)
    78e8:	afbe0738 	sw	s8,1848(sp)
    78ec:	afb60730 	sw	s6,1840(sp)
    78f0:	0000b025 	move	s6,zero
    78f4:	afb30724 	sw	s3,1828(sp)
    78f8:	00009825 	move	s3,zero
    78fc:	afb70734 	sw	s7,1844(sp)
    7900:	afb5072c 	sw	s5,1836(sp)
    7904:	afb40728 	sw	s4,1832(sp)
    7908:	8c910018 	lw	s1,24(a0)
    790c:	8c920000 	lw	s2,0(a0)
    7910:	0320f809 	jalr	t9
    7914:	27a40538 	addiu	a0,sp,1336
    7918:	00001025 	move	v0,zero
    791c:	8fbc0030 	lw	gp,48(sp)
    7920:	00001825 	move	v1,zero
    7924:	afa20670 	sw	v0,1648(sp)
    7928:	afa30674 	sw	v1,1652(sp)
    792c:	8f9981b4 	lw	t9,-32332(gp)
    7930:	0320f809 	jalr	t9
    7934:	a3a00678 	sb	zero,1656(sp)
    7938:	2406013c 	li	a2,316
    793c:	8fbc0030 	lw	gp,48(sp)
    7940:	24040004 	li	a0,4
    7944:	afa206e4 	sw	v0,1764(sp)
    7948:	afa306e8 	sw	v1,1768(sp)
    794c:	afb10010 	sw	s1,16(sp)
    7950:	8f878038 	lw	a3,-32712(gp)
    7954:	8f9e8038 	lw	s8,-32712(gp)
    7958:	8f998224 	lw	t9,-32220(gp)
    795c:	24e75bf0 	addiu	a3,a3,23536
    7960:	0320f809 	jalr	t9
    7964:	27c55800 	addiu	a1,s8,22528
    7968:	8fbc0030 	lw	gp,48(sp)
    796c:	afa006b4 	sw	zero,1716(sp)
    7970:	afa006cc 	sw	zero,1740(sp)
    7974:	afa006b8 	sw	zero,1720(sp)
    7978:	8f828038 	lw	v0,-32712(gp)
    797c:	afa006d4 	sw	zero,1748(sp)
    7980:	afa006d0 	sw	zero,1744(sp)
    7984:	24425dec 	addiu	v0,v0,24044
    7988:	afa006ec 	sw	zero,1772(sp)
    798c:	afa006a4 	sw	zero,1700(sp)
    7990:	afa206fc 	sw	v0,1788(sp)
    7994:	8f828034 	lw	v0,-32716(gp)
    7998:	afa006a8 	sw	zero,1704(sp)
    799c:	afa0069c 	sw	zero,1692(sp)
    79a0:	244277d8 	addiu	v0,v0,30680
    79a4:	afa006ac 	sw	zero,1708(sp)
    79a8:	afa006b0 	sw	zero,1712(sp)
    79ac:	afa20700 	sw	v0,1792(sp)
    79b0:	8e42106c 	lw	v0,4204(s2)
    79b4:	8c420000 	lw	v0,0(v0)
    79b8:	14400015 	bnez	v0,7a10 <main@@Base+0x56d0>
    79bc:	8f878038 	lw	a3,-32712(gp)
    79c0:	27c55800 	addiu	a1,s8,22528
    79c4:	8f998224 	lw	t9,-32220(gp)
    79c8:	240602b7 	li	a2,695
    79cc:	24040004 	li	a0,4
    79d0:	afb10010 	sw	s1,16(sp)
    79d4:	0320f809 	jalr	t9
    79d8:	24e75e24 	addiu	a3,a3,24100
    79dc:	00001025 	move	v0,zero
    79e0:	8fbf073c 	lw	ra,1852(sp)
    79e4:	8fbe0738 	lw	s8,1848(sp)
    79e8:	8fb70734 	lw	s7,1844(sp)
    79ec:	8fb60730 	lw	s6,1840(sp)
    79f0:	8fb5072c 	lw	s5,1836(sp)
    79f4:	8fb40728 	lw	s4,1832(sp)
    79f8:	8fb30724 	lw	s3,1828(sp)
    79fc:	8fb20720 	lw	s2,1824(sp)
    7a00:	8fb1071c 	lw	s1,1820(sp)
    7a04:	8fb00718 	lw	s0,1816(sp)
    7a08:	03e00008 	jr	ra
    7a0c:	27bd0740 	addiu	sp,sp,1856
    7a10:	8e020004 	lw	v0,4(s0)
    7a14:	144000b4 	bnez	v0,7ce8 <main@@Base+0x59a8>
    7a18:	8f998134 	lw	t9,-32460(gp)
    7a1c:	8f9982e4 	lw	t9,-32028(gp)
    7a20:	0320f809 	jalr	t9
    7a24:	8e04001c 	lw	a0,28(s0)
    7a28:	8fbc0030 	lw	gp,48(sp)
    7a2c:	1440000a 	bnez	v0,7a58 <main@@Base+0x5718>
    7a30:	ae020004 	sw	v0,4(s0)
    7a34:	3c040003 	lui	a0,0x3
    7a38:	8f998100 	lw	t9,-32512(gp)
    7a3c:	0320f809 	jalr	t9
    7a40:	24840d40 	addiu	a0,a0,3392
    7a44:	8fbc0030 	lw	gp,48(sp)
    7a48:	afb60694 	sw	s6,1684(sp)
    7a4c:	8fb506a4 	lw	s5,1700(sp)
    7a50:	100000d8 	b	7db4 <main@@Base+0x5a74>
    7a54:	8fb406a8 	lw	s4,1704(sp)
    7a58:	8f998034 	lw	t9,-32716(gp)
    7a5c:	00402025 	move	a0,v0
    7a60:	27395bac 	addiu	t9,t9,23468
    7a64:	0411f851 	bal	5bac <main@@Base+0x386c>
    7a68:	8e05001c 	lw	a1,28(s0)
    7a6c:	8fbc0030 	lw	gp,48(sp)
    7a70:	8f998220 	lw	t9,-32224(gp)
    7a74:	0320f809 	jalr	t9
    7a78:	8e040004 	lw	a0,4(s0)
    7a7c:	0040a025 	move	s4,v0
    7a80:	8e020014 	lw	v0,20(s0)
    7a84:	0054102b 	sltu	v0,v0,s4
    7a88:	10400018 	beqz	v0,7aec <main@@Base+0x57ac>
    7a8c:	8fbc0030 	lw	gp,48(sp)
    7a90:	8f998310 	lw	t9,-31984(gp)
    7a94:	0320f809 	jalr	t9
    7a98:	02802025 	move	a0,s4
    7a9c:	8fbc0030 	lw	gp,48(sp)
    7aa0:	1440000c 	bnez	v0,7ad4 <main@@Base+0x5794>
    7aa4:	0040a825 	move	s5,v0
    7aa8:	8f9982d0 	lw	t9,-32048(gp)
    7aac:	0320f809 	jalr	t9
    7ab0:	8e040004 	lw	a0,4(s0)
    7ab4:	8fbc0030 	lw	gp,48(sp)
    7ab8:	8f9982d4 	lw	t9,-32044(gp)
    7abc:	0320f809 	jalr	t9
    7ac0:	8e040004 	lw	a0,4(s0)
    7ac4:	8fbc0030 	lw	gp,48(sp)
    7ac8:	ae000004 	sw	zero,4(s0)
    7acc:	1000ffde 	b	7a48 <main@@Base+0x5708>
    7ad0:	ae000014 	sw	zero,20(s0)
    7ad4:	8f998150 	lw	t9,-32432(gp)
    7ad8:	0320f809 	jalr	t9
    7adc:	8e040010 	lw	a0,16(s0)
    7ae0:	8fbc0030 	lw	gp,48(sp)
    7ae4:	ae150010 	sw	s5,16(s0)
    7ae8:	ae140014 	sw	s4,20(s0)
    7aec:	8f998204 	lw	t9,-32252(gp)
    7af0:	0320f809 	jalr	t9
    7af4:	8e040004 	lw	a0,4(s0)
    7af8:	00001025 	move	v0,zero
    7afc:	8fbc0030 	lw	gp,48(sp)
    7b00:	00001825 	move	v1,zero
    7b04:	27a40538 	addiu	a0,sp,1336
    7b08:	ae020008 	sw	v0,8(s0)
    7b0c:	8f99814c 	lw	t9,-32436(gp)
    7b10:	0320f809 	jalr	t9
    7b14:	ae03000c 	sw	v1,12(s0)
    7b18:	27a50038 	addiu	a1,sp,56
    7b1c:	8fbc0030 	lw	gp,48(sp)
    7b20:	a60001f6 	sh	zero,502(s0)
    7b24:	a60001f8 	sh	zero,504(s0)
    7b28:	a60001fa 	sh	zero,506(s0)
    7b2c:	8f99837c 	lw	t9,-31876(gp)
    7b30:	0320f809 	jalr	t9
    7b34:	8e040004 	lw	a0,4(s0)
    7b38:	14400046 	bnez	v0,7c54 <main@@Base+0x5914>
    7b3c:	8fbc0030 	lw	gp,48(sp)
    7b40:	8fb5003c 	lw	s5,60(sp)
    7b44:	0000000f 	sync
    7b48:	8e140020 	lw	s4,32(s0)
    7b4c:	0000000f 	sync
    7b50:	8fa40040 	lw	a0,64(sp)
    7b54:	0000000f 	sync
    7b58:	8e030024 	lw	v1,36(s0)
    7b5c:	24130001 	li	s3,1
    7b60:	02b41026 	xor	v0,s5,s4
    7b64:	0000000f 	sync
    7b68:	14830007 	bne	a0,v1,7b88 <main@@Base+0x5848>
    7b6c:	00000000 	nop
    7b70:	8fb30044 	lw	s3,68(sp)
    7b74:	0000000f 	sync
    7b78:	8e030028 	lw	v1,40(s0)
    7b7c:	0000000f 	sync
    7b80:	02639826 	xor	s3,s3,v1
    7b84:	0013982b 	sltu	s3,zero,s3
    7b88:	0000000f 	sync
    7b8c:	8fa3003c 	lw	v1,60(sp)
    7b90:	ae030020 	sw	v1,32(s0)
    7b94:	0000000f 	sync
    7b98:	0000000f 	sync
    7b9c:	8fa30040 	lw	v1,64(sp)
    7ba0:	ae030024 	sw	v1,36(s0)
    7ba4:	0000000f 	sync
    7ba8:	0000000f 	sync
    7bac:	8fa30044 	lw	v1,68(sp)
    7bb0:	ae030028 	sw	v1,40(s0)
    7bb4:	0000000f 	sync
    7bb8:	0000000f 	sync
    7bbc:	8fa30048 	lw	v1,72(sp)
    7bc0:	ae03002c 	sw	v1,44(s0)
    7bc4:	0000000f 	sync
    7bc8:	0000000f 	sync
    7bcc:	8fa3004c 	lw	v1,76(sp)
    7bd0:	ae030030 	sw	v1,48(s0)
    7bd4:	0000000f 	sync
    7bd8:	0000000f 	sync
    7bdc:	93a30050 	lbu	v1,80(sp)
    7be0:	a2030034 	sb	v1,52(s0)
    7be4:	0000000f 	sync
    7be8:	0000000f 	sync
    7bec:	93a30051 	lbu	v1,81(sp)
    7bf0:	a2030035 	sb	v1,53(s0)
    7bf4:	0000000f 	sync
    7bf8:	16600003 	bnez	s3,7c08 <main@@Base+0x58c8>
    7bfc:	00000000 	nop
    7c00:	10400015 	beqz	v0,7c58 <main@@Base+0x5918>
    7c04:	8f998160 	lw	t9,-32416(gp)
    7c08:	12b40010 	beq	s5,s4,7c4c <main@@Base+0x590c>
    7c0c:	8f868038 	lw	a2,-32712(gp)
    7c10:	8f868038 	lw	a2,-32712(gp)
    7c14:	24c65b9c 	addiu	a2,a2,23452
    7c18:	8f998034 	lw	t9,-32716(gp)
    7c1c:	02402025 	move	a0,s2
    7c20:	27395fcc 	addiu	t9,t9,24524
    7c24:	0411f8e9 	bal	5fcc <main@@Base+0x3c8c>
    7c28:	02202825 	move	a1,s1
    7c2c:	8fbc0030 	lw	gp,48(sp)
    7c30:	16b40075 	bne	s5,s4,7e08 <main@@Base+0x5ac8>
    7c34:	8e04001c 	lw	a0,28(s0)
    7c38:	8f828038 	lw	v0,-32712(gp)
    7c3c:	24426328 	addiu	v0,v0,25384
    7c40:	8f838038 	lw	v1,-32712(gp)
    7c44:	10000014 	b	7c98 <main@@Base+0x5958>
    7c48:	24635bc0 	addiu	v1,v1,23488
    7c4c:	1000fff2 	b	7c18 <main@@Base+0x58d8>
    7c50:	24c65ba4 	addiu	a2,a2,23460
    7c54:	8f998160 	lw	t9,-32416(gp)
    7c58:	0320f809 	jalr	t9
    7c5c:	26440038 	addiu	a0,s2,56
    7c60:	26450014 	addiu	a1,s2,20
    7c64:	8fbc0030 	lw	gp,48(sp)
    7c68:	00001825 	move	v1,zero
    7c6c:	8e420034 	lw	v0,52(s2)
    7c70:	0062102a 	slt	v0,v1,v0
    7c74:	14400053 	bnez	v0,7dc4 <main@@Base+0x5a84>
    7c78:	8f998178 	lw	t9,-32392(gp)
    7c7c:	0320f809 	jalr	t9
    7c80:	26440038 	addiu	a0,s2,56
    7c84:	8fbc0030 	lw	gp,48(sp)
    7c88:	8e04001c 	lw	a0,28(s0)
    7c8c:	8f828038 	lw	v0,-32712(gp)
    7c90:	24426328 	addiu	v0,v0,25384
    7c94:	00401825 	move	v1,v0
    7c98:	8f878038 	lw	a3,-32712(gp)
    7c9c:	24060193 	li	a2,403
    7ca0:	8f998224 	lw	t9,-32220(gp)
    7ca4:	27c55800 	addiu	a1,s8,22528
    7ca8:	afa40014 	sw	a0,20(sp)
    7cac:	24040003 	li	a0,3
    7cb0:	24e75c0c 	addiu	a3,a3,23564
    7cb4:	afa3001c 	sw	v1,28(sp)
    7cb8:	afa20018 	sw	v0,24(sp)
    7cbc:	0000b025 	move	s6,zero
    7cc0:	afb10010 	sw	s1,16(sp)
    7cc4:	0320f809 	jalr	t9
    7cc8:	00009825 	move	s3,zero
    7ccc:	8fbc0030 	lw	gp,48(sp)
    7cd0:	afa006a4 	sw	zero,1700(sp)
    7cd4:	afa006a8 	sw	zero,1704(sp)
    7cd8:	afa0069c 	sw	zero,1692(sp)
    7cdc:	afa006ac 	sw	zero,1708(sp)
    7ce0:	afa006b0 	sw	zero,1712(sp)
    7ce4:	8f998134 	lw	t9,-32460(gp)
    7ce8:	24050064 	li	a1,100
    7cec:	0320f809 	jalr	t9
    7cf0:	8e040004 	lw	a0,4(s0)
    7cf4:	8fbc0030 	lw	gp,48(sp)
    7cf8:	10400075 	beqz	v0,7ed0 <main@@Base+0x5b90>
    7cfc:	afa20694 	sw	v0,1684(sp)
    7d00:	8f9982c8 	lw	t9,-32056(gp)
    7d04:	0320f809 	jalr	t9
    7d08:	8e040004 	lw	a0,4(s0)
    7d0c:	24050005 	li	a1,5
    7d10:	8fbc0030 	lw	gp,48(sp)
    7d14:	8f998278 	lw	t9,-32136(gp)
    7d18:	0320f809 	jalr	t9
    7d1c:	00402025 	move	a0,v0
    7d20:	0040a825 	move	s5,v0
    7d24:	8fa206a4 	lw	v0,1700(sp)
    7d28:	8fbc0030 	lw	gp,48(sp)
    7d2c:	1455040d 	bne	v0,s5,8d64 <main@@Base+0x6a24>
    7d30:	0060a025 	move	s4,v1
    7d34:	8fa206a8 	lw	v0,1704(sp)
    7d38:	1443040a 	bne	v0,v1,8d64 <main@@Base+0x6a24>
    7d3c:	26c20001 	addiu	v0,s6,1
    7d40:	afa20694 	sw	v0,1684(sp)
    7d44:	2842000a 	slti	v0,v0,10
    7d48:	1440001a 	bnez	v0,7db4 <main@@Base+0x5a74>
    7d4c:	8f998314 	lw	t9,-31980(gp)
    7d50:	0320f809 	jalr	t9
    7d54:	8e040004 	lw	a0,4(s0)
    7d58:	10400031 	beqz	v0,7e20 <main@@Base+0x5ae0>
    7d5c:	8fbc0030 	lw	gp,48(sp)
    7d60:	8f878038 	lw	a3,-32712(gp)
    7d64:	240601aa 	li	a2,426
    7d68:	8e02001c 	lw	v0,28(s0)
    7d6c:	27c55800 	addiu	a1,s8,22528
    7d70:	24040002 	li	a0,2
    7d74:	afb10010 	sw	s1,16(sp)
    7d78:	24e75c34 	addiu	a3,a3,23604
    7d7c:	afa20014 	sw	v0,20(sp)
    7d80:	8f998224 	lw	t9,-32220(gp)
    7d84:	0320f809 	jalr	t9
    7d88:	00000000 	nop
    7d8c:	8fbc0030 	lw	gp,48(sp)
    7d90:	8f9982d0 	lw	t9,-32048(gp)
    7d94:	0320f809 	jalr	t9
    7d98:	8e040004 	lw	a0,4(s0)
    7d9c:	8fbc0030 	lw	gp,48(sp)
    7da0:	8f9982d4 	lw	t9,-32044(gp)
    7da4:	0320f809 	jalr	t9
    7da8:	8e040004 	lw	a0,4(s0)
    7dac:	8fbc0030 	lw	gp,48(sp)
    7db0:	ae000004 	sw	zero,4(s0)
    7db4:	8fb60694 	lw	s6,1684(sp)
    7db8:	afb506a4 	sw	s5,1700(sp)
    7dbc:	1000fefc 	b	79b0 <main@@Base+0x5670>
    7dc0:	afb406a8 	sw	s4,1704(sp)
    7dc4:	8ca20000 	lw	v0,0(a1)
    7dc8:	1040000c 	beqz	v0,7dfc <main@@Base+0x5abc>
    7dcc:	00000000 	nop
    7dd0:	8c44010c 	lw	a0,268(v0)
    7dd4:	14910009 	bne	a0,s1,7dfc <main@@Base+0x5abc>
    7dd8:	00000000 	nop
    7ddc:	0000000f 	sync
    7de0:	904600b0 	lbu	a2,176(v0)
    7de4:	0000000f 	sync
    7de8:	30c600ff 	andi	a2,a2,0xff
    7dec:	10c00003 	beqz	a2,7dfc <main@@Base+0x5abc>
    7df0:	24040001 	li	a0,1
    7df4:	a04000ec 	sb	zero,236(v0)
    7df8:	a04400e0 	sb	a0,224(v0)
    7dfc:	24630001 	addiu	v1,v1,1
    7e00:	1000ff9a 	b	7c6c <main@@Base+0x592c>
    7e04:	24a50004 	addiu	a1,a1,4
    7e08:	8f828038 	lw	v0,-32712(gp)
    7e0c:	1660ff8c 	bnez	s3,7c40 <main@@Base+0x5900>
    7e10:	24425bb0 	addiu	v0,v0,23472
    7e14:	8f838038 	lw	v1,-32712(gp)
    7e18:	1000ff9f 	b	7c98 <main@@Base+0x5958>
    7e1c:	24636328 	addiu	v1,v1,25384
    7e20:	8fa20694 	lw	v0,1684(sp)
    7e24:	28420014 	slti	v0,v0,20
    7e28:	1440ffe3 	bnez	v0,7db8 <main@@Base+0x5a78>
    7e2c:	8fb60694 	lw	s6,1684(sp)
    7e30:	8f998160 	lw	t9,-32416(gp)
    7e34:	0320f809 	jalr	t9
    7e38:	26440038 	addiu	a0,s2,56
    7e3c:	26450014 	addiu	a1,s2,20
    7e40:	8fbc0030 	lw	gp,48(sp)
    7e44:	00001825 	move	v1,zero
    7e48:	8e420034 	lw	v0,52(s2)
    7e4c:	0062102a 	slt	v0,v1,v0
    7e50:	14400010 	bnez	v0,7e94 <main@@Base+0x5b54>
    7e54:	0000b025 	move	s6,zero
    7e58:	8f998178 	lw	t9,-32392(gp)
    7e5c:	0320f809 	jalr	t9
    7e60:	26440038 	addiu	a0,s2,56
    7e64:	8fbc0030 	lw	gp,48(sp)
    7e68:	16c0ffd2 	bnez	s6,7db4 <main@@Base+0x5a74>
    7e6c:	afa00694 	sw	zero,1684(sp)
    7e70:	8e02001c 	lw	v0,28(s0)
    7e74:	240601c3 	li	a2,451
    7e78:	8f878038 	lw	a3,-32712(gp)
    7e7c:	27c55800 	addiu	a1,s8,22528
    7e80:	24040004 	li	a0,4
    7e84:	afb10010 	sw	s1,16(sp)
    7e88:	afa20014 	sw	v0,20(sp)
    7e8c:	1000ffbc 	b	7d80 <main@@Base+0x5a40>
    7e90:	24e75c80 	addiu	a3,a3,23680
    7e94:	8ca20000 	lw	v0,0(a1)
    7e98:	1040000a 	beqz	v0,7ec4 <main@@Base+0x5b84>
    7e9c:	00000000 	nop
    7ea0:	8c44010c 	lw	a0,268(v0)
    7ea4:	14910007 	bne	a0,s1,7ec4 <main@@Base+0x5b84>
    7ea8:	00000000 	nop
    7eac:	0000000f 	sync
    7eb0:	905600b0 	lbu	s6,176(v0)
    7eb4:	0000000f 	sync
    7eb8:	32d600ff 	andi	s6,s6,0xff
    7ebc:	16c0ffe7 	bnez	s6,7e5c <main@@Base+0x5b1c>
    7ec0:	8f998178 	lw	t9,-32392(gp)
    7ec4:	24630001 	addiu	v1,v1,1
    7ec8:	1000ffdf 	b	7e48 <main@@Base+0x5b08>
    7ecc:	24a50004 	addiu	a1,a1,4
    7ed0:	8e020010 	lw	v0,16(s0)
    7ed4:	1040fede 	beqz	v0,7a50 <main@@Base+0x5710>
    7ed8:	8fb506a4 	lw	s5,1700(sp)
    7edc:	8f99837c 	lw	t9,-31876(gp)
    7ee0:	27a50650 	addiu	a1,sp,1616
    7ee4:	0320f809 	jalr	t9
    7ee8:	8e040004 	lw	a0,4(s0)
    7eec:	1040001d 	beqz	v0,7f64 <main@@Base+0x5c24>
    7ef0:	8fbc0030 	lw	gp,48(sp)
    7ef4:	0000000f 	sync
    7ef8:	8e020020 	lw	v0,32(s0)
    7efc:	0000000f 	sync
    7f00:	afa20654 	sw	v0,1620(sp)
    7f04:	0000000f 	sync
    7f08:	8e020024 	lw	v0,36(s0)
    7f0c:	0000000f 	sync
    7f10:	afa20658 	sw	v0,1624(sp)
    7f14:	0000000f 	sync
    7f18:	8e020028 	lw	v0,40(s0)
    7f1c:	0000000f 	sync
    7f20:	afa2065c 	sw	v0,1628(sp)
    7f24:	0000000f 	sync
    7f28:	8e02002c 	lw	v0,44(s0)
    7f2c:	0000000f 	sync
    7f30:	afa20660 	sw	v0,1632(sp)
    7f34:	0000000f 	sync
    7f38:	8e020030 	lw	v0,48(s0)
    7f3c:	0000000f 	sync
    7f40:	afa20664 	sw	v0,1636(sp)
    7f44:	0000000f 	sync
    7f48:	92020034 	lbu	v0,52(s0)
    7f4c:	0000000f 	sync
    7f50:	a3a20668 	sb	v0,1640(sp)
    7f54:	0000000f 	sync
    7f58:	92020035 	lbu	v0,53(s0)
    7f5c:	0000000f 	sync
    7f60:	a3a20669 	sb	v0,1641(sp)
    7f64:	8fa30660 	lw	v1,1632(sp)
    7f68:	10600004 	beqz	v1,7f7c <main@@Base+0x5c3c>
    7f6c:	00000000 	nop
    7f70:	8fa20664 	lw	v0,1636(sp)
    7f74:	144000bb 	bnez	v0,8264 <main@@Base+0x5f24>
    7f78:	00000000 	nop
    7f7c:	2404001e 	li	a0,30
    7f80:	3c020001 	lui	v0,0x1
    7f84:	24425f90 	addiu	v0,v0,24464
    7f88:	008001f4 	teq	a0,zero,0x7
    7f8c:	0044001b 	divu	zero,v0,a0
    7f90:	00001012 	mflo	v0
    7f94:	afa206dc 	sw	v0,1756(sp)
    7f98:	0000000f 	sync
    7f9c:	8e02002c 	lw	v0,44(s0)
    7fa0:	0000000f 	sync
    7fa4:	14620006 	bne	v1,v0,7fc0 <main@@Base+0x5c80>
    7fa8:	8fa20664 	lw	v0,1636(sp)
    7fac:	0000000f 	sync
    7fb0:	8e030030 	lw	v1,48(s0)
    7fb4:	0000000f 	sync
    7fb8:	10620018 	beq	v1,v0,801c <main@@Base+0x5cdc>
    7fbc:	8fa30654 	lw	v1,1620(sp)
    7fc0:	8fa20664 	lw	v0,1636(sp)
    7fc4:	240601fc 	li	a2,508
    7fc8:	8f878038 	lw	a3,-32712(gp)
    7fcc:	27c55800 	addiu	a1,s8,22528
    7fd0:	8f998224 	lw	t9,-32220(gp)
    7fd4:	24040003 	li	a0,3
    7fd8:	afa20018 	sw	v0,24(sp)
    7fdc:	8fa20660 	lw	v0,1632(sp)
    7fe0:	24e75cac 	addiu	a3,a3,23724
    7fe4:	afa20014 	sw	v0,20(sp)
    7fe8:	8e020018 	lw	v0,24(s0)
    7fec:	0320f809 	jalr	t9
    7ff0:	afa20010 	sw	v0,16(sp)
    7ff4:	8fbc0030 	lw	gp,48(sp)
    7ff8:	0000000f 	sync
    7ffc:	8fa20660 	lw	v0,1632(sp)
    8000:	ae02002c 	sw	v0,44(s0)
    8004:	0000000f 	sync
    8008:	0000000f 	sync
    800c:	8fa20664 	lw	v0,1636(sp)
    8010:	ae020030 	sw	v0,48(s0)
    8014:	0000000f 	sync
    8018:	8fa30654 	lw	v1,1620(sp)
    801c:	0000000f 	sync
    8020:	8e020020 	lw	v0,32(s0)
    8024:	0000000f 	sync
    8028:	1462000d 	bne	v1,v0,8060 <main@@Base+0x5d20>
    802c:	8fb50654 	lw	s5,1620(sp)
    8030:	8fa30658 	lw	v1,1624(sp)
    8034:	0000000f 	sync
    8038:	8e020024 	lw	v0,36(s0)
    803c:	0000000f 	sync
    8040:	14620007 	bne	v1,v0,8060 <main@@Base+0x5d20>
    8044:	8fb50654 	lw	s5,1620(sp)
    8048:	8fa3065c 	lw	v1,1628(sp)
    804c:	0000000f 	sync
    8050:	8e020028 	lw	v0,40(s0)
    8054:	0000000f 	sync
    8058:	1062004a 	beq	v1,v0,8184 <main@@Base+0x5e44>
    805c:	8fb50654 	lw	s5,1620(sp)
    8060:	0000000f 	sync
    8064:	8e140020 	lw	s4,32(s0)
    8068:	0000000f 	sync
    806c:	8fa20654 	lw	v0,1620(sp)
    8070:	10400080 	beqz	v0,8274 <main@@Base+0x5f34>
    8074:	8e040018 	lw	a0,24(s0)
    8078:	24030001 	li	v1,1
    807c:	10430080 	beq	v0,v1,8280 <main@@Base+0x5f40>
    8080:	8f828038 	lw	v0,-32712(gp)
    8084:	24425be8 	addiu	v0,v0,23528
    8088:	8fa50658 	lw	a1,1624(sp)
    808c:	8fa6065c 	lw	a2,1628(sp)
    8090:	0000000f 	sync
    8094:	8e030020 	lw	v1,32(s0)
    8098:	0000000f 	sync
    809c:	1060007b 	beqz	v1,828c <main@@Base+0x5f4c>
    80a0:	24070001 	li	a3,1
    80a4:	1067007c 	beq	v1,a3,8298 <main@@Base+0x5f58>
    80a8:	8f838038 	lw	v1,-32712(gp)
    80ac:	24635be8 	addiu	v1,v1,23528
    80b0:	0000000f 	sync
    80b4:	8f998224 	lw	t9,-32220(gp)
    80b8:	8e070024 	lw	a3,36(s0)
    80bc:	0000000f 	sync
    80c0:	0000000f 	sync
    80c4:	8e080028 	lw	t0,40(s0)
    80c8:	0000000f 	sync
    80cc:	afa70024 	sw	a3,36(sp)
    80d0:	afa6001c 	sw	a2,28(sp)
    80d4:	24060205 	li	a2,517
    80d8:	afa50018 	sw	a1,24(sp)
    80dc:	27c55800 	addiu	a1,s8,22528
    80e0:	afa40010 	sw	a0,16(sp)
    80e4:	24040003 	li	a0,3
    80e8:	afa20014 	sw	v0,20(sp)
    80ec:	afa80028 	sw	t0,40(sp)
    80f0:	afa30020 	sw	v1,32(sp)
    80f4:	8f878038 	lw	a3,-32712(gp)
    80f8:	0320f809 	jalr	t9
    80fc:	24e75ccc 	addiu	a3,a3,23756
    8100:	8fbc0030 	lw	gp,48(sp)
    8104:	0000000f 	sync
    8108:	8fa20654 	lw	v0,1620(sp)
    810c:	ae020020 	sw	v0,32(s0)
    8110:	0000000f 	sync
    8114:	0000000f 	sync
    8118:	8fa20658 	lw	v0,1624(sp)
    811c:	ae020024 	sw	v0,36(s0)
    8120:	0000000f 	sync
    8124:	0000000f 	sync
    8128:	8fa2065c 	lw	v0,1628(sp)
    812c:	ae020028 	sw	v0,40(s0)
    8130:	0000000f 	sync
    8134:	0000000f 	sync
    8138:	93a20668 	lbu	v0,1640(sp)
    813c:	a2020034 	sb	v0,52(s0)
    8140:	0000000f 	sync
    8144:	0000000f 	sync
    8148:	93a20669 	lbu	v0,1641(sp)
    814c:	a2020035 	sb	v0,53(s0)
    8150:	0000000f 	sync
    8154:	a60001f6 	sh	zero,502(s0)
    8158:	a60001f8 	sh	zero,504(s0)
    815c:	a60001fa 	sh	zero,506(s0)
    8160:	12b40050 	beq	s5,s4,82a4 <main@@Base+0x5f64>
    8164:	8f868038 	lw	a2,-32712(gp)
    8168:	24c65b9c 	addiu	a2,a2,23452
    816c:	8f998034 	lw	t9,-32716(gp)
    8170:	02202825 	move	a1,s1
    8174:	27395fcc 	addiu	t9,t9,24524
    8178:	0411f794 	bal	5fcc <main@@Base+0x3c8c>
    817c:	02402025 	move	a0,s2
    8180:	8fbc0030 	lw	gp,48(sp)
    8184:	24020008 	li	v0,8
    8188:	afa206c0 	sw	v0,1728(sp)
    818c:	8f828038 	lw	v0,-32712(gp)
    8190:	afa206f8 	sw	v0,1784(sp)
    8194:	27a20600 	addiu	v0,sp,1536
    8198:	8e150008 	lw	s5,8(s0)
    819c:	8e14000c 	lw	s4,12(s0)
    81a0:	27a50680 	addiu	a1,sp,1664
    81a4:	8f998158 	lw	t9,-32424(gp)
    81a8:	afa20014 	sw	v0,20(sp)
    81ac:	27a20688 	addiu	v0,sp,1672
    81b0:	afb50680 	sw	s5,1664(sp)
    81b4:	afa20010 	sw	v0,16(sp)
    81b8:	afb40684 	sw	s4,1668(sp)
    81bc:	8e070014 	lw	a3,20(s0)
    81c0:	8e060010 	lw	a2,16(s0)
    81c4:	0320f809 	jalr	t9
    81c8:	8e040004 	lw	a0,4(s0)
    81cc:	8e030010 	lw	v1,16(s0)
    81d0:	8fbc0030 	lw	gp,48(sp)
    81d4:	afa30690 	sw	v1,1680(sp)
    81d8:	2403ffe4 	li	v1,-28
    81dc:	14430034 	bne	v0,v1,82b0 <main@@Base+0x5f70>
    81e0:	8f998374 	lw	t9,-31884(gp)
    81e4:	8fa50688 	lw	a1,1672(sp)
    81e8:	0320f809 	jalr	t9
    81ec:	8fa40690 	lw	a0,1680(sp)
    81f0:	8fbc0030 	lw	gp,48(sp)
    81f4:	10400011 	beqz	v0,823c <main@@Base+0x5efc>
    81f8:	0040a025 	move	s4,v0
    81fc:	8fa20688 	lw	v0,1672(sp)
    8200:	2406022b 	li	a2,555
    8204:	8f878038 	lw	a3,-32712(gp)
    8208:	27c55800 	addiu	a1,s8,22528
    820c:	8f998224 	lw	t9,-32220(gp)
    8210:	24040002 	li	a0,2
    8214:	afa20018 	sw	v0,24(sp)
    8218:	8e020014 	lw	v0,20(s0)
    821c:	24e75cfc 	addiu	a3,a3,23804
    8220:	afb10010 	sw	s1,16(sp)
    8224:	0320f809 	jalr	t9
    8228:	afa20014 	sw	v0,20(sp)
    822c:	8fa20688 	lw	v0,1672(sp)
    8230:	8fbc0030 	lw	gp,48(sp)
    8234:	ae140010 	sw	s4,16(s0)
    8238:	ae020014 	sw	v0,20(s0)
    823c:	8fa20680 	lw	v0,1664(sp)
    8240:	8fa30684 	lw	v1,1668(sp)
    8244:	ae020008 	sw	v0,8(s0)
    8248:	ae03000c 	sw	v1,12(s0)
    824c:	8fa206c0 	lw	v0,1728(sp)
    8250:	2442ffff 	addiu	v0,v0,-1
    8254:	1440ffcf 	bnez	v0,8194 <main@@Base+0x5e54>
    8258:	afa206c0 	sw	v0,1728(sp)
    825c:	1000fdfc 	b	7a50 <main@@Base+0x5710>
    8260:	8fb506a4 	lw	s5,1700(sp)
    8264:	004001f4 	teq	v0,zero,0x7
    8268:	0062001b 	divu	zero,v1,v0
    826c:	1000ff44 	b	7f80 <main@@Base+0x5c40>
    8270:	00002012 	mflo	a0
    8274:	8f828038 	lw	v0,-32712(gp)
    8278:	1000ff83 	b	8088 <main@@Base+0x5d48>
    827c:	24425bd8 	addiu	v0,v0,23512
    8280:	8f828038 	lw	v0,-32712(gp)
    8284:	1000ff80 	b	8088 <main@@Base+0x5d48>
    8288:	24425be0 	addiu	v0,v0,23520
    828c:	8f838038 	lw	v1,-32712(gp)
    8290:	1000ff87 	b	80b0 <main@@Base+0x5d70>
    8294:	24635bd8 	addiu	v1,v1,23512
    8298:	8f838038 	lw	v1,-32712(gp)
    829c:	1000ff84 	b	80b0 <main@@Base+0x5d70>
    82a0:	24635be0 	addiu	v1,v1,23520
    82a4:	8f868038 	lw	a2,-32712(gp)
    82a8:	1000ffb0 	b	816c <main@@Base+0x5e2c>
    82ac:	24c65ba4 	addiu	a2,a2,23460
    82b0:	2403ffb5 	li	v1,-75
    82b4:	1443003f 	bne	v0,v1,83b4 <main@@Base+0x6074>
    82b8:	8fa40680 	lw	a0,1664(sp)
    82bc:	8fa50684 	lw	a1,1668(sp)
    82c0:	00951823 	subu	v1,a0,s5
    82c4:	00b41023 	subu	v0,a1,s4
    82c8:	0083302b 	sltu	a2,a0,v1
    82cc:	00461023 	subu	v0,v0,a2
    82d0:	00623025 	or	a2,v1,v0
    82d4:	14c00015 	bnez	a2,832c <main@@Base+0x5fec>
    82d8:	8f998224 	lw	t9,-32220(gp)
    82dc:	8f878038 	lw	a3,-32712(gp)
    82e0:	2406023b 	li	a2,571
    82e4:	8e02001c 	lw	v0,28(s0)
    82e8:	27c55800 	addiu	a1,s8,22528
    82ec:	24040002 	li	a0,2
    82f0:	afb10010 	sw	s1,16(sp)
    82f4:	24e75d34 	addiu	a3,a3,23860
    82f8:	0320f809 	jalr	t9
    82fc:	afa20014 	sw	v0,20(sp)
    8300:	8fbc0030 	lw	gp,48(sp)
    8304:	8f9982d0 	lw	t9,-32048(gp)
    8308:	0320f809 	jalr	t9
    830c:	8e040004 	lw	a0,4(s0)
    8310:	8fbc0030 	lw	gp,48(sp)
    8314:	8f9982d4 	lw	t9,-32044(gp)
    8318:	0320f809 	jalr	t9
    831c:	8e040004 	lw	a0,4(s0)
    8320:	8fbc0030 	lw	gp,48(sp)
    8324:	1000fdc9 	b	7a4c <main@@Base+0x570c>
    8328:	ae000004 	sw	zero,4(s0)
    832c:	8fa606b4 	lw	a2,1716(sp)
    8330:	8fa706b4 	lw	a3,1716(sp)
    8334:	afa40020 	sw	a0,32(sp)
    8338:	24040002 	li	a0,2
    833c:	00c33021 	addu	a2,a2,v1
    8340:	afa50024 	sw	a1,36(sp)
    8344:	27c55800 	addiu	a1,s8,22528
    8348:	afa30028 	sw	v1,40(sp)
    834c:	00c7402b 	sltu	t0,a2,a3
    8350:	8fa706cc 	lw	a3,1740(sp)
    8354:	afa606b4 	sw	a2,1716(sp)
    8358:	afa2002c 	sw	v0,44(sp)
    835c:	00e23821 	addu	a3,a3,v0
    8360:	afb50018 	sw	s5,24(sp)
    8364:	afb4001c 	sw	s4,28(sp)
    8368:	01073021 	addu	a2,t0,a3
    836c:	afb10010 	sw	s1,16(sp)
    8370:	8f878038 	lw	a3,-32712(gp)
    8374:	afa606cc 	sw	a2,1740(sp)
    8378:	24060244 	li	a2,580
    837c:	0320f809 	jalr	t9
    8380:	24e75d68 	addiu	a3,a3,23912
    8384:	27a50670 	addiu	a1,sp,1648
    8388:	8fbc0030 	lw	gp,48(sp)
    838c:	8fa20680 	lw	v0,1664(sp)
    8390:	8fa30684 	lw	v1,1668(sp)
    8394:	8e040004 	lw	a0,4(s0)
    8398:	8f998034 	lw	t9,-32716(gp)
    839c:	ae020008 	sw	v0,8(s0)
    83a0:	273977d8 	addiu	t9,t9,30680
    83a4:	0411fd0c 	bal	77d8 <main@@Base+0x5498>
    83a8:	ae03000c 	sw	v1,12(s0)
    83ac:	1000fda7 	b	7a4c <main@@Base+0x570c>
    83b0:	8fbc0030 	lw	gp,48(sp)
    83b4:	1440fda5 	bnez	v0,7a4c <main@@Base+0x570c>
    83b8:	8fa20680 	lw	v0,1664(sp)
    83bc:	8fa30684 	lw	v1,1668(sp)
    83c0:	8f9981b4 	lw	t9,-32332(gp)
    83c4:	ae020008 	sw	v0,8(s0)
    83c8:	ae03000c 	sw	v1,12(s0)
    83cc:	8fa206d0 	lw	v0,1744(sp)
    83d0:	8fa306d0 	lw	v1,1744(sp)
    83d4:	8fb40610 	lw	s4,1552(sp)
    83d8:	24420001 	addiu	v0,v0,1
    83dc:	8fb50614 	lw	s5,1556(sp)
    83e0:	93b605d1 	lbu	s6,1489(sp)
    83e4:	afa206d8 	sw	v0,1752(sp)
    83e8:	0043102b 	sltu	v0,v0,v1
    83ec:	8fa306ec 	lw	v1,1772(sp)
    83f0:	00431021 	addu	v0,v0,v1
    83f4:	afa206e0 	sw	v0,1760(sp)
    83f8:	8fa206d8 	lw	v0,1752(sp)
    83fc:	afa206d0 	sw	v0,1744(sp)
    8400:	8fa206e0 	lw	v0,1760(sp)
    8404:	0320f809 	jalr	t9
    8408:	afa206ec 	sw	v0,1772(sp)
    840c:	27a40538 	addiu	a0,sp,1336
    8410:	8fbc0030 	lw	gp,48(sp)
    8414:	02803025 	move	a2,s4
    8418:	afa20010 	sw	v0,16(sp)
    841c:	02a03825 	move	a3,s5
    8420:	8f9982ac 	lw	t9,-32084(gp)
    8424:	0320f809 	jalr	t9
    8428:	afa30014 	sw	v1,20(sp)
    842c:	8fbc0030 	lw	gp,48(sp)
    8430:	afa20708 	sw	v0,1800(sp)
    8434:	16c0000e 	bnez	s6,8470 <main@@Base+0x6130>
    8438:	afa3070c 	sw	v1,1804(sp)
    843c:	8f878038 	lw	a3,-32712(gp)
    8440:	24060255 	li	a2,597
    8444:	8fa205c0 	lw	v0,1472(sp)
    8448:	27c55800 	addiu	a1,s8,22528
    844c:	8fa305c4 	lw	v1,1476(sp)
    8450:	24040003 	li	a0,3
    8454:	8f998224 	lw	t9,-32220(gp)
    8458:	24e75da0 	addiu	a3,a3,23968
    845c:	afa20018 	sw	v0,24(sp)
    8460:	afa3001c 	sw	v1,28(sp)
    8464:	0320f809 	jalr	t9
    8468:	afb10010 	sw	s1,16(sp)
    846c:	8fbc0030 	lw	gp,48(sp)
    8470:	8f9981b4 	lw	t9,-32332(gp)
    8474:	0320f809 	jalr	t9
    8478:	00000000 	nop
    847c:	00003825 	move	a3,zero
    8480:	8fa506b0 	lw	a1,1712(sp)
    8484:	0060a025 	move	s4,v1
    8488:	8fa406ac 	lw	a0,1708(sp)
    848c:	0040a825 	move	s5,v0
    8490:	8fa30610 	lw	v1,1552(sp)
    8494:	8fa20614 	lw	v0,1556(sp)
    8498:	00852025 	or	a0,a0,a1
    849c:	8fa506ac 	lw	a1,1708(sp)
    84a0:	8fbc0030 	lw	gp,48(sp)
    84a4:	0064280a 	movz	a1,v1,a0
    84a8:	8f99803c 	lw	t9,-32708(gp)
    84ac:	afa506ac 	sw	a1,1708(sp)
    84b0:	8fa506b0 	lw	a1,1712(sp)
    84b4:	0044280a 	movz	a1,v0,a0
    84b8:	8fa406ac 	lw	a0,1708(sp)
    84bc:	00451023 	subu	v0,v0,a1
    84c0:	afa506b0 	sw	a1,1712(sp)
    84c4:	00642023 	subu	a0,v1,a0
    84c8:	0064182b 	sltu	v1,v1,a0
    84cc:	00431023 	subu	v0,v0,v1
    84d0:	3c030001 	lui	v1,0x1
    84d4:	24635f90 	addiu	v1,v1,24464
    84d8:	00830019 	multu	a0,v1
    84dc:	00002810 	mfhi	a1
    84e0:	00002012 	mflo	a0
    84e4:	70433002 	mul	a2,v0,v1
    84e8:	00c52821 	addu	a1,a2,a1
    84ec:	3c06000f 	lui	a2,0xf
    84f0:	04112fef 	bal	144b0 <main@@Base+0x12170>
    84f4:	34c64240 	ori	a2,a2,0x4240
    84f8:	16600040 	bnez	s3,85fc <main@@Base+0x62bc>
    84fc:	8fbc0030 	lw	gp,48(sp)
    8500:	afa2069c 	sw	v0,1692(sp)
    8504:	93a2061a 	lbu	v0,1562(sp)
    8508:	10400028 	beqz	v0,85ac <main@@Base+0x626c>
    850c:	00000000 	nop
    8510:	93a20678 	lbu	v0,1656(sp)
    8514:	10400009 	beqz	v0,853c <main@@Base+0x61fc>
    8518:	8fa20674 	lw	v0,1652(sp)
    851c:	0054182a 	slt	v1,v0,s4
    8520:	14600006 	bnez	v1,853c <main@@Base+0x61fc>
    8524:	00000000 	nop
    8528:	14540006 	bne	v0,s4,8544 <main@@Base+0x6204>
    852c:	8fa20670 	lw	v0,1648(sp)
    8530:	0055102b 	sltu	v0,v0,s5
    8534:	10400004 	beqz	v0,8548 <main@@Base+0x6208>
    8538:	24020001 	li	v0,1
    853c:	afb50670 	sw	s5,1648(sp)
    8540:	afb40674 	sw	s4,1652(sp)
    8544:	24020001 	li	v0,1
    8548:	a3a20678 	sb	v0,1656(sp)
    854c:	24020002 	li	v0,2
    8550:	0000000f 	sync
    8554:	8e030020 	lw	v1,32(s0)
    8558:	0000000f 	sync
    855c:	10620013 	beq	v1,v0,85ac <main@@Base+0x626c>
    8560:	00000000 	nop
    8564:	0000000f 	sync
    8568:	8e030020 	lw	v1,32(s0)
    856c:	24020003 	li	v0,3
    8570:	0000000f 	sync
    8574:	1062000d 	beq	v1,v0,85ac <main@@Base+0x626c>
    8578:	00000000 	nop
    857c:	960201f8 	lhu	v0,504(s0)
    8580:	1440000a 	bnez	v0,85ac <main@@Base+0x626c>
    8584:	00000000 	nop
    8588:	8fb30688 	lw	s3,1672(sp)
    858c:	24150001 	li	s5,1
    8590:	8fa20690 	lw	v0,1680(sp)
    8594:	8e140020 	lw	s4,32(s0)
    8598:	00539821 	addu	s3,v0,s3
    859c:	24450004 	addiu	a1,v0,4
    85a0:	00b3182b 	sltu	v1,a1,s3
    85a4:	1460001c 	bnez	v1,8618 <main@@Base+0x62d8>
    85a8:	00000000 	nop
    85ac:	0000000f 	sync
    85b0:	8e020020 	lw	v0,32(s0)
    85b4:	afa206f4 	sw	v0,1780(sp)
    85b8:	0000000f 	sync
    85bc:	92421082 	lbu	v0,4226(s2)
    85c0:	1040000c 	beqz	v0,85f4 <main@@Base+0x62b4>
    85c4:	00000000 	nop
    85c8:	0000000f 	sync
    85cc:	8e020020 	lw	v0,32(s0)
    85d0:	0000000f 	sync
    85d4:	10400067 	beqz	v0,8774 <main@@Base+0x6434>
    85d8:	8f998394 	lw	t9,-31852(gp)
    85dc:	0000000f 	sync
    85e0:	8e030020 	lw	v1,32(s0)
    85e4:	24020001 	li	v0,1
    85e8:	0000000f 	sync
    85ec:	10620061 	beq	v1,v0,8774 <main@@Base+0x6434>
    85f0:	8f998394 	lw	t9,-31852(gp)
    85f4:	1000007c 	b	87e8 <main@@Base+0x64a8>
    85f8:	afa006a0 	sw	zero,1696(sp)
    85fc:	8fa3069c 	lw	v1,1692(sp)
    8600:	00431823 	subu	v1,v0,v1
    8604:	1c60ffbe 	bgtz	v1,8500 <main@@Base+0x61c0>
    8608:	8fa306dc 	lw	v1,1756(sp)
    860c:	8fa2069c 	lw	v0,1692(sp)
    8610:	1000ffbb 	b	8500 <main@@Base+0x61c0>
    8614:	00431021 	addu	v0,v0,v1
    8618:	90430000 	lbu	v1,0(v0)
    861c:	14600024 	bnez	v1,86b0 <main@@Base+0x6370>
    8620:	24570001 	addiu	s7,v0,1
    8624:	90430001 	lbu	v1,1(v0)
    8628:	14600021 	bnez	v1,86b0 <main@@Base+0x6370>
    862c:	00000000 	nop
    8630:	90430002 	lbu	v1,2(v0)
    8634:	1460001e 	bnez	v1,86b0 <main@@Base+0x6370>
    8638:	00000000 	nop
    863c:	90430003 	lbu	v1,3(v0)
    8640:	1475001b 	bne	v1,s5,86b0 <main@@Base+0x6370>
    8644:	24040001 	li	a0,1
    8648:	24570005 	addiu	s7,v0,5
    864c:	26e30003 	addiu	v1,s7,3
    8650:	0073182b 	sltu	v1,v1,s3
    8654:	14600018 	bnez	v1,86b8 <main@@Base+0x6378>
    8658:	0265b023 	subu	s6,s3,a1
    865c:	0260b825 	move	s7,s3
    8660:	2ec30002 	sltiu	v1,s6,2
    8664:	14600012 	bnez	v1,86b0 <main@@Base+0x6370>
    8668:	24030001 	li	v1,1
    866c:	1683003b 	bne	s4,v1,875c <main@@Base+0x641c>
    8670:	90420004 	lbu	v0,4(v0)
    8674:	7c422840 	ext	v0,v0,0x1,0x6
    8678:	24030020 	li	v1,32
    867c:	1443001c 	bne	v0,v1,86f0 <main@@Base+0x63b0>
    8680:	00000000 	nop
    8684:	2ec20081 	sltiu	v0,s6,129
    8688:	10400009 	beqz	v0,86b0 <main@@Base+0x6370>
    868c:	8f998120 	lw	t9,-32480(gp)
    8690:	26040036 	addiu	a0,s0,54
    8694:	0320f809 	jalr	t9
    8698:	02c03025 	move	a2,s6
    869c:	8fbc0030 	lw	gp,48(sp)
    86a0:	0000000f 	sync
    86a4:	a61601f6 	sh	s6,502(s0)
    86a8:	1000ffbc 	b	859c <main@@Base+0x625c>
    86ac:	02e01025 	move	v0,s7
    86b0:	1000ffba 	b	859c <main@@Base+0x625c>
    86b4:	02e01025 	move	v0,s7
    86b8:	92e30000 	lbu	v1,0(s7)
    86bc:	1460000a 	bnez	v1,86e8 <main@@Base+0x63a8>
    86c0:	00000000 	nop
    86c4:	92e30001 	lbu	v1,1(s7)
    86c8:	14600007 	bnez	v1,86e8 <main@@Base+0x63a8>
    86cc:	00000000 	nop
    86d0:	92e30002 	lbu	v1,2(s7)
    86d4:	14600004 	bnez	v1,86e8 <main@@Base+0x63a8>
    86d8:	00000000 	nop
    86dc:	92e30003 	lbu	v1,3(s7)
    86e0:	1064ffdf 	beq	v1,a0,8660 <main@@Base+0x6320>
    86e4:	02e5b023 	subu	s6,s7,a1
    86e8:	1000ffd8 	b	864c <main@@Base+0x630c>
    86ec:	26f70001 	addiu	s7,s7,1
    86f0:	24030021 	li	v1,33
    86f4:	1443000c 	bne	v0,v1,8728 <main@@Base+0x63e8>
    86f8:	24030022 	li	v1,34
    86fc:	2ec20101 	sltiu	v0,s6,257
    8700:	1040ffeb 	beqz	v0,86b0 <main@@Base+0x6370>
    8704:	8f998120 	lw	t9,-32480(gp)
    8708:	260400b6 	addiu	a0,s0,182
    870c:	0320f809 	jalr	t9
    8710:	02c03025 	move	a2,s6
    8714:	8fbc0030 	lw	gp,48(sp)
    8718:	0000000f 	sync
    871c:	a61601f8 	sh	s6,504(s0)
    8720:	1000ff9e 	b	859c <main@@Base+0x625c>
    8724:	02e01025 	move	v0,s7
    8728:	1443ffe1 	bne	v0,v1,86b0 <main@@Base+0x6370>
    872c:	00000000 	nop
    8730:	2ec20041 	sltiu	v0,s6,65
    8734:	1040ffde 	beqz	v0,86b0 <main@@Base+0x6370>
    8738:	8f998120 	lw	t9,-32480(gp)
    873c:	260401b6 	addiu	a0,s0,438
    8740:	0320f809 	jalr	t9
    8744:	02c03025 	move	a2,s6
    8748:	8fbc0030 	lw	gp,48(sp)
    874c:	0000000f 	sync
    8750:	a61601fa 	sh	s6,506(s0)
    8754:	1000ff91 	b	859c <main@@Base+0x625c>
    8758:	02e01025 	move	v0,s7
    875c:	24030007 	li	v1,7
    8760:	3042001f 	andi	v0,v0,0x1f
    8764:	1043ffe5 	beq	v0,v1,86fc <main@@Base+0x63bc>
    8768:	24030008 	li	v1,8
    876c:	1000ffee 	b	8728 <main@@Base+0x63e8>
    8770:	00000000 	nop
    8774:	27a605d8 	addiu	a2,sp,1496
    8778:	8e040004 	lw	a0,4(s0)
    877c:	0320f809 	jalr	t9
    8780:	27a50038 	addiu	a1,sp,56
    8784:	1440ff9b 	bnez	v0,85f4 <main@@Base+0x62b4>
    8788:	8fbc0030 	lw	gp,48(sp)
    878c:	0000000f 	sync
    8790:	8f9980f8 	lw	t9,-32520(gp)
    8794:	8e060020 	lw	a2,32(s0)
    8798:	0000000f 	sync
    879c:	93a205d8 	lbu	v0,1496(sp)
    87a0:	24070001 	li	a3,1
    87a4:	8fa30038 	lw	v1,56(sp)
    87a8:	8fa5003c 	lw	a1,60(sp)
    87ac:	8fa40614 	lw	a0,1556(sp)
    87b0:	afa20018 	sw	v0,24(sp)
    87b4:	8fa20610 	lw	v0,1552(sp)
    87b8:	00852021 	addu	a0,a0,a1
    87bc:	24050025 	li	a1,37
    87c0:	00431821 	addu	v1,v0,v1
    87c4:	0062102b 	sltu	v0,v1,v0
    87c8:	afa30010 	sw	v1,16(sp)
    87cc:	00441021 	addu	v0,v0,a0
    87d0:	27a40628 	addiu	a0,sp,1576
    87d4:	0320f809 	jalr	t9
    87d8:	afa20014 	sw	v0,20(sp)
    87dc:	8fbc0030 	lw	gp,48(sp)
    87e0:	1840ff84 	blez	v0,85f4 <main@@Base+0x62b4>
    87e4:	afa206a0 	sw	v0,1696(sp)
    87e8:	8f998160 	lw	t9,-32416(gp)
    87ec:	26420038 	addiu	v0,s2,56
    87f0:	afa206f0 	sw	v0,1776(sp)
    87f4:	0320f809 	jalr	t9
    87f8:	00402025 	move	a0,v0
    87fc:	26420014 	addiu	v0,s2,20
    8800:	8fbc0030 	lw	gp,48(sp)
    8804:	afa206c8 	sw	v0,1736(sp)
    8808:	afa006bc 	sw	zero,1724(sp)
    880c:	8e420034 	lw	v0,52(s2)
    8810:	8fa306bc 	lw	v1,1724(sp)
    8814:	0062102a 	slt	v0,v1,v0
    8818:	1440002f 	bnez	v0,88d8 <main@@Base+0x6598>
    881c:	8f998178 	lw	t9,-32392(gp)
    8820:	0320f809 	jalr	t9
    8824:	8fa406f0 	lw	a0,1776(sp)
    8828:	8fbc0030 	lw	gp,48(sp)
    882c:	8f9981b4 	lw	t9,-32332(gp)
    8830:	0320f809 	jalr	t9
    8834:	00000000 	nop
    8838:	00409825 	move	s3,v0
    883c:	8fa206e4 	lw	v0,1764(sp)
    8840:	8fa406e8 	lw	a0,1768(sp)
    8844:	0060a025 	move	s4,v1
    8848:	02621823 	subu	v1,s3,v0
    884c:	02842023 	subu	a0,s4,a0
    8850:	0263102b 	sltu	v0,s3,v1
    8854:	00822023 	subu	a0,a0,v0
    8858:	1c800007 	bgtz	a0,8878 <main@@Base+0x6538>
    885c:	8fbc0030 	lw	gp,48(sp)
    8860:	1480001b 	bnez	a0,88d0 <main@@Base+0x6590>
    8864:	3c020098 	lui	v0,0x98
    8868:	34429680 	ori	v0,v0,0x9680
    886c:	0062182b 	sltu	v1,v1,v0
    8870:	14600017 	bnez	v1,88d0 <main@@Base+0x6590>
    8874:	00000000 	nop
    8878:	8fa206b4 	lw	v0,1716(sp)
    887c:	240602ae 	li	a2,686
    8880:	8f998224 	lw	t9,-32220(gp)
    8884:	27c55800 	addiu	a1,s8,22528
    8888:	8fa706fc 	lw	a3,1788(sp)
    888c:	24040005 	li	a0,5
    8890:	afa20028 	sw	v0,40(sp)
    8894:	8fa206cc 	lw	v0,1740(sp)
    8898:	afb10010 	sw	s1,16(sp)
    889c:	afa2002c 	sw	v0,44(sp)
    88a0:	8fa206b8 	lw	v0,1720(sp)
    88a4:	afa20020 	sw	v0,32(sp)
    88a8:	8fa206d4 	lw	v0,1748(sp)
    88ac:	afa20024 	sw	v0,36(sp)
    88b0:	8fa206d8 	lw	v0,1752(sp)
    88b4:	afa20018 	sw	v0,24(sp)
    88b8:	8fa206e0 	lw	v0,1760(sp)
    88bc:	0320f809 	jalr	t9
    88c0:	afa2001c 	sw	v0,28(sp)
    88c4:	8fbc0030 	lw	gp,48(sp)
    88c8:	afb306e4 	sw	s3,1764(sp)
    88cc:	afb406e8 	sw	s4,1768(sp)
    88d0:	1000fe5e 	b	824c <main@@Base+0x5f0c>
    88d4:	24130001 	li	s3,1
    88d8:	8fa206c8 	lw	v0,1736(sp)
    88dc:	8c530000 	lw	s3,0(v0)
    88e0:	1260007f 	beqz	s3,8ae0 <main@@Base+0x67a0>
    88e4:	00000000 	nop
    88e8:	0000000f 	sync
    88ec:	926200b0 	lbu	v0,176(s3)
    88f0:	0000000f 	sync
    88f4:	304200ff 	andi	v0,v0,0xff
    88f8:	10400079 	beqz	v0,8ae0 <main@@Base+0x67a0>
    88fc:	00000000 	nop
    8900:	8e62010c 	lw	v0,268(s3)
    8904:	14510076 	bne	v0,s1,8ae0 <main@@Base+0x67a0>
    8908:	00000000 	nop
    890c:	926200e0 	lbu	v0,224(s3)
    8910:	1040000c 	beqz	v0,8944 <main@@Base+0x6604>
    8914:	93a2061a 	lbu	v0,1562(sp)
    8918:	10400071 	beqz	v0,8ae0 <main@@Base+0x67a0>
    891c:	8fa206f8 	lw	v0,1784(sp)
    8920:	24060290 	li	a2,656
    8924:	8f998224 	lw	t9,-32220(gp)
    8928:	27c55800 	addiu	a1,s8,22528
    892c:	24040004 	li	a0,4
    8930:	a26000e0 	sb	zero,224(s3)
    8934:	24475dd4 	addiu	a3,v0,24020
    8938:	0320f809 	jalr	t9
    893c:	afb10010 	sw	s1,16(sp)
    8940:	8fbc0030 	lw	gp,48(sp)
    8944:	926200ec 	lbu	v0,236(s3)
    8948:	14400004 	bnez	v0,895c <main@@Base+0x661c>
    894c:	8fa2069c 	lw	v0,1692(sp)
    8950:	ae6200e4 	sw	v0,228(s3)
    8954:	24020001 	li	v0,1
    8958:	a26200ec 	sb	v0,236(s3)
    895c:	8fa2069c 	lw	v0,1692(sp)
    8960:	8e7500e8 	lw	s5,232(s3)
    8964:	0055a821 	addu	s5,v0,s5
    8968:	8e6200e4 	lw	v0,228(s3)
    896c:	02a2a823 	subu	s5,s5,v0
    8970:	926200f4 	lbu	v0,244(s3)
    8974:	10400006 	beqz	v0,8990 <main@@Base+0x6650>
    8978:	8fa306dc 	lw	v1,1756(sp)
    897c:	8e6200f0 	lw	v0,240(s3)
    8980:	02a22023 	subu	a0,s5,v0
    8984:	00431021 	addu	v0,v0,v1
    8988:	28840001 	slti	a0,a0,1
    898c:	0044a80b 	movn	s5,v0,a0
    8990:	24020001 	li	v0,1
    8994:	8fb60688 	lw	s6,1672(sp)
    8998:	8f998310 	lw	t9,-31984(gp)
    899c:	a26200f4 	sb	v0,244(s3)
    89a0:	8fa206a0 	lw	v0,1696(sp)
    89a4:	ae7500f0 	sw	s5,240(s3)
    89a8:	02c21021 	addu	v0,s6,v0
    89ac:	afa206c4 	sw	v0,1732(sp)
    89b0:	0320f809 	jalr	t9
    89b4:	00402025 	move	a0,v0
    89b8:	8fbc0030 	lw	gp,48(sp)
    89bc:	10400048 	beqz	v0,8ae0 <main@@Base+0x67a0>
    89c0:	afa20698 	sw	v0,1688(sp)
    89c4:	8fa206a0 	lw	v0,1696(sp)
    89c8:	10400053 	beqz	v0,8b18 <main@@Base+0x67d8>
    89cc:	8fa606c4 	lw	a2,1732(sp)
    89d0:	8fa20690 	lw	v0,1680(sp)
    89d4:	24060001 	li	a2,1
    89d8:	00562821 	addu	a1,v0,s6
    89dc:	0040a025 	move	s4,v0
    89e0:	26840004 	addiu	a0,s4,4
    89e4:	0085102b 	sltu	v0,a0,a1
    89e8:	14400003 	bnez	v0,89f8 <main@@Base+0x66b8>
    89ec:	02c0b825 	move	s7,s6
    89f0:	10000016 	b	8a4c <main@@Base+0x670c>
    89f4:	00a0a025 	move	s4,a1
    89f8:	92820000 	lbu	v0,0(s4)
    89fc:	1440000a 	bnez	v0,8a28 <main@@Base+0x66e8>
    8a00:	00000000 	nop
    8a04:	92820001 	lbu	v0,1(s4)
    8a08:	14400007 	bnez	v0,8a28 <main@@Base+0x66e8>
    8a0c:	00000000 	nop
    8a10:	92820002 	lbu	v0,2(s4)
    8a14:	14400004 	bnez	v0,8a28 <main@@Base+0x66e8>
    8a18:	00000000 	nop
    8a1c:	92820003 	lbu	v0,3(s4)
    8a20:	10460004 	beq	v0,a2,8a34 <main@@Base+0x66f4>
    8a24:	8fa306f4 	lw	v1,1780(sp)
    8a28:	26840001 	addiu	a0,s4,1
    8a2c:	1000ffec 	b	89e0 <main@@Base+0x66a0>
    8a30:	0080a025 	move	s4,a0
    8a34:	14660031 	bne	v1,a2,8afc <main@@Base+0x67bc>
    8a38:	92820004 	lbu	v0,4(s4)
    8a3c:	30420040 	andi	v0,v0,0x40
    8a40:	1440fffa 	bnez	v0,8a2c <main@@Base+0x66ec>
    8a44:	8fa20690 	lw	v0,1680(sp)
    8a48:	0282b823 	subu	s7,s4,v0
    8a4c:	8f998120 	lw	t9,-32480(gp)
    8a50:	02e03025 	move	a2,s7
    8a54:	8fa50690 	lw	a1,1680(sp)
    8a58:	0320f809 	jalr	t9
    8a5c:	8fa40698 	lw	a0,1688(sp)
    8a60:	27a50628 	addiu	a1,sp,1576
    8a64:	8fbc0030 	lw	gp,48(sp)
    8a68:	8fa20698 	lw	v0,1688(sp)
    8a6c:	8fa606a0 	lw	a2,1696(sp)
    8a70:	8f998120 	lw	t9,-32480(gp)
    8a74:	0320f809 	jalr	t9
    8a78:	00572021 	addu	a0,v0,s7
    8a7c:	02d73023 	subu	a2,s6,s7
    8a80:	8fa206a0 	lw	v0,1696(sp)
    8a84:	02802825 	move	a1,s4
    8a88:	8fbc0030 	lw	gp,48(sp)
    8a8c:	00572021 	addu	a0,v0,s7
    8a90:	8fa20698 	lw	v0,1688(sp)
    8a94:	00442021 	addu	a0,v0,a0
    8a98:	8f998120 	lw	t9,-32480(gp)
    8a9c:	0320f809 	jalr	t9
    8aa0:	26741694 	addiu	s4,s3,5780
    8aa4:	8fbc0030 	lw	gp,48(sp)
    8aa8:	8f998160 	lw	t9,-32416(gp)
    8aac:	0320f809 	jalr	t9
    8ab0:	02802025 	move	a0,s4
    8ab4:	926216e0 	lbu	v0,5856(s3)
    8ab8:	1040001a 	beqz	v0,8b24 <main@@Base+0x67e4>
    8abc:	8fbc0030 	lw	gp,48(sp)
    8ac0:	8f998178 	lw	t9,-32392(gp)
    8ac4:	0320f809 	jalr	t9
    8ac8:	02802025 	move	a0,s4
    8acc:	8fbc0030 	lw	gp,48(sp)
    8ad0:	8f998150 	lw	t9,-32432(gp)
    8ad4:	0320f809 	jalr	t9
    8ad8:	8fa40698 	lw	a0,1688(sp)
    8adc:	8fbc0030 	lw	gp,48(sp)
    8ae0:	8fa206bc 	lw	v0,1724(sp)
    8ae4:	24420001 	addiu	v0,v0,1
    8ae8:	afa206bc 	sw	v0,1724(sp)
    8aec:	8fa206c8 	lw	v0,1736(sp)
    8af0:	24420004 	addiu	v0,v0,4
    8af4:	1000ff45 	b	880c <main@@Base+0x64cc>
    8af8:	afa206c8 	sw	v0,1736(sp)
    8afc:	3042001f 	andi	v0,v0,0x1f
    8b00:	2442ffff 	addiu	v0,v0,-1
    8b04:	2c420005 	sltiu	v0,v0,5
    8b08:	1040ffc8 	beqz	v0,8a2c <main@@Base+0x66ec>
    8b0c:	8fa20690 	lw	v0,1680(sp)
    8b10:	1000ffce 	b	8a4c <main@@Base+0x670c>
    8b14:	0282b823 	subu	s7,s4,v0
    8b18:	8fa50690 	lw	a1,1680(sp)
    8b1c:	1000ffde 	b	8a98 <main@@Base+0x6758>
    8b20:	8fa40698 	lw	a0,1688(sp)
    8b24:	8e651690 	lw	a1,5776(s3)
    8b28:	28a20020 	slti	v0,a1,32
    8b2c:	14400066 	bnez	v0,8cc8 <main@@Base+0x6988>
    8b30:	8fa60708 	lw	a2,1800(sp)
    8b34:	8e6216ec 	lw	v0,5868(s3)
    8b38:	0000a825 	move	s5,zero
    8b3c:	24160028 	li	s6,40
    8b40:	24170001 	li	s7,1
    8b44:	24420001 	addiu	v0,v0,1
    8b48:	ae6216ec 	sw	v0,5868(s3)
    8b4c:	8e681690 	lw	t0,5776(s3)
    8b50:	1d00001a 	bgtz	t0,8bbc <main@@Base+0x687c>
    8b54:	27a405d8 	addiu	a0,sp,1496
    8b58:	27a50038 	addiu	a1,sp,56
    8b5c:	ae601688 	sw	zero,5768(s3)
    8b60:	0000b825 	move	s7,zero
    8b64:	ae60168c 	sw	zero,5772(s3)
    8b68:	16b70041 	bne	s5,s7,8c70 <main@@Base+0x6930>
    8b6c:	24070028 	li	a3,40
    8b70:	8e6216e8 	lw	v0,5864(s3)
    8b74:	02802025 	move	a0,s4
    8b78:	8f998178 	lw	t9,-32392(gp)
    8b7c:	24420001 	addiu	v0,v0,1
    8b80:	0320f809 	jalr	t9
    8b84:	ae6216e8 	sw	v0,5864(s3)
    8b88:	8fbc0030 	lw	gp,48(sp)
    8b8c:	8f998150 	lw	t9,-32432(gp)
    8b90:	0320f809 	jalr	t9
    8b94:	8fa40698 	lw	a0,1688(sp)
    8b98:	27a50670 	addiu	a1,sp,1648
    8b9c:	8e6200a0 	lw	v0,160(s3)
    8ba0:	8e040004 	lw	a0,4(s0)
    8ba4:	8fb90700 	lw	t9,1792(sp)
    8ba8:	2c420001 	sltiu	v0,v0,1
    8bac:	0320f809 	jalr	t9
    8bb0:	a26200e0 	sb	v0,224(s3)
    8bb4:	1000ffca 	b	8ae0 <main@@Base+0x67a0>
    8bb8:	8fbc0030 	lw	gp,48(sp)
    8bbc:	8e67168c 	lw	a3,5772(s3)
    8bc0:	8f998120 	lw	t9,-32480(gp)
    8bc4:	24060028 	li	a2,40
    8bc8:	afa80710 	sw	t0,1808(sp)
    8bcc:	70f61002 	mul	v0,a3,s6
    8bd0:	afa70704 	sw	a3,1796(sp)
    8bd4:	00534821 	addu	t1,v0,s3
    8bd8:	25251188 	addiu	a1,t1,4488
    8bdc:	0320f809 	jalr	t9
    8be0:	afa906c4 	sw	t1,1732(sp)
    8be4:	24030020 	li	v1,32
    8be8:	8fa70704 	lw	a3,1796(sp)
    8bec:	8fa906c4 	lw	t1,1732(sp)
    8bf0:	8fa80710 	lw	t0,1808(sp)
    8bf4:	24e70001 	addiu	a3,a3,1
    8bf8:	8fbc0030 	lw	gp,48(sp)
    8bfc:	006001f4 	teq	v1,zero,0x7
    8c00:	00e3001a 	div	zero,a3,v1
    8c04:	912211a0 	lbu	v0,4512(t1)
    8c08:	2508ffff 	addiu	t0,t0,-1
    8c0c:	8d241188 	lw	a0,4488(t1)
    8c10:	ad201188 	sw	zero,4488(t1)
    8c14:	ae681690 	sw	t0,5776(s3)
    8c18:	00003810 	mfhi	a3
    8c1c:	1457000d 	bne	v0,s7,8c54 <main@@Base+0x6914>
    8c20:	ae67168c 	sw	a3,5772(s3)
    8c24:	27a20038 	addiu	v0,sp,56
    8c28:	8f998120 	lw	t9,-32480(gp)
    8c2c:	24060028 	li	a2,40
    8c30:	a3b705f0 	sb	s7,1520(sp)
    8c34:	00400013 	mtlo	v0
    8c38:	27a505d8 	addiu	a1,sp,1496
    8c3c:	72b60000 	madd	s5,s6
    8c40:	26b50001 	addiu	s5,s5,1
    8c44:	0320f809 	jalr	t9
    8c48:	00002012 	mflo	a0
    8c4c:	1000ffbf 	b	8b4c <main@@Base+0x680c>
    8c50:	8fbc0030 	lw	gp,48(sp)
    8c54:	8e6216e8 	lw	v0,5864(s3)
    8c58:	8f998150 	lw	t9,-32432(gp)
    8c5c:	24420001 	addiu	v0,v0,1
    8c60:	0320f809 	jalr	t9
    8c64:	ae6216e8 	sw	v0,5864(s3)
    8c68:	1000ffb8 	b	8b4c <main@@Base+0x680c>
    8c6c:	8fbc0030 	lw	gp,48(sp)
    8c70:	8e761688 	lw	s6,5768(s3)
    8c74:	24060028 	li	a2,40
    8c78:	8f998120 	lw	t9,-32480(gp)
    8c7c:	26f70001 	addiu	s7,s7,1
    8c80:	afa506c4 	sw	a1,1732(sp)
    8c84:	72c71002 	mul	v0,s6,a3
    8c88:	26d60001 	addiu	s6,s6,1
    8c8c:	00532021 	addu	a0,v0,s3
    8c90:	0320f809 	jalr	t9
    8c94:	24841188 	addiu	a0,a0,4488
    8c98:	24030020 	li	v1,32
    8c9c:	8e621690 	lw	v0,5776(s3)
    8ca0:	006001f4 	teq	v1,zero,0x7
    8ca4:	02c3001a 	div	zero,s6,v1
    8ca8:	8fa506c4 	lw	a1,1732(sp)
    8cac:	8fbc0030 	lw	gp,48(sp)
    8cb0:	24420001 	addiu	v0,v0,1
    8cb4:	24a50028 	addiu	a1,a1,40
    8cb8:	ae621690 	sw	v0,5776(s3)
    8cbc:	0000b010 	mfhi	s6
    8cc0:	1000ffa9 	b	8b68 <main@@Base+0x6828>
    8cc4:	ae761688 	sw	s6,5768(s3)
    8cc8:	8e641688 	lw	a0,5768(s3)
    8ccc:	24020028 	li	v0,40
    8cd0:	24a50001 	addiu	a1,a1,1
    8cd4:	8fa7070c 	lw	a3,1804(sp)
    8cd8:	70821802 	mul	v1,a0,v0
    8cdc:	8f998164 	lw	t9,-32412(gp)
    8ce0:	00731021 	addu	v0,v1,s3
    8ce4:	8fa30698 	lw	v1,1688(sp)
    8ce8:	ac431188 	sw	v1,4488(v0)
    8cec:	ac461198 	sw	a2,4504(v0)
    8cf0:	ac47119c 	sw	a3,4508(v0)
    8cf4:	ac551190 	sw	s5,4496(v0)
    8cf8:	a04011a0 	sb	zero,4512(v0)
    8cfc:	ac4011a4 	sw	zero,4516(v0)
    8d00:	8fa306c4 	lw	v1,1732(sp)
    8d04:	ac43118c 	sw	v1,4492(v0)
    8d08:	24820001 	addiu	v0,a0,1
    8d0c:	24040020 	li	a0,32
    8d10:	ae651690 	sw	a1,5776(s3)
    8d14:	008001f4 	teq	a0,zero,0x7
    8d18:	0044001a 	div	zero,v0,a0
    8d1c:	266416b0 	addiu	a0,s3,5808
    8d20:	00001010 	mfhi	v0
    8d24:	0320f809 	jalr	t9
    8d28:	ae621688 	sw	v0,5768(s3)
    8d2c:	8fbc0030 	lw	gp,48(sp)
    8d30:	8f998178 	lw	t9,-32392(gp)
    8d34:	0320f809 	jalr	t9
    8d38:	02802025 	move	a0,s4
    8d3c:	8fa206b8 	lw	v0,1720(sp)
    8d40:	8fa306b8 	lw	v1,1720(sp)
    8d44:	8fbc0030 	lw	gp,48(sp)
    8d48:	24420001 	addiu	v0,v0,1
    8d4c:	0043182b 	sltu	v1,v0,v1
    8d50:	afa206b8 	sw	v0,1720(sp)
    8d54:	8fa206d4 	lw	v0,1748(sp)
    8d58:	00621021 	addu	v0,v1,v0
    8d5c:	1000ff60 	b	8ae0 <main@@Base+0x67a0>
    8d60:	afa206d4 	sw	v0,1748(sp)
    8d64:	1000fc13 	b	7db4 <main@@Base+0x5a74>
    8d68:	afa00694 	sw	zero,1684(sp)
    8d6c:	3c1c0002 	lui	gp,0x2
    8d70:	279c8294 	addiu	gp,gp,-32108
    8d74:	0399e021 	addu	gp,gp,t9
    8d78:	27bdffd8 	addiu	sp,sp,-40
    8d7c:	afb20020 	sw	s2,32(sp)
    8d80:	24120020 	li	s2,32
    8d84:	afb00018 	sw	s0,24(sp)
    8d88:	00808025 	move	s0,a0
    8d8c:	afbc0010 	sw	gp,16(sp)
    8d90:	afbf0024 	sw	ra,36(sp)
    8d94:	afb1001c 	sw	s1,28(sp)
    8d98:	8e020508 	lw	v0,1288(s0)
    8d9c:	1c40000d 	bgtz	v0,8dd4 <main@@Base+0x6a94>
    8da0:	8f998150 	lw	t9,-32432(gp)
    8da4:	8f998238 	lw	t9,-32200(gp)
    8da8:	0320f809 	jalr	t9
    8dac:	26040528 	addiu	a0,s0,1320
    8db0:	2604050c 	addiu	a0,s0,1292
    8db4:	8fbc0010 	lw	gp,16(sp)
    8db8:	8fbf0024 	lw	ra,36(sp)
    8dbc:	8fb20020 	lw	s2,32(sp)
    8dc0:	8fb1001c 	lw	s1,28(sp)
    8dc4:	8fb00018 	lw	s0,24(sp)
    8dc8:	8f99824c 	lw	t9,-32180(gp)
    8dcc:	03200008 	jr	t9
    8dd0:	27bd0028 	addiu	sp,sp,40
    8dd4:	8e110504 	lw	s1,1284(s0)
    8dd8:	24020028 	li	v0,40
    8ddc:	70511802 	mul	v1,v0,s1
    8de0:	00708821 	addu	s1,v1,s0
    8de4:	0320f809 	jalr	t9
    8de8:	8e240000 	lw	a0,0(s1)
    8dec:	8fbc0010 	lw	gp,16(sp)
    8df0:	ae200000 	sw	zero,0(s1)
    8df4:	8e020504 	lw	v0,1284(s0)
    8df8:	24420001 	addiu	v0,v0,1
    8dfc:	024001f4 	teq	s2,zero,0x7
    8e00:	0052001a 	div	zero,v0,s2
    8e04:	00001010 	mfhi	v0
    8e08:	ae020504 	sw	v0,1284(s0)
    8e0c:	8e020508 	lw	v0,1288(s0)
    8e10:	2442ffff 	addiu	v0,v0,-1
    8e14:	1000ffe0 	b	8d98 <main@@Base+0x6a58>
    8e18:	ae020508 	sw	v0,1288(s0)
    8e1c:	3c1c0002 	lui	gp,0x2
    8e20:	279c81e4 	addiu	gp,gp,-32284
    8e24:	0399e021 	addu	gp,gp,t9
    8e28:	27bdffe0 	addiu	sp,sp,-32
    8e2c:	afb00018 	sw	s0,24(sp)
    8e30:	00808025 	move	s0,a0
    8e34:	afbc0010 	sw	gp,16(sp)
    8e38:	afbf001c 	sw	ra,28(sp)
    8e3c:	8c840018 	lw	a0,24(a0)
    8e40:	10800005 	beqz	a0,8e58 <main@@Base+0x6b18>
    8e44:	8f998308 	lw	t9,-31992(gp)
    8e48:	0320f809 	jalr	t9
    8e4c:	00000000 	nop
    8e50:	8fbc0010 	lw	gp,16(sp)
    8e54:	ae000018 	sw	zero,24(s0)
    8e58:	8e040020 	lw	a0,32(s0)
    8e5c:	10800004 	beqz	a0,8e70 <main@@Base+0x6b30>
    8e60:	8f998360 	lw	t9,-31904(gp)
    8e64:	0320f809 	jalr	t9
    8e68:	00000000 	nop
    8e6c:	ae000020 	sw	zero,32(s0)
    8e70:	8fbf001c 	lw	ra,28(sp)
    8e74:	8fb00018 	lw	s0,24(sp)
    8e78:	03e00008 	jr	ra
    8e7c:	27bd0020 	addiu	sp,sp,32
    8e80:	3c1c0002 	lui	gp,0x2
    8e84:	279c8180 	addiu	gp,gp,-32384
    8e88:	0399e021 	addu	gp,gp,t9
    8e8c:	27bdff98 	addiu	sp,sp,-104
    8e90:	8f998034 	lw	t9,-32716(gp)
    8e94:	afb00054 	sw	s0,84(sp)
    8e98:	00a08025 	move	s0,a1
    8e9c:	27395dfc 	addiu	t9,t9,24060
    8ea0:	afb10058 	sw	s1,88(sp)
    8ea4:	27a50020 	addiu	a1,sp,32
    8ea8:	afbf0064 	sw	ra,100(sp)
    8eac:	00808825 	move	s1,a0
    8eb0:	afbc0018 	sw	gp,24(sp)
    8eb4:	26040008 	addiu	a0,s0,8
    8eb8:	afb30060 	sw	s3,96(sp)
    8ebc:	0411f3cf 	bal	5dfc <main@@Base+0x3abc>
    8ec0:	afb2005c 	sw	s2,92(sp)
    8ec4:	26040008 	addiu	a0,s0,8
    8ec8:	8fbc0018 	lw	gp,24(sp)
    8ecc:	8f998034 	lw	t9,-32716(gp)
    8ed0:	273952f0 	addiu	t9,t9,21232
    8ed4:	0411f106 	bal	52f0 <main@@Base+0x2fb0>
    8ed8:	00403025 	move	a2,v0
    8edc:	24040003 	li	a0,3
    8ee0:	8fbc0018 	lw	gp,24(sp)
    8ee4:	afa60010 	sw	a2,16(sp)
    8ee8:	2406003d 	li	a2,61
    8eec:	afa20014 	sw	v0,20(sp)
    8ef0:	8f878038 	lw	a3,-32712(gp)
    8ef4:	8f858038 	lw	a1,-32712(gp)
    8ef8:	8f998224 	lw	t9,-32220(gp)
    8efc:	24e75e40 	addiu	a3,a3,24128
    8f00:	0320f809 	jalr	t9
    8f04:	24a55e5c 	addiu	a1,a1,24156
    8f08:	8fbc0018 	lw	gp,24(sp)
    8f0c:	8f998160 	lw	t9,-32416(gp)
    8f10:	0320f809 	jalr	t9
    8f14:	26240038 	addiu	a0,s1,56
    8f18:	26250014 	addiu	a1,s1,20
    8f1c:	8fbc0018 	lw	gp,24(sp)
    8f20:	0000000f 	sync
    8f24:	a20000b0 	sb	zero,176(s0)
    8f28:	00001025 	move	v0,zero
    8f2c:	0000000f 	sync
    8f30:	0000000f 	sync
    8f34:	a20000d0 	sb	zero,208(s0)
    8f38:	0000000f 	sync
    8f3c:	8e230034 	lw	v1,52(s1)
    8f40:	0043202a 	slt	a0,v0,v1
    8f44:	1080000f 	beqz	a0,8f84 <main@@Base+0x6c44>
    8f48:	8f998178 	lw	t9,-32392(gp)
    8f4c:	8ca40000 	lw	a0,0(a1)
    8f50:	160400ee 	bne	s0,a0,930c <main@@Base+0x6fcc>
    8f54:	24a50004 	addiu	a1,a1,4
    8f58:	00032880 	sll	a1,v1,0x2
    8f5c:	24420004 	addiu	v0,v0,4
    8f60:	02252821 	addu	a1,s1,a1
    8f64:	00021080 	sll	v0,v0,0x2
    8f68:	2463ffff 	addiu	v1,v1,-1
    8f6c:	8ca40010 	lw	a0,16(a1)
    8f70:	02221021 	addu	v0,s1,v0
    8f74:	ac440004 	sw	a0,4(v0)
    8f78:	aca00010 	sw	zero,16(a1)
    8f7c:	ae230034 	sw	v1,52(s1)
    8f80:	8f998178 	lw	t9,-32392(gp)
    8f84:	0320f809 	jalr	t9
    8f88:	26240038 	addiu	a0,s1,56
    8f8c:	920216f4 	lbu	v0,5876(s0)
    8f90:	1040001a 	beqz	v0,8ffc <main@@Base+0x6cbc>
    8f94:	8fbc0018 	lw	gp,24(sp)
    8f98:	8f998160 	lw	t9,-32416(gp)
    8f9c:	0320f809 	jalr	t9
    8fa0:	26041694 	addiu	a0,s0,5780
    8fa4:	24020001 	li	v0,1
    8fa8:	8fbc0018 	lw	gp,24(sp)
    8fac:	260416b0 	addiu	a0,s0,5808
    8fb0:	8f998164 	lw	t9,-32412(gp)
    8fb4:	0320f809 	jalr	t9
    8fb8:	a20216e0 	sb	v0,5856(s0)
    8fbc:	8fbc0018 	lw	gp,24(sp)
    8fc0:	8f998178 	lw	t9,-32392(gp)
    8fc4:	0320f809 	jalr	t9
    8fc8:	26041694 	addiu	a0,s0,5780
    8fcc:	24050001 	li	a1,1
    8fd0:	8fbc0018 	lw	gp,24(sp)
    8fd4:	8f998108 	lw	t9,-32504(gp)
    8fd8:	0320f809 	jalr	t9
    8fdc:	8e040004 	lw	a0,4(s0)
    8fe0:	00002825 	move	a1,zero
    8fe4:	8fbc0018 	lw	gp,24(sp)
    8fe8:	8f9982f4 	lw	t9,-32012(gp)
    8fec:	0320f809 	jalr	t9
    8ff0:	8e0416f0 	lw	a0,5872(s0)
    8ff4:	8fbc0018 	lw	gp,24(sp)
    8ff8:	a20016f4 	sb	zero,5876(s0)
    8ffc:	8f998038 	lw	t9,-32712(gp)
    9000:	27398d6c 	addiu	t9,t9,-29332
    9004:	0411ff59 	bal	8d6c <main@@Base+0x6a2c>
    9008:	26041188 	addiu	a0,s0,4488
    900c:	8fbc0018 	lw	gp,24(sp)
    9010:	8f99824c 	lw	t9,-32180(gp)
    9014:	0320f809 	jalr	t9
    9018:	26041170 	addiu	a0,s0,4464
    901c:	8e0400a4 	lw	a0,164(s0)
    9020:	10800005 	beqz	a0,9038 <main@@Base+0x6cf8>
    9024:	8fbc0018 	lw	gp,24(sp)
    9028:	8f998050 	lw	t9,-32688(gp)
    902c:	04112608 	bal	12850 <main@@Base+0x10510>
    9030:	00000000 	nop
    9034:	8fbc0018 	lw	gp,24(sp)
    9038:	8e0400a0 	lw	a0,160(s0)
    903c:	108000b5 	beqz	a0,9314 <main@@Base+0x6fd4>
    9040:	8f998034 	lw	t9,-32716(gp)
    9044:	27395958 	addiu	t9,t9,22872
    9048:	0411f243 	bal	5958 <main@@Base+0x3618>
    904c:	00000000 	nop
    9050:	8fbc0018 	lw	gp,24(sp)
    9054:	ae0000a0 	sw	zero,160(s0)
    9058:	ae000098 	sw	zero,152(s0)
    905c:	8e0400a4 	lw	a0,164(s0)
    9060:	10800005 	beqz	a0,9078 <main@@Base+0x6d38>
    9064:	8f998058 	lw	t9,-32680(gp)
    9068:	0411201d 	bal	110e0 <main@@Base+0xeda0>
    906c:	00000000 	nop
    9070:	8fbc0018 	lw	gp,24(sp)
    9074:	ae0000a4 	sw	zero,164(s0)
    9078:	8e0400b8 	lw	a0,184(s0)
    907c:	10800006 	beqz	a0,9098 <main@@Base+0x6d58>
    9080:	8f998034 	lw	t9,-32716(gp)
    9084:	273958b8 	addiu	t9,t9,22712
    9088:	0411f20b 	bal	58b8 <main@@Base+0x3578>
    908c:	00000000 	nop
    9090:	8fbc0018 	lw	gp,24(sp)
    9094:	ae0000b8 	sw	zero,184(s0)
    9098:	8e0400c4 	lw	a0,196(s0)
    909c:	10800005 	beqz	a0,90b4 <main@@Base+0x6d74>
    90a0:	8f998058 	lw	t9,-32680(gp)
    90a4:	0411200e 	bal	110e0 <main@@Base+0xeda0>
    90a8:	00000000 	nop
    90ac:	8fbc0018 	lw	gp,24(sp)
    90b0:	ae0000c4 	sw	zero,196(s0)
    90b4:	8e040114 	lw	a0,276(s0)
    90b8:	10800005 	beqz	a0,90d0 <main@@Base+0x6d90>
    90bc:	8f99805c 	lw	t9,-32676(gp)
    90c0:	04111fee 	bal	1107c <main@@Base+0xed3c>
    90c4:	00000000 	nop
    90c8:	8fbc0018 	lw	gp,24(sp)
    90cc:	ae000114 	sw	zero,276(s0)
    90d0:	8e04011c 	lw	a0,284(s0)
    90d4:	10800005 	beqz	a0,90ec <main@@Base+0x6dac>
    90d8:	8f998038 	lw	t9,-32712(gp)
    90dc:	27398e1c 	addiu	t9,t9,-29156
    90e0:	0411ff4e 	bal	8e1c <main@@Base+0x6adc>
    90e4:	24840008 	addiu	a0,a0,8
    90e8:	8fbc0018 	lw	gp,24(sp)
    90ec:	8f998150 	lw	t9,-32432(gp)
    90f0:	0320f809 	jalr	t9
    90f4:	8e04011c 	lw	a0,284(s0)
    90f8:	92020128 	lbu	v0,296(s0)
    90fc:	8fbc0018 	lw	gp,24(sp)
    9100:	10400008 	beqz	v0,9124 <main@@Base+0x6de4>
    9104:	ae00011c 	sw	zero,284(s0)
    9108:	8e020124 	lw	v0,292(s0)
    910c:	8c420008 	lw	v0,8(v0)
    9110:	8c590000 	lw	t9,0(v0)
    9114:	0320f809 	jalr	t9
    9118:	8e040120 	lw	a0,288(s0)
    911c:	8fbc0018 	lw	gp,24(sp)
    9120:	a2000128 	sb	zero,296(s0)
    9124:	8e040118 	lw	a0,280(s0)
    9128:	10800005 	beqz	a0,9140 <main@@Base+0x6e00>
    912c:	8f998218 	lw	t9,-32232(gp)
    9130:	0320f809 	jalr	t9
    9134:	00000000 	nop
    9138:	8fbc0018 	lw	gp,24(sp)
    913c:	ae000118 	sw	zero,280(s0)
    9140:	8e04013c 	lw	a0,316(s0)
    9144:	04800004 	bltz	a0,9158 <main@@Base+0x6e18>
    9148:	8f9981d8 	lw	t9,-32296(gp)
    914c:	0320f809 	jalr	t9
    9150:	00000000 	nop
    9154:	8fbc0018 	lw	gp,24(sp)
    9158:	8e060140 	lw	a2,320(s0)
    915c:	04c0000e 	bltz	a2,9198 <main@@Base+0x6e58>
    9160:	00000000 	nop
    9164:	92020144 	lbu	v0,324(s0)
    9168:	10400008 	beqz	v0,918c <main@@Base+0x6e4c>
    916c:	8f9981d8 	lw	t9,-32296(gp)
    9170:	8f9981d4 	lw	t9,-32300(gp)
    9174:	00003825 	move	a3,zero
    9178:	8e240004 	lw	a0,4(s1)
    917c:	0320f809 	jalr	t9
    9180:	24050002 	li	a1,2
    9184:	8fbc0018 	lw	gp,24(sp)
    9188:	8f9981d8 	lw	t9,-32296(gp)
    918c:	0320f809 	jalr	t9
    9190:	8e040140 	lw	a0,320(s0)
    9194:	8fbc0018 	lw	gp,24(sp)
    9198:	8e040148 	lw	a0,328(s0)
    919c:	04800004 	bltz	a0,91b0 <main@@Base+0x6e70>
    91a0:	8f9981d8 	lw	t9,-32296(gp)
    91a4:	0320f809 	jalr	t9
    91a8:	00000000 	nop
    91ac:	8fbc0018 	lw	gp,24(sp)
    91b0:	8e06014c 	lw	a2,332(s0)
    91b4:	04c0000e 	bltz	a2,91f0 <main@@Base+0x6eb0>
    91b8:	00000000 	nop
    91bc:	92020150 	lbu	v0,336(s0)
    91c0:	10400008 	beqz	v0,91e4 <main@@Base+0x6ea4>
    91c4:	8f9981d8 	lw	t9,-32296(gp)
    91c8:	8f9981d4 	lw	t9,-32300(gp)
    91cc:	00003825 	move	a3,zero
    91d0:	8e240004 	lw	a0,4(s1)
    91d4:	0320f809 	jalr	t9
    91d8:	24050002 	li	a1,2
    91dc:	8fbc0018 	lw	gp,24(sp)
    91e0:	8f9981d8 	lw	t9,-32296(gp)
    91e4:	0320f809 	jalr	t9
    91e8:	8e04014c 	lw	a0,332(s0)
    91ec:	8fbc0018 	lw	gp,24(sp)
    91f0:	8e060154 	lw	a2,340(s0)
    91f4:	04c0000e 	bltz	a2,9230 <main@@Base+0x6ef0>
    91f8:	00000000 	nop
    91fc:	9202015c 	lbu	v0,348(s0)
    9200:	10400008 	beqz	v0,9224 <main@@Base+0x6ee4>
    9204:	8f9981d8 	lw	t9,-32296(gp)
    9208:	8f9981d4 	lw	t9,-32300(gp)
    920c:	00003825 	move	a3,zero
    9210:	8e240004 	lw	a0,4(s1)
    9214:	0320f809 	jalr	t9
    9218:	24050002 	li	a1,2
    921c:	8fbc0018 	lw	gp,24(sp)
    9220:	8f9981d8 	lw	t9,-32296(gp)
    9224:	0320f809 	jalr	t9
    9228:	8e040154 	lw	a0,340(s0)
    922c:	8fbc0018 	lw	gp,24(sp)
    9230:	8e060158 	lw	a2,344(s0)
    9234:	04c0000e 	bltz	a2,9270 <main@@Base+0x6f30>
    9238:	00000000 	nop
    923c:	9202015d 	lbu	v0,349(s0)
    9240:	10400008 	beqz	v0,9264 <main@@Base+0x6f24>
    9244:	8f9981d8 	lw	t9,-32296(gp)
    9248:	8f9981d4 	lw	t9,-32300(gp)
    924c:	00003825 	move	a3,zero
    9250:	8e240004 	lw	a0,4(s1)
    9254:	0320f809 	jalr	t9
    9258:	24050002 	li	a1,2
    925c:	8fbc0018 	lw	gp,24(sp)
    9260:	8f9981d8 	lw	t9,-32296(gp)
    9264:	0320f809 	jalr	t9
    9268:	8e040158 	lw	a0,344(s0)
    926c:	8fbc0018 	lw	gp,24(sp)
    9270:	8e120088 	lw	s2,136(s0)
    9274:	12400011 	beqz	s2,92bc <main@@Base+0x6f7c>
    9278:	8f998160 	lw	t9,-32416(gp)
    927c:	0320f809 	jalr	t9
    9280:	26440004 	addiu	a0,s2,4
    9284:	8fbc0018 	lw	gp,24(sp)
    9288:	8f998060 	lw	t9,-32672(gp)
    928c:	041122c1 	bal	11d94 <main@@Base+0xfa54>
    9290:	8e440000 	lw	a0,0(s2)
    9294:	8fbc0018 	lw	gp,24(sp)
    9298:	8f998178 	lw	t9,-32392(gp)
    929c:	0320f809 	jalr	t9
    92a0:	26440004 	addiu	a0,s2,4
    92a4:	8fbc0018 	lw	gp,24(sp)
    92a8:	8f998064 	lw	t9,-32668(gp)
    92ac:	04112943 	bal	137bc <main@@Base+0x1147c>
    92b0:	8e040088 	lw	a0,136(s0)
    92b4:	8fbc0018 	lw	gp,24(sp)
    92b8:	ae000088 	sw	zero,136(s0)
    92bc:	8f9981d4 	lw	t9,-32300(gp)
    92c0:	00003825 	move	a3,zero
    92c4:	8e060004 	lw	a2,4(s0)
    92c8:	24050002 	li	a1,2
    92cc:	0320f809 	jalr	t9
    92d0:	8e240004 	lw	a0,4(s1)
    92d4:	8fbc0018 	lw	gp,24(sp)
    92d8:	8f9981d8 	lw	t9,-32296(gp)
    92dc:	0320f809 	jalr	t9
    92e0:	8e040004 	lw	a0,4(s0)
    92e4:	02002025 	move	a0,s0
    92e8:	8fbc0018 	lw	gp,24(sp)
    92ec:	8fbf0064 	lw	ra,100(sp)
    92f0:	8fb30060 	lw	s3,96(sp)
    92f4:	8fb2005c 	lw	s2,92(sp)
    92f8:	8fb10058 	lw	s1,88(sp)
    92fc:	8fb00054 	lw	s0,84(sp)
    9300:	8f998150 	lw	t9,-32432(gp)
    9304:	03200008 	jr	t9
    9308:	27bd0068 	addiu	sp,sp,104
    930c:	1000ff0c 	b	8f40 <main@@Base+0x6c00>
    9310:	24420001 	addiu	v0,v0,1
    9314:	8e04009c 	lw	a0,156(s0)
    9318:	1080ff50 	beqz	a0,905c <main@@Base+0x6d1c>
    931c:	8f998034 	lw	t9,-32716(gp)
    9320:	2739590c 	addiu	t9,t9,22796
    9324:	0411f179 	bal	590c <main@@Base+0x35cc>
    9328:	00000000 	nop
    932c:	8fbc0018 	lw	gp,24(sp)
    9330:	1000ff49 	b	9058 <main@@Base+0x6d18>
    9334:	ae00009c 	sw	zero,156(s0)
    9338:	3c1c0001 	lui	gp,0x1
    933c:	279c7cc8 	addiu	gp,gp,31944
    9340:	0399e021 	addu	gp,gp,t9
    9344:	27bdf848 	addiu	sp,sp,-1976
    9348:	240201e0 	li	v0,480
    934c:	27a90030 	addiu	t1,sp,48
    9350:	afb007b0 	sw	s0,1968(sp)
    9354:	240a0008 	li	t2,8
    9358:	8fb007c8 	lw	s0,1992(sp)
    935c:	afa507bc 	sw	a1,1980(sp)
    9360:	00c02825 	move	a1,a2
    9364:	00003025 	move	a2,zero
    9368:	afbc0028 	sw	gp,40(sp)
    936c:	2a0301e1 	slti	v1,s0,481
    9370:	afbf07b4 	sw	ra,1972(sp)
    9374:	0043800a 	movz	s0,v0,v1
    9378:	00d0102a 	slt	v0,a2,s0
    937c:	14400018 	bnez	v0,93e0 <main@@Base+0x70a0>
    9380:	8f998034 	lw	t9,-32716(gp)
    9384:	273957f0 	addiu	t9,t9,22512
    9388:	0411f119 	bal	57f0 <main@@Base+0x34b0>
    938c:	00000000 	nop
    9390:	8fbc0028 	lw	gp,40(sp)
    9394:	8f9981b4 	lw	t9,-32332(gp)
    9398:	0320f809 	jalr	t9
    939c:	00000000 	nop
    93a0:	2404ffff 	li	a0,-1
    93a4:	8fbc0028 	lw	gp,40(sp)
    93a8:	00103080 	sll	a2,s0,0x2
    93ac:	afa40020 	sw	a0,32(sp)
    93b0:	27a50030 	addiu	a1,sp,48
    93b4:	afa30014 	sw	v1,20(sp)
    93b8:	afa0001c 	sw	zero,28(sp)
    93bc:	afa00018 	sw	zero,24(sp)
    93c0:	afa20010 	sw	v0,16(sp)
    93c4:	8f998384 	lw	t9,-31868(gp)
    93c8:	0320f809 	jalr	t9
    93cc:	8fa407bc 	lw	a0,1980(sp)
    93d0:	8fbf07b4 	lw	ra,1972(sp)
    93d4:	8fb007b0 	lw	s0,1968(sp)
    93d8:	03e00008 	jr	ra
    93dc:	27bd07b8 	addiu	sp,sp,1976
    93e0:	00e61021 	addu	v0,a3,a2
    93e4:	14aa0014 	bne	a1,t2,9438 <main@@Base+0x70f8>
    93e8:	90420000 	lbu	v0,0(v0)
    93ec:	38420055 	xori	v0,v0,0x55
    93f0:	00021900 	sll	v1,v0,0x4
    93f4:	7c4b1100 	ext	t3,v0,0x4,0x3
    93f8:	306300ff 	andi	v1,v1,0xff
    93fc:	24680008 	addiu	t0,v1,8
    9400:	256cffff 	addiu	t4,t3,-1
    9404:	24630108 	addiu	v1,v1,264
    9408:	7c021420 	seb	v0,v0
    940c:	01831804 	sllv	v1,v1,t4
    9410:	28420000 	slti	v0,v0,0
    9414:	006b400b 	movn	t0,v1,t3
    9418:	01001825 	move	v1,t0
    941c:	00084023 	negu	t0,t0
    9420:	0062400b 	movn	t0,v1,v0
    9424:	24c60001 	addiu	a2,a2,1
    9428:	a5280000 	sh	t0,0(t1)
    942c:	25290004 	addiu	t1,t1,4
    9430:	1000ffd1 	b	9378 <main@@Base+0x7038>
    9434:	a528fffe 	sh	t0,-2(t1)
    9438:	384200ff 	xori	v0,v0,0xff
    943c:	3043000f 	andi	v1,v0,0xf
    9440:	000318c0 	sll	v1,v1,0x3
    9444:	7c481100 	ext	t0,v0,0x4,0x3
    9448:	24630084 	addiu	v1,v1,132
    944c:	000211c2 	srl	v0,v0,0x7
    9450:	01031804 	sllv	v1,v1,t0
    9454:	2463ff7c 	addiu	v1,v1,-132
    9458:	7c034620 	seh	t0,v1
    945c:	00031823 	negu	v1,v1
    9460:	7c031e20 	seh	v1,v1
    9464:	1000ffef 	b	9424 <main@@Base+0x70e4>
    9468:	0062400b 	movn	t0,v1,v0
    946c:	3c1c0001 	lui	gp,0x1
    9470:	279c7b94 	addiu	gp,gp,31636
    9474:	0399e021 	addu	gp,gp,t9
    9478:	27bddfc0 	addiu	sp,sp,-8256
    947c:	00c01025 	move	v0,a2
    9480:	00073042 	srl	a2,a3,0x1
    9484:	afbc0028 	sw	gp,40(sp)
    9488:	2ce72002 	sltiu	a3,a3,8194
    948c:	afbf203c 	sw	ra,8252(sp)
    9490:	10e00026 	beqz	a3,952c <main@@Base+0x71ec>
    9494:	afa52044 	sw	a1,8260(sp)
    9498:	10c00022 	beqz	a2,9524 <main@@Base+0x71e4>
    949c:	8fbf203c 	lw	ra,8252(sp)
    94a0:	00063040 	sll	a2,a2,0x1
    94a4:	27a50030 	addiu	a1,sp,48
    94a8:	00463821 	addu	a3,v0,a2
    94ac:	90430000 	lbu	v1,0(v0)
    94b0:	24420002 	addiu	v0,v0,2
    94b4:	9048ffff 	lbu	t0,-1(v0)
    94b8:	24a50002 	addiu	a1,a1,2
    94bc:	00031a00 	sll	v1,v1,0x8
    94c0:	00681825 	or	v1,v1,t0
    94c4:	14e2fff9 	bne	a3,v0,94ac <main@@Base+0x716c>
    94c8:	a4a3fffe 	sh	v1,-2(a1)
    94cc:	8f998034 	lw	t9,-32716(gp)
    94d0:	24050072 	li	a1,114
    94d4:	273957f0 	addiu	t9,t9,22512
    94d8:	0411f0c5 	bal	57f0 <main@@Base+0x34b0>
    94dc:	afa62030 	sw	a2,8240(sp)
    94e0:	8fbc0028 	lw	gp,40(sp)
    94e4:	8f9981b4 	lw	t9,-32332(gp)
    94e8:	0320f809 	jalr	t9
    94ec:	00000000 	nop
    94f0:	2404ffff 	li	a0,-1
    94f4:	8fbc0028 	lw	gp,40(sp)
    94f8:	27a50030 	addiu	a1,sp,48
    94fc:	8fa62030 	lw	a2,8240(sp)
    9500:	afa40020 	sw	a0,32(sp)
    9504:	afa0001c 	sw	zero,28(sp)
    9508:	afa00018 	sw	zero,24(sp)
    950c:	afa20010 	sw	v0,16(sp)
    9510:	afa30014 	sw	v1,20(sp)
    9514:	8f998384 	lw	t9,-31868(gp)
    9518:	0320f809 	jalr	t9
    951c:	8fa42044 	lw	a0,8260(sp)
    9520:	8fbf203c 	lw	ra,8252(sp)
    9524:	03e00008 	jr	ra
    9528:	27bd2040 	addiu	sp,sp,8256
    952c:	1000ffdc 	b	94a0 <main@@Base+0x7160>
    9530:	24061000 	li	a2,4096
    9534:	3c1c0001 	lui	gp,0x1
    9538:	279c7acc 	addiu	gp,gp,31436
    953c:	0399e021 	addu	gp,gp,t9
    9540:	27bdf0c0 	addiu	sp,sp,-3904
    9544:	9082001c 	lbu	v0,28(a0)
    9548:	afbc0028 	sw	gp,40(sp)
    954c:	afbf0f3c 	sw	ra,3900(sp)
    9550:	afb10f38 	sw	s1,3896(sp)
    9554:	afb00f34 	sw	s0,3892(sp)
    9558:	afa50f44 	sw	a1,3908(sp)
    955c:	1440001b 	bnez	v0,95cc <main@@Base+0x728c>
    9560:	afa70f4c 	sw	a3,3916(sp)
    9564:	00808025 	move	s0,a0
    9568:	8c840018 	lw	a0,24(a0)
    956c:	1480001c 	bnez	a0,95e0 <main@@Base+0x72a0>
    9570:	00c08825 	move	s1,a2
    9574:	8f998270 	lw	t9,-32144(gp)
    9578:	24043e80 	li	a0,16000
    957c:	27a60030 	addiu	a2,sp,48
    9580:	afa00030 	sw	zero,48(sp)
    9584:	0320f809 	jalr	t9
    9588:	24050001 	li	a1,1
    958c:	8fbc0028 	lw	gp,40(sp)
    9590:	00402025 	move	a0,v0
    9594:	14400012 	bnez	v0,95e0 <main@@Base+0x72a0>
    9598:	ae020018 	sw	v0,24(s0)
    959c:	8f878038 	lw	a3,-32712(gp)
    95a0:	24060168 	li	a2,360
    95a4:	8f858038 	lw	a1,-32712(gp)
    95a8:	24040002 	li	a0,2
    95ac:	8fa20030 	lw	v0,48(sp)
    95b0:	8f998224 	lw	t9,-32220(gp)
    95b4:	24e75e6c 	addiu	a3,a3,24172
    95b8:	24a556a0 	addiu	a1,a1,22176
    95bc:	0320f809 	jalr	t9
    95c0:	afa20010 	sw	v0,16(sp)
    95c4:	24020001 	li	v0,1
    95c8:	a202001c 	sb	v0,28(s0)
    95cc:	8fbf0f3c 	lw	ra,3900(sp)
    95d0:	8fb10f38 	lw	s1,3896(sp)
    95d4:	8fb00f34 	lw	s0,3892(sp)
    95d8:	03e00008 	jr	ra
    95dc:	27bd0f40 	addiu	sp,sp,3904
    95e0:	8f998340 	lw	t9,-31936(gp)
    95e4:	24020780 	li	v0,1920
    95e8:	8fa60f4c 	lw	a2,3916(sp)
    95ec:	27a70030 	addiu	a3,sp,48
    95f0:	02202825 	move	a1,s1
    95f4:	afa00014 	sw	zero,20(sp)
    95f8:	0320f809 	jalr	t9
    95fc:	afa20010 	sw	v0,16(sp)
    9600:	8fbc0028 	lw	gp,40(sp)
    9604:	1c400012 	bgtz	v0,9650 <main@@Base+0x7310>
    9608:	00408825 	move	s1,v0
    960c:	8f998034 	lw	t9,-32716(gp)
    9610:	273959a4 	addiu	t9,t9,22948
    9614:	0411f0e3 	bal	59a4 <main@@Base+0x3664>
    9618:	02002025 	move	a0,s0
    961c:	1040ffeb 	beqz	v0,95cc <main@@Base+0x728c>
    9620:	8fbc0028 	lw	gp,40(sp)
    9624:	8f878038 	lw	a3,-32712(gp)
    9628:	24060172 	li	a2,370
    962c:	8f858038 	lw	a1,-32712(gp)
    9630:	24040002 	li	a0,2
    9634:	8f998224 	lw	t9,-32220(gp)
    9638:	24e75e98 	addiu	a3,a3,24216
    963c:	afb10010 	sw	s1,16(sp)
    9640:	0320f809 	jalr	t9
    9644:	24a556a0 	addiu	a1,a1,22176
    9648:	1000ffe1 	b	95d0 <main@@Base+0x7290>
    964c:	8fbf0f3c 	lw	ra,3900(sp)
    9650:	8f998034 	lw	t9,-32716(gp)
    9654:	24050070 	li	a1,112
    9658:	273957f0 	addiu	t9,t9,22512
    965c:	0411f064 	bal	57f0 <main@@Base+0x34b0>
    9660:	02002025 	move	a0,s0
    9664:	8fbc0028 	lw	gp,40(sp)
    9668:	8f9981b4 	lw	t9,-32332(gp)
    966c:	0320f809 	jalr	t9
    9670:	00000000 	nop
    9674:	2404ffff 	li	a0,-1
    9678:	8fbc0028 	lw	gp,40(sp)
    967c:	00113040 	sll	a2,s1,0x1
    9680:	afa40020 	sw	a0,32(sp)
    9684:	27a50030 	addiu	a1,sp,48
    9688:	afa0001c 	sw	zero,28(sp)
    968c:	afa00018 	sw	zero,24(sp)
    9690:	afa20010 	sw	v0,16(sp)
    9694:	afa30014 	sw	v1,20(sp)
    9698:	8f998384 	lw	t9,-31868(gp)
    969c:	0320f809 	jalr	t9
    96a0:	8fa40f44 	lw	a0,3908(sp)
    96a4:	1000ffe8 	b	9648 <main@@Base+0x7308>
    96a8:	00000000 	nop
    96ac:	3c1c0001 	lui	gp,0x1
    96b0:	279c7954 	addiu	gp,gp,31060
    96b4:	0399e021 	addu	gp,gp,t9
    96b8:	27bddf88 	addiu	sp,sp,-8312
    96bc:	90820024 	lbu	v0,36(a0)
    96c0:	afbc0028 	sw	gp,40(sp)
    96c4:	afbf2074 	sw	ra,8308(sp)
    96c8:	afb32070 	sw	s3,8304(sp)
    96cc:	afb2206c 	sw	s2,8300(sp)
    96d0:	afb12068 	sw	s1,8296(sp)
    96d4:	afb02064 	sw	s0,8292(sp)
    96d8:	14400017 	bnez	v0,9738 <main@@Base+0x73f8>
    96dc:	afa5207c 	sw	a1,8316(sp)
    96e0:	8c820020 	lw	v0,32(a0)
    96e4:	00808025 	move	s0,a0
    96e8:	00c09025 	move	s2,a2
    96ec:	1440003a 	bnez	v0,97d8 <main@@Base+0x7498>
    96f0:	00e08825 	move	s1,a3
    96f4:	8f9982b0 	lw	t9,-32080(gp)
    96f8:	0320f809 	jalr	t9
    96fc:	00000000 	nop
    9700:	8fbc0028 	lw	gp,40(sp)
    9704:	00409825 	move	s3,v0
    9708:	14400012 	bnez	v0,9754 <main@@Base+0x7414>
    970c:	ae020020 	sw	v0,32(s0)
    9710:	8f878038 	lw	a3,-32712(gp)
    9714:	24060189 	li	a2,393
    9718:	8f858038 	lw	a1,-32712(gp)
    971c:	24040002 	li	a0,2
    9720:	8f998224 	lw	t9,-32220(gp)
    9724:	24e75ec0 	addiu	a3,a3,24256
    9728:	0320f809 	jalr	t9
    972c:	24a556a0 	addiu	a1,a1,22176
    9730:	24020001 	li	v0,1
    9734:	a2020024 	sb	v0,36(s0)
    9738:	8fbf2074 	lw	ra,8308(sp)
    973c:	8fb32070 	lw	s3,8304(sp)
    9740:	8fb2206c 	lw	s2,8300(sp)
    9744:	8fb12068 	lw	s1,8296(sp)
    9748:	8fb02064 	lw	s0,8292(sp)
    974c:	03e00008 	jr	ra
    9750:	27bd2078 	addiu	sp,sp,8312
    9754:	8f99831c 	lw	t9,-31972(gp)
    9758:	24060024 	li	a2,36
    975c:	00002825 	move	a1,zero
    9760:	0320f809 	jalr	t9
    9764:	27a40030 	addiu	a0,sp,48
    9768:	24020001 	li	v0,1
    976c:	8fbc0028 	lw	gp,40(sp)
    9770:	24033e80 	li	v1,16000
    9774:	27a60030 	addiu	a2,sp,48
    9778:	afa20034 	sw	v0,52(sp)
    977c:	00002825 	move	a1,zero
    9780:	afa30038 	sw	v1,56(sp)
    9784:	afa20048 	sw	v0,72(sp)
    9788:	8f998318 	lw	t9,-31976(gp)
    978c:	0320f809 	jalr	t9
    9790:	02602025 	move	a0,s3
    9794:	10400010 	beqz	v0,97d8 <main@@Base+0x7498>
    9798:	8fbc0028 	lw	gp,40(sp)
    979c:	8f878038 	lw	a3,-32712(gp)
    97a0:	24060197 	li	a2,407
    97a4:	8f858038 	lw	a1,-32712(gp)
    97a8:	24040002 	li	a0,2
    97ac:	8f998224 	lw	t9,-32220(gp)
    97b0:	24e75ee8 	addiu	a3,a3,24296
    97b4:	afa20010 	sw	v0,16(sp)
    97b8:	0320f809 	jalr	t9
    97bc:	24a556a0 	addiu	a1,a1,22176
    97c0:	8fbc0028 	lw	gp,40(sp)
    97c4:	8f998360 	lw	t9,-31904(gp)
    97c8:	0320f809 	jalr	t9
    97cc:	8e040020 	lw	a0,32(s0)
    97d0:	1000ffd7 	b	9730 <main@@Base+0x73f0>
    97d4:	ae000020 	sw	zero,32(s0)
    97d8:	8f99836c 	lw	t9,-31892(gp)
    97dc:	27a70030 	addiu	a3,sp,48
    97e0:	8e040020 	lw	a0,32(s0)
    97e4:	27a62058 	addiu	a2,sp,8280
    97e8:	27a52054 	addiu	a1,sp,8276
    97ec:	afb12058 	sw	s1,8280(sp)
    97f0:	0320f809 	jalr	t9
    97f4:	afb22054 	sw	s2,8276(sp)
    97f8:	8fbc0028 	lw	gp,40(sp)
    97fc:	10400012 	beqz	v0,9848 <main@@Base+0x7508>
    9800:	00408825 	move	s1,v0
    9804:	8f998034 	lw	t9,-32716(gp)
    9808:	273959a4 	addiu	t9,t9,22948
    980c:	0411f065 	bal	59a4 <main@@Base+0x3664>
    9810:	02002025 	move	a0,s0
    9814:	1040ffc8 	beqz	v0,9738 <main@@Base+0x73f8>
    9818:	8fbc0028 	lw	gp,40(sp)
    981c:	8f878038 	lw	a3,-32712(gp)
    9820:	240601aa 	li	a2,426
    9824:	8f858038 	lw	a1,-32712(gp)
    9828:	24040002 	li	a0,2
    982c:	8f998224 	lw	t9,-32220(gp)
    9830:	24e75f14 	addiu	a3,a3,24340
    9834:	afb10010 	sw	s1,16(sp)
    9838:	0320f809 	jalr	t9
    983c:	24a556a0 	addiu	a1,a1,22176
    9840:	1000ffbe 	b	973c <main@@Base+0x73fc>
    9844:	8fbf2074 	lw	ra,8308(sp)
    9848:	8f998174 	lw	t9,-32396(gp)
    984c:	27a52030 	addiu	a1,sp,8240
    9850:	0320f809 	jalr	t9
    9854:	8e040020 	lw	a0,32(s0)
    9858:	24020002 	li	v0,2
    985c:	8fa32034 	lw	v1,8244(sp)
    9860:	8fbc0028 	lw	gp,40(sp)
    9864:	14620009 	bne	v1,v0,988c <main@@Base+0x754c>
    9868:	8fb22044 	lw	s2,8260(sp)
    986c:	001217c2 	srl	v0,s2,0x1f
    9870:	27a30030 	addiu	v1,sp,48
    9874:	00521021 	addu	v0,v0,s2
    9878:	00602825 	move	a1,v1
    987c:	00029043 	sra	s2,v0,0x1
    9880:	0232102a 	slt	v0,s1,s2
    9884:	14400019 	bnez	v0,98ec <main@@Base+0x75ac>
    9888:	00000000 	nop
    988c:	1a40ffaa 	blez	s2,9738 <main@@Base+0x73f8>
    9890:	8f998034 	lw	t9,-32716(gp)
    9894:	24050071 	li	a1,113
    9898:	273957f0 	addiu	t9,t9,22512
    989c:	0411efd4 	bal	57f0 <main@@Base+0x34b0>
    98a0:	02002025 	move	a0,s0
    98a4:	8fbc0028 	lw	gp,40(sp)
    98a8:	8f9981b4 	lw	t9,-32332(gp)
    98ac:	0320f809 	jalr	t9
    98b0:	00000000 	nop
    98b4:	2404ffff 	li	a0,-1
    98b8:	8fbc0028 	lw	gp,40(sp)
    98bc:	00123040 	sll	a2,s2,0x1
    98c0:	afa40020 	sw	a0,32(sp)
    98c4:	27a50030 	addiu	a1,sp,48
    98c8:	afa0001c 	sw	zero,28(sp)
    98cc:	afa00018 	sw	zero,24(sp)
    98d0:	afa20010 	sw	v0,16(sp)
    98d4:	afa30014 	sw	v1,20(sp)
    98d8:	8f998384 	lw	t9,-31868(gp)
    98dc:	0320f809 	jalr	t9
    98e0:	8fa4207c 	lw	a0,8316(sp)
    98e4:	1000ffd6 	b	9840 <main@@Base+0x7500>
    98e8:	00000000 	nop
    98ec:	84620002 	lh	v0,2(v1)
    98f0:	26310001 	addiu	s1,s1,1
    98f4:	84640000 	lh	a0,0(v1)
    98f8:	24a50002 	addiu	a1,a1,2
    98fc:	24630004 	addiu	v1,v1,4
    9900:	00822021 	addu	a0,a0,v0
    9904:	000417c2 	srl	v0,a0,0x1f
    9908:	00441021 	addu	v0,v0,a0
    990c:	00021043 	sra	v0,v0,0x1
    9910:	1000ffdb 	b	9880 <main@@Base+0x7540>
    9914:	a4a2fffe 	sh	v0,-2(a1)
    9918:	3c1c0001 	lui	gp,0x1
    991c:	279c76e8 	addiu	gp,gp,30440
    9920:	0399e021 	addu	gp,gp,t9
    9924:	27bdff20 	addiu	sp,sp,-224
    9928:	afb300c8 	sw	s3,200(sp)
    992c:	8c930000 	lw	s3,0(a0)
    9930:	afbc0028 	sw	gp,40(sp)
    9934:	afb200c4 	sw	s2,196(sp)
    9938:	00809025 	move	s2,a0
    993c:	afb100c0 	sw	s1,192(sp)
    9940:	00c08825 	move	s1,a2
    9944:	afb000bc 	sw	s0,188(sp)
    9948:	afbf00dc 	sw	ra,220(sp)
    994c:	afb700d8 	sw	s7,216(sp)
    9950:	afb600d4 	sw	s6,212(sp)
    9954:	afb500d0 	sw	s5,208(sp)
    9958:	afb400cc 	sw	s4,204(sp)
    995c:	8e620000 	lw	v0,0(s3)
    9960:	14400032 	bnez	v0,9a2c <main@@Base+0x76ec>
    9964:	00a08025 	move	s0,a1
    9968:	8f848038 	lw	a0,-32712(gp)
    996c:	3c060001 	lui	a2,0x1
    9970:	8f9981f8 	lw	t9,-32264(gp)
    9974:	24050010 	li	a1,16
    9978:	0320f809 	jalr	t9
    997c:	24845f38 	addiu	a0,a0,24376
    9980:	8fbc0028 	lw	gp,40(sp)
    9984:	ae620000 	sw	v0,0(s3)
    9988:	14400012 	bnez	v0,99d4 <main@@Base+0x7694>
    998c:	8f948038 	lw	s4,-32712(gp)
    9990:	8f878038 	lw	a3,-32712(gp)
    9994:	26855b6c 	addiu	a1,s4,23404
    9998:	8fbf00dc 	lw	ra,220(sp)
    999c:	24060043 	li	a2,67
    99a0:	8fb700d8 	lw	s7,216(sp)
    99a4:	24040002 	li	a0,2
    99a8:	8fb600d4 	lw	s6,212(sp)
    99ac:	24e75f40 	addiu	a3,a3,24384
    99b0:	8fb500d0 	lw	s5,208(sp)
    99b4:	8fb400cc 	lw	s4,204(sp)
    99b8:	8fb300c8 	lw	s3,200(sp)
    99bc:	8fb200c4 	lw	s2,196(sp)
    99c0:	8fb100c0 	lw	s1,192(sp)
    99c4:	8fb000bc 	lw	s0,188(sp)
    99c8:	8f998224 	lw	t9,-32220(gp)
    99cc:	03200008 	jr	t9
    99d0:	27bd00e0 	addiu	sp,sp,224
    99d4:	24030001 	li	v1,1
    99d8:	8f99815c 	lw	t9,-32420(gp)
    99dc:	00003825 	move	a3,zero
    99e0:	afa00020 	sw	zero,32(sp)
    99e4:	afa30018 	sw	v1,24(sp)
    99e8:	24033e80 	li	v1,16000
    99ec:	00003025 	move	a2,zero
    99f0:	afa0001c 	sw	zero,28(sp)
    99f4:	24050011 	li	a1,17
    99f8:	afa30014 	sw	v1,20(sp)
    99fc:	00402025 	move	a0,v0
    9a00:	0320f809 	jalr	t9
    9a04:	afa00010 	sw	zero,16(sp)
    9a08:	24060047 	li	a2,71
    9a0c:	8fbc0028 	lw	gp,40(sp)
    9a10:	26855b6c 	addiu	a1,s4,23404
    9a14:	24040003 	li	a0,3
    9a18:	8f878038 	lw	a3,-32712(gp)
    9a1c:	8f998224 	lw	t9,-32220(gp)
    9a20:	0320f809 	jalr	t9
    9a24:	24e75f6c 	addiu	a3,a3,24428
    9a28:	8fbc0028 	lw	gp,40(sp)
    9a2c:	8e740000 	lw	s4,0(s3)
    9a30:	128000ef 	beqz	s4,9df0 <main@@Base+0x7ab0>
    9a34:	8fa700f4 	lw	a3,244(sp)
    9a38:	10e000ee 	beqz	a3,9df4 <main@@Base+0x7ab4>
    9a3c:	8fbf00dc 	lw	ra,220(sp)
    9a40:	12000028 	beqz	s0,9ae4 <main@@Base+0x77a4>
    9a44:	26530008 	addiu	s3,s2,8
    9a48:	24020008 	li	v0,8
    9a4c:	12020027 	beq	s0,v0,9aec <main@@Base+0x77ac>
    9a50:	00000000 	nop
    9a54:	24020070 	li	v0,112
    9a58:	12020026 	beq	s0,v0,9af4 <main@@Base+0x77b4>
    9a5c:	00000000 	nop
    9a60:	24020071 	li	v0,113
    9a64:	12020025 	beq	s0,v0,9afc <main@@Base+0x77bc>
    9a68:	00000000 	nop
    9a6c:	24020072 	li	v0,114
    9a70:	1602000e 	bne	s0,v0,9aac <main@@Base+0x776c>
    9a74:	8f998034 	lw	t9,-32716(gp)
    9a78:	24020004 	li	v0,4
    9a7c:	2404000c 	li	a0,12
    9a80:	8f838028 	lw	v1,-32728(gp)
    9a84:	70442802 	mul	a1,v0,a0
    9a88:	24638f0c 	addiu	v1,v1,-28916
    9a8c:	00a31021 	addu	v0,a1,v1
    9a90:	8c420000 	lw	v0,0(v0)
    9a94:	10400005 	beqz	v0,9aac <main@@Base+0x776c>
    9a98:	8f998034 	lw	t9,-32716(gp)
    9a9c:	8e430008 	lw	v1,8(s2)
    9aa0:	00431024 	and	v0,v0,v1
    9aa4:	14400017 	bnez	v0,9b04 <main@@Base+0x77c4>
    9aa8:	24020071 	li	v0,113
    9aac:	02002825 	move	a1,s0
    9ab0:	8fbf00dc 	lw	ra,220(sp)
    9ab4:	02602025 	move	a0,s3
    9ab8:	8fb700d8 	lw	s7,216(sp)
    9abc:	8fb600d4 	lw	s6,212(sp)
    9ac0:	27395a2c 	addiu	t9,t9,23084
    9ac4:	8fb500d0 	lw	s5,208(sp)
    9ac8:	8fb400cc 	lw	s4,204(sp)
    9acc:	8fb300c8 	lw	s3,200(sp)
    9ad0:	8fb200c4 	lw	s2,196(sp)
    9ad4:	8fb100c0 	lw	s1,192(sp)
    9ad8:	8fb000bc 	lw	s0,188(sp)
    9adc:	1000efd3 	b	5a2c <main@@Base+0x36ec>
    9ae0:	27bd00e0 	addiu	sp,sp,224
    9ae4:	1000ffe5 	b	9a7c <main@@Base+0x773c>
    9ae8:	00001025 	move	v0,zero
    9aec:	1000ffe3 	b	9a7c <main@@Base+0x773c>
    9af0:	24020001 	li	v0,1
    9af4:	1000ffe1 	b	9a7c <main@@Base+0x773c>
    9af8:	24020002 	li	v0,2
    9afc:	1000ffdf 	b	9a7c <main@@Base+0x773c>
    9b00:	24020003 	li	v0,3
    9b04:	1202002b 	beq	s0,v0,9bb4 <main@@Base+0x7874>
    9b08:	8fa600f0 	lw	a2,240(sp)
    9b0c:	24020072 	li	v0,114
    9b10:	12020015 	beq	s0,v0,9b68 <main@@Base+0x7828>
    9b14:	24020070 	li	v0,112
    9b18:	12020022 	beq	s0,v0,9ba4 <main@@Base+0x7864>
    9b1c:	8f998038 	lw	t9,-32712(gp)
    9b20:	8f998038 	lw	t9,-32712(gp)
    9b24:	02802825 	move	a1,s4
    9b28:	8fbf00dc 	lw	ra,220(sp)
    9b2c:	02602025 	move	a0,s3
    9b30:	8fb700d8 	lw	s7,216(sp)
    9b34:	8fb600d4 	lw	s6,212(sp)
    9b38:	27399338 	addiu	t9,t9,-27848
    9b3c:	8fb500d0 	lw	s5,208(sp)
    9b40:	8fb400cc 	lw	s4,204(sp)
    9b44:	8fb300c8 	lw	s3,200(sp)
    9b48:	8fb200c4 	lw	s2,196(sp)
    9b4c:	8fb100c0 	lw	s1,192(sp)
    9b50:	afa700f0 	sw	a3,240(sp)
    9b54:	00c03825 	move	a3,a2
    9b58:	02003025 	move	a2,s0
    9b5c:	8fb000bc 	lw	s0,188(sp)
    9b60:	1000fdf5 	b	9338 <main@@Base+0x6ff8>
    9b64:	27bd00e0 	addiu	sp,sp,224
    9b68:	8f998038 	lw	t9,-32712(gp)
    9b6c:	02802825 	move	a1,s4
    9b70:	02602025 	move	a0,s3
    9b74:	2739946c 	addiu	t9,t9,-27540
    9b78:	8fbf00dc 	lw	ra,220(sp)
    9b7c:	8fb700d8 	lw	s7,216(sp)
    9b80:	8fb600d4 	lw	s6,212(sp)
    9b84:	8fb500d0 	lw	s5,208(sp)
    9b88:	8fb400cc 	lw	s4,204(sp)
    9b8c:	8fb300c8 	lw	s3,200(sp)
    9b90:	8fb200c4 	lw	s2,196(sp)
    9b94:	8fb100c0 	lw	s1,192(sp)
    9b98:	8fb000bc 	lw	s0,188(sp)
    9b9c:	03200008 	jr	t9
    9ba0:	27bd00e0 	addiu	sp,sp,224
    9ba4:	02802825 	move	a1,s4
    9ba8:	02602025 	move	a0,s3
    9bac:	1000fff2 	b	9b78 <main@@Base+0x7838>
    9bb0:	27399534 	addiu	t9,t9,-27340
    9bb4:	2ce20004 	sltiu	v0,a3,4
    9bb8:	14400060 	bnez	v0,9d3c <main@@Base+0x79fc>
    9bbc:	8f998034 	lw	t9,-32716(gp)
    9bc0:	90d00001 	lbu	s0,1(a2)
    9bc4:	90c20000 	lbu	v0,0(a2)
    9bc8:	00108200 	sll	s0,s0,0x8
    9bcc:	02028025 	or	s0,s0,v0
    9bd0:	7c1080a0 	wsbh	s0,s0
    9bd4:	3210ffff 	andi	s0,s0,0xffff
    9bd8:	12000058 	beqz	s0,9d3c <main@@Base+0x79fc>
    9bdc:	3202000f 	andi	v0,s0,0xf
    9be0:	14400056 	bnez	v0,9d3c <main@@Base+0x79fc>
    9be4:	2e020110 	sltiu	v0,s0,272
    9be8:	10400054 	beqz	v0,9d3c <main@@Base+0x79fc>
    9bec:	0010b902 	srl	s7,s0,0x4
    9bf0:	001080c2 	srl	s0,s0,0x3
    9bf4:	26100002 	addiu	s0,s0,2
    9bf8:	0207102b 	sltu	v0,s0,a3
    9bfc:	1040004f 	beqz	v0,9d3c <main@@Base+0x79fc>
    9c00:	00174840 	sll	t1,s7,0x1
    9c04:	27b60030 	addiu	s6,sp,48
    9c08:	00d02821 	addu	a1,a2,s0
    9c0c:	00c94821 	addu	t1,a2,t1
    9c10:	00f08023 	subu	s0,a3,s0
    9c14:	00001825 	move	v1,zero
    9c18:	02c02025 	move	a0,s6
    9c1c:	90c20002 	lbu	v0,2(a2)
    9c20:	90c80003 	lbu	t0,3(a2)
    9c24:	00021200 	sll	v0,v0,0x8
    9c28:	00481025 	or	v0,v0,t0
    9c2c:	31080007 	andi	t0,t0,0x7
    9c30:	15000041 	bnez	t0,9d38 <main@@Base+0x79f8>
    9c34:	7c4260c0 	ext	v0,v0,0x3,0xd
    9c38:	1040003f 	beqz	v0,9d38 <main@@Base+0x79f8>
    9c3c:	0043a821 	addu	s5,v0,v1
    9c40:	0215402b 	sltu	t0,s0,s5
    9c44:	11000025 	beqz	t0,9cdc <main@@Base+0x799c>
    9c48:	00000000 	nop
    9c4c:	24020001 	li	v0,1
    9c50:	16e2003a 	bne	s7,v0,9d3c <main@@Base+0x79fc>
    9c54:	8f998034 	lw	t9,-32716(gp)
    9c58:	14600038 	bnez	v1,9d3c <main@@Base+0x79fc>
    9c5c:	2ea20601 	sltiu	v0,s5,1537
    9c60:	14400052 	bnez	v0,9dac <main@@Base+0x7a6c>
    9c64:	02602025 	move	a0,s3
    9c68:	ae400034 	sw	zero,52(s2)
    9c6c:	273959a4 	addiu	t9,t9,22948
    9c70:	0411ef4c 	bal	59a4 <main@@Base+0x3664>
    9c74:	ae400038 	sw	zero,56(s2)
    9c78:	1040005d 	beqz	v0,9df0 <main@@Base+0x7ab0>
    9c7c:	8fbc0028 	lw	gp,40(sp)
    9c80:	8f878038 	lw	a3,-32712(gp)
    9c84:	24020600 	li	v0,1536
    9c88:	8f858038 	lw	a1,-32712(gp)
    9c8c:	240601cf 	li	a2,463
    9c90:	8fbf00dc 	lw	ra,220(sp)
    9c94:	24040002 	li	a0,2
    9c98:	8fb700d8 	lw	s7,216(sp)
    9c9c:	24e75fc0 	addiu	a3,a3,24512
    9ca0:	8fb600d4 	lw	s6,212(sp)
    9ca4:	24a556a0 	addiu	a1,a1,22176
    9ca8:	8fb400cc 	lw	s4,204(sp)
    9cac:	8fb300c8 	lw	s3,200(sp)
    9cb0:	8fb200c4 	lw	s2,196(sp)
    9cb4:	8fb100c0 	lw	s1,192(sp)
    9cb8:	8fb000bc 	lw	s0,188(sp)
    9cbc:	8f998224 	lw	t9,-32220(gp)
    9cc0:	afb500f0 	sw	s5,240(sp)
    9cc4:	afa200f4 	sw	v0,244(sp)
    9cc8:	8fb500d0 	lw	s5,208(sp)
    9ccc:	03200008 	jr	t9
    9cd0:	27bd00e0 	addiu	sp,sp,224
    9cd4:	1000ffd1 	b	9c1c <main@@Base+0x78dc>
    9cd8:	02a01825 	move	v1,s5
    9cdc:	00a31821 	addu	v1,a1,v1
    9ce0:	ac820004 	sw	v0,4(a0)
    9ce4:	24c60002 	addiu	a2,a2,2
    9ce8:	ac830000 	sw	v1,0(a0)
    9cec:	1526fff9 	bne	t1,a2,9cd4 <main@@Base+0x7994>
    9cf0:	24840008 	addiu	a0,a0,8
    9cf4:	16150010 	bne	s0,s5,9d38 <main@@Base+0x79f8>
    9cf8:	8f918038 	lw	s1,-32712(gp)
    9cfc:	00008025 	move	s0,zero
    9d00:	ae400034 	sw	zero,52(s2)
    9d04:	ae400038 	sw	zero,56(s2)
    9d08:	263196ac 	addiu	s1,s1,-26964
    9d0c:	8ec70004 	lw	a3,4(s6)
    9d10:	26100001 	addiu	s0,s0,1
    9d14:	8ec60000 	lw	a2,0(s6)
    9d18:	02802825 	move	a1,s4
    9d1c:	0220c825 	move	t9,s1
    9d20:	0411fe62 	bal	96ac <main@@Base+0x736c>
    9d24:	02602025 	move	a0,s3
    9d28:	1617fff8 	bne	s0,s7,9d0c <main@@Base+0x79cc>
    9d2c:	26d60008 	addiu	s6,s6,8
    9d30:	10000030 	b	9df4 <main@@Base+0x7ab4>
    9d34:	8fbf00dc 	lw	ra,220(sp)
    9d38:	8f998034 	lw	t9,-32716(gp)
    9d3c:	02602025 	move	a0,s3
    9d40:	afa700b0 	sw	a3,176(sp)
    9d44:	ae400034 	sw	zero,52(s2)
    9d48:	273959a4 	addiu	t9,t9,22948
    9d4c:	0411ef15 	bal	59a4 <main@@Base+0x3664>
    9d50:	ae400038 	sw	zero,56(s2)
    9d54:	8fbc0028 	lw	gp,40(sp)
    9d58:	10400025 	beqz	v0,9df0 <main@@Base+0x7ab0>
    9d5c:	8fa700b0 	lw	a3,176(sp)
    9d60:	8f858038 	lw	a1,-32712(gp)
    9d64:	240601c5 	li	a2,453
    9d68:	8fbf00dc 	lw	ra,220(sp)
    9d6c:	24040002 	li	a0,2
    9d70:	8fb700d8 	lw	s7,216(sp)
    9d74:	8fb600d4 	lw	s6,212(sp)
    9d78:	24a556a0 	addiu	a1,a1,22176
    9d7c:	8fb500d0 	lw	s5,208(sp)
    9d80:	8fb400cc 	lw	s4,204(sp)
    9d84:	8fb300c8 	lw	s3,200(sp)
    9d88:	8fb200c4 	lw	s2,196(sp)
    9d8c:	8fb100c0 	lw	s1,192(sp)
    9d90:	8fb000bc 	lw	s0,188(sp)
    9d94:	8f998224 	lw	t9,-32220(gp)
    9d98:	afa700f0 	sw	a3,240(sp)
    9d9c:	27bd00e0 	addiu	sp,sp,224
    9da0:	8f878038 	lw	a3,-32712(gp)
    9da4:	03200008 	jr	t9
    9da8:	24e75f8c 	addiu	a3,a3,24460
    9dac:	8e430034 	lw	v1,52(s2)
    9db0:	14750004 	bne	v1,s5,9dc4 <main@@Base+0x7a84>
    9db4:	00000000 	nop
    9db8:	8e420030 	lw	v0,48(s2)
    9dbc:	12220005 	beq	s1,v0,9dd4 <main@@Base+0x7a94>
    9dc0:	00000000 	nop
    9dc4:	ae400038 	sw	zero,56(s2)
    9dc8:	02a01825 	move	v1,s5
    9dcc:	ae550034 	sw	s5,52(s2)
    9dd0:	ae510030 	sw	s1,48(s2)
    9dd4:	8e440038 	lw	a0,56(s2)
    9dd8:	00901021 	addu	v0,a0,s0
    9ddc:	0062102b 	sltu	v0,v1,v0
    9de0:	1040000e 	beqz	v0,9e1c <main@@Base+0x7adc>
    9de4:	2651003c 	addiu	s1,s2,60
    9de8:	ae400034 	sw	zero,52(s2)
    9dec:	ae400038 	sw	zero,56(s2)
    9df0:	8fbf00dc 	lw	ra,220(sp)
    9df4:	8fb700d8 	lw	s7,216(sp)
    9df8:	8fb600d4 	lw	s6,212(sp)
    9dfc:	8fb500d0 	lw	s5,208(sp)
    9e00:	8fb400cc 	lw	s4,204(sp)
    9e04:	8fb300c8 	lw	s3,200(sp)
    9e08:	8fb200c4 	lw	s2,196(sp)
    9e0c:	8fb100c0 	lw	s1,192(sp)
    9e10:	8fb000bc 	lw	s0,188(sp)
    9e14:	03e00008 	jr	ra
    9e18:	27bd00e0 	addiu	sp,sp,224
    9e1c:	8f998120 	lw	t9,-32480(gp)
    9e20:	02003025 	move	a2,s0
    9e24:	0320f809 	jalr	t9
    9e28:	02242021 	addu	a0,s1,a0
    9e2c:	8e420038 	lw	v0,56(s2)
    9e30:	8fbc0028 	lw	gp,40(sp)
    9e34:	02023821 	addu	a3,s0,v0
    9e38:	8e420034 	lw	v0,52(s2)
    9e3c:	14e2ffec 	bne	a3,v0,9df0 <main@@Base+0x7ab0>
    9e40:	ae470038 	sw	a3,56(s2)
    9e44:	8f998038 	lw	t9,-32712(gp)
    9e48:	02203025 	move	a2,s1
    9e4c:	02802825 	move	a1,s4
    9e50:	273996ac 	addiu	t9,t9,-26964
    9e54:	0411fe15 	bal	96ac <main@@Base+0x736c>
    9e58:	02602025 	move	a0,s3
    9e5c:	1000ffe3 	b	9dec <main@@Base+0x7aac>
    9e60:	ae400034 	sw	zero,52(s2)
    9e64:	3c1c0001 	lui	gp,0x1
    9e68:	279c719c 	addiu	gp,gp,29084
    9e6c:	0399e021 	addu	gp,gp,t9
    9e70:	27bdffb0 	addiu	sp,sp,-80
    9e74:	8f828028 	lw	v0,-32728(gp)
    9e78:	afb30034 	sw	s3,52(sp)
    9e7c:	24130009 	li	s3,9
    9e80:	afb1002c 	sw	s1,44(sp)
    9e84:	00008825 	move	s1,zero
    9e88:	afb20030 	sw	s2,48(sp)
    9e8c:	00809025 	move	s2,a0
    9e90:	afb00028 	sw	s0,40(sp)
    9e94:	00a08025 	move	s0,a1
    9e98:	afbc0010 	sw	gp,16(sp)
    9e9c:	afbf004c 	sw	ra,76(sp)
    9ea0:	afbe0048 	sw	s8,72(sp)
    9ea4:	afb70044 	sw	s7,68(sp)
    9ea8:	afb60040 	sw	s6,64(sp)
    9eac:	afb5003c 	sw	s5,60(sp)
    9eb0:	afb40038 	sw	s4,56(sp)
    9eb4:	afa60058 	sw	a2,88(sp)
    9eb8:	afa2001c 	sw	v0,28(sp)
    9ebc:	82420000 	lb	v0,0(s2)
    9ec0:	10400057 	beqz	v0,a020 <main@@Base+0x7ce0>
    9ec4:	2404002c 	li	a0,44
    9ec8:	10000002 	b	9ed4 <main@@Base+0x7b94>
    9ecc:	00000000 	nop
    9ed0:	26520001 	addiu	s2,s2,1
    9ed4:	82420000 	lb	v0,0(s2)
    9ed8:	1044fffd 	beq	v0,a0,9ed0 <main@@Base+0x7b90>
    9edc:	24030020 	li	v1,32
    9ee0:	1043fffb 	beq	v0,v1,9ed0 <main@@Base+0x7b90>
    9ee4:	00000000 	nop
    9ee8:	1053fff9 	beq	v0,s3,9ed0 <main@@Base+0x7b90>
    9eec:	00000000 	nop
    9ef0:	1040004b 	beqz	v0,a020 <main@@Base+0x7ce0>
    9ef4:	2405002c 	li	a1,44
    9ef8:	0240a825 	move	s5,s2
    9efc:	82a20000 	lb	v0,0(s5)
    9f00:	00402025 	move	a0,v0
    9f04:	7c042944 	ins	a0,zero,0x5,0x1
    9f08:	7c042420 	seb	a0,a0
    9f0c:	14800023 	bnez	a0,9f9c <main@@Base+0x7c5c>
    9f10:	00000000 	nop
    9f14:	8fa2001c 	lw	v0,28(sp)
    9f18:	02b2a023 	subu	s4,s5,s2
    9f1c:	0000b025 	move	s6,zero
    9f20:	24578f0c 	addiu	s7,v0,-28916
    9f24:	afb70018 	sw	s7,24(sp)
    9f28:	8efe0008 	lw	s8,8(s7)
    9f2c:	8f99810c 	lw	t9,-32500(gp)
    9f30:	0320f809 	jalr	t9
    9f34:	03c02025 	move	a0,s8
    9f38:	00002025 	move	a0,zero
    9f3c:	1282001e 	beq	s4,v0,9fb8 <main@@Base+0x7c78>
    9f40:	8fbc0010 	lw	gp,16(sp)
    9f44:	26d60001 	addiu	s6,s6,1
    9f48:	24020005 	li	v0,5
    9f4c:	16c2fff6 	bne	s6,v0,9f28 <main@@Base+0x7be8>
    9f50:	26f7000c 	addiu	s7,s7,12
    9f54:	12000030 	beqz	s0,a018 <main@@Base+0x7cd8>
    9f58:	8fa20058 	lw	v0,88(sp)
    9f5c:	1040002e 	beqz	v0,a018 <main@@Base+0x7cd8>
    9f60:	00000000 	nop
    9f64:	82020000 	lb	v0,0(s0)
    9f68:	1440002b 	bnez	v0,a018 <main@@Base+0x7cd8>
    9f6c:	24020017 	li	v0,23
    9f70:	8f998120 	lw	t9,-32480(gp)
    9f74:	2e840018 	sltiu	a0,s4,24
    9f78:	0044a00a 	movz	s4,v0,a0
    9f7c:	02402825 	move	a1,s2
    9f80:	02002025 	move	a0,s0
    9f84:	0320f809 	jalr	t9
    9f88:	02803025 	move	a2,s4
    9f8c:	02143021 	addu	a2,s0,s4
    9f90:	8fbc0010 	lw	gp,16(sp)
    9f94:	10000020 	b	a018 <main@@Base+0x7cd8>
    9f98:	a0c00000 	sb	zero,0(a2)
    9f9c:	1045ffdd 	beq	v0,a1,9f14 <main@@Base+0x7bd4>
    9fa0:	00000000 	nop
    9fa4:	1053ffdb 	beq	v0,s3,9f14 <main@@Base+0x7bd4>
    9fa8:	00000000 	nop
    9fac:	1000ffd3 	b	9efc <main@@Base+0x7bbc>
    9fb0:	26b50001 	addiu	s5,s5,1
    9fb4:	24840001 	addiu	a0,a0,1
    9fb8:	12840010 	beq	s4,a0,9ffc <main@@Base+0x7cbc>
    9fbc:	8f998300 	lw	t9,-32000(gp)
    9fc0:	0320f809 	jalr	t9
    9fc4:	afa40020 	sw	a0,32(sp)
    9fc8:	8fa40020 	lw	a0,32(sp)
    9fcc:	8c420000 	lw	v0,0(v0)
    9fd0:	02444821 	addu	t1,s2,a0
    9fd4:	91290000 	lbu	t1,0(t1)
    9fd8:	00094840 	sll	t1,t1,0x1
    9fdc:	00491021 	addu	v0,v0,t1
    9fe0:	03c44821 	addu	t1,s8,a0
    9fe4:	80420000 	lb	v0,0(v0)
    9fe8:	81290000 	lb	t1,0(t1)
    9fec:	1122fff1 	beq	t1,v0,9fb4 <main@@Base+0x7c74>
    9ff0:	8fbc0010 	lw	gp,16(sp)
    9ff4:	1000ffd4 	b	9f48 <main@@Base+0x7c08>
    9ff8:	26d60001 	addiu	s6,s6,1
    9ffc:	8fa30018 	lw	v1,24(sp)
    a000:	2402000c 	li	v0,12
    a004:	00600013 	mtlo	v1
    a008:	72c20000 	madd	s6,v0
    a00c:	00001012 	mflo	v0
    a010:	8c420000 	lw	v0,0(v0)
    a014:	02228825 	or	s1,s1,v0
    a018:	1000ffa8 	b	9ebc <main@@Base+0x7b7c>
    a01c:	02a09025 	move	s2,s5
    a020:	8fbf004c 	lw	ra,76(sp)
    a024:	02201025 	move	v0,s1
    a028:	8fbe0048 	lw	s8,72(sp)
    a02c:	8fb70044 	lw	s7,68(sp)
    a030:	8fb60040 	lw	s6,64(sp)
    a034:	8fb5003c 	lw	s5,60(sp)
    a038:	8fb40038 	lw	s4,56(sp)
    a03c:	8fb30034 	lw	s3,52(sp)
    a040:	8fb20030 	lw	s2,48(sp)
    a044:	8fb1002c 	lw	s1,44(sp)
    a048:	8fb00028 	lw	s0,40(sp)
    a04c:	03e00008 	jr	ra
    a050:	27bd0050 	addiu	sp,sp,80
    a054:	3c1c0001 	lui	gp,0x1
    a058:	279c6fac 	addiu	gp,gp,28588
    a05c:	0399e021 	addu	gp,gp,t9
    a060:	8f878038 	lw	a3,-32712(gp)
    a064:	27bdffe0 	addiu	sp,sp,-32
    a068:	8f868038 	lw	a2,-32712(gp)
    a06c:	8f858038 	lw	a1,-32712(gp)
    a070:	8f998320 	lw	t9,-31968(gp)
    a074:	24e76328 	addiu	a3,a3,25384
    a078:	24c65ff4 	addiu	a2,a2,24564
    a07c:	afbc0010 	sw	gp,16(sp)
    a080:	afbf001c 	sw	ra,28(sp)
    a084:	0320f809 	jalr	t9
    a088:	24a56008 	addiu	a1,a1,24584
    a08c:	2403001f 	li	v1,31
    a090:	10400009 	beqz	v0,a0b8 <main@@Base+0x7d78>
    a094:	8fbc0010 	lw	gp,16(sp)
    a098:	8f998038 	lw	t9,-32712(gp)
    a09c:	00003025 	move	a2,zero
    a0a0:	00002825 	move	a1,zero
    a0a4:	27399e64 	addiu	t9,t9,-24988
    a0a8:	0411ff6e 	bal	9e64 <main@@Base+0x7b24>
    a0ac:	00402025 	move	a0,v0
    a0b0:	2403001f 	li	v1,31
    a0b4:	0042180b 	movn	v1,v0,v0
    a0b8:	00601025 	move	v0,v1
    a0bc:	8fbf001c 	lw	ra,28(sp)
    a0c0:	03e00008 	jr	ra
    a0c4:	27bd0020 	addiu	sp,sp,32
    a0c8:	3c1c0001 	lui	gp,0x1
    a0cc:	279c6f38 	addiu	gp,gp,28472
    a0d0:	0399e021 	addu	gp,gp,t9
    a0d4:	27bdfe70 	addiu	sp,sp,-400
    a0d8:	8f998208 	lw	t9,-32248(gp)
    a0dc:	f7b80188 	sdc1	$f24,392(sp)
    a0e0:	afb20158 	sw	s2,344(sp)
    a0e4:	00a09025 	move	s2,a1
    a0e8:	afb3015c 	sw	s3,348(sp)
    a0ec:	00c09825 	move	s3,a2
    a0f0:	afb00150 	sw	s0,336(sp)
    a0f4:	27a600e0 	addiu	a2,sp,224
    a0f8:	afbc0018 	sw	gp,24(sp)
    a0fc:	00e08025 	move	s0,a3
    a100:	afb10154 	sw	s1,340(sp)
    a104:	24070040 	li	a3,64
    a108:	afbf0174 	sw	ra,372(sp)
    a10c:	00808825 	move	s1,a0
    a110:	afbe0170 	sw	s8,368(sp)
    a114:	afb7016c 	sw	s7,364(sp)
    a118:	afb60168 	sw	s6,360(sp)
    a11c:	afb50164 	sw	s5,356(sp)
    a120:	afb40160 	sw	s4,352(sp)
    a124:	8f858038 	lw	a1,-32712(gp)
    a128:	f7b60180 	sdc1	$f22,384(sp)
    a12c:	f7b40178 	sdc1	$f20,376(sp)
    a130:	0320f809 	jalr	t9
    a134:	24a56020 	addiu	a1,a1,24608
    a138:	10400018 	beqz	v0,a19c <main@@Base+0x7e5c>
    a13c:	8fbc0018 	lw	gp,24(sp)
    a140:	8f868038 	lw	a2,-32712(gp)
    a144:	24c66018 	addiu	a2,a2,24600
    a148:	8f998034 	lw	t9,-32716(gp)
    a14c:	02602825 	move	a1,s3
    a150:	02402025 	move	a0,s2
    a154:	27395c2c 	addiu	t9,t9,23596
    a158:	0320f809 	jalr	t9
    a15c:	00000000 	nop
    a160:	8fbf0174 	lw	ra,372(sp)
    a164:	d7b80188 	ldc1	$f24,392(sp)
    a168:	8fbe0170 	lw	s8,368(sp)
    a16c:	d7b60180 	ldc1	$f22,384(sp)
    a170:	8fb7016c 	lw	s7,364(sp)
    a174:	d7b40178 	ldc1	$f20,376(sp)
    a178:	8fb60168 	lw	s6,360(sp)
    a17c:	8fb50164 	lw	s5,356(sp)
    a180:	8fb40160 	lw	s4,352(sp)
    a184:	8fb3015c 	lw	s3,348(sp)
    a188:	8fb20158 	lw	s2,344(sp)
    a18c:	8fb10154 	lw	s1,340(sp)
    a190:	8fb00150 	lw	s0,336(sp)
    a194:	03e00008 	jr	ra
    a198:	27bd0190 	addiu	sp,sp,400
    a19c:	8f858038 	lw	a1,-32712(gp)
    a1a0:	27a400e0 	addiu	a0,sp,224
    a1a4:	8f998334 	lw	t9,-31948(gp)
    a1a8:	0320f809 	jalr	t9
    a1ac:	24a56024 	addiu	a1,a1,24612
    a1b0:	8fbc0018 	lw	gp,24(sp)
    a1b4:	14400047 	bnez	v0,a2d4 <main@@Base+0x7f94>
    a1b8:	8f948038 	lw	s4,-32712(gp)
    a1bc:	8f998274 	lw	t9,-32140(gp)
    a1c0:	0320f809 	jalr	t9
    a1c4:	00000000 	nop
    a1c8:	8fbc0018 	lw	gp,24(sp)
    a1cc:	00402025 	move	a0,v0
    a1d0:	0040a825 	move	s5,v0
    a1d4:	8f868038 	lw	a2,-32712(gp)
    a1d8:	8f858038 	lw	a1,-32712(gp)
    a1dc:	8f99819c 	lw	t9,-32356(gp)
    a1e0:	24c66030 	addiu	a2,a2,24624
    a1e4:	0320f809 	jalr	t9
    a1e8:	24a55788 	addiu	a1,a1,22408
    a1ec:	02a02025 	move	a0,s5
    a1f0:	8fbc0018 	lw	gp,24(sp)
    a1f4:	8f858038 	lw	a1,-32712(gp)
    a1f8:	8f99828c 	lw	t9,-32116(gp)
    a1fc:	0320f809 	jalr	t9
    a200:	24a56034 	addiu	a1,a1,24628
    a204:	c6001070 	lwc1	$f0,4208(s0)
    a208:	00402025 	move	a0,v0
    a20c:	8fbc0018 	lw	gp,24(sp)
    a210:	00408825 	move	s1,v0
    a214:	8f858038 	lw	a1,-32712(gp)
    a218:	8f99826c 	lw	t9,-32148(gp)
    a21c:	46800021 	cvt.d.w	$f0,$f0
    a220:	24a5603c 	addiu	a1,a1,24636
    a224:	44060000 	mfc1	a2,$f0
    a228:	0320f809 	jalr	t9
    a22c:	44070800 	mfc1	a3,$f1
    a230:	26856048 	addiu	a1,s4,24648
    a234:	c6000034 	lwc1	$f0,52(s0)
    a238:	02202025 	move	a0,s1
    a23c:	8fbc0018 	lw	gp,24(sp)
    a240:	8f99826c 	lw	t9,-32148(gp)
    a244:	46800021 	cvt.d.w	$f0,$f0
    a248:	44060000 	mfc1	a2,$f0
    a24c:	0320f809 	jalr	t9
    a250:	44070800 	mfc1	a3,$f1
    a254:	02202025 	move	a0,s1
    a258:	c6001074 	lwc1	$f0,4212(s0)
    a25c:	8fbc0018 	lw	gp,24(sp)
    a260:	8f858038 	lw	a1,-32712(gp)
    a264:	8f99826c 	lw	t9,-32148(gp)
    a268:	46800021 	cvt.d.w	$f0,$f0
    a26c:	24a56044 	addiu	a1,a1,24644
    a270:	44060000 	mfc1	a2,$f0
    a274:	0320f809 	jalr	t9
    a278:	44070800 	mfc1	a3,$f1
    a27c:	02202025 	move	a0,s1
    a280:	8fbc0018 	lw	gp,24(sp)
    a284:	8e061348 	lw	a2,4936(s0)
    a288:	8f858038 	lw	a1,-32712(gp)
    a28c:	0006302b 	sltu	a2,zero,a2
    a290:	8f9981a0 	lw	t9,-32352(gp)
    a294:	0320f809 	jalr	t9
    a298:	24a56050 	addiu	a1,a1,24656
    a29c:	02202025 	move	a0,s1
    a2a0:	8fbc0018 	lw	gp,24(sp)
    a2a4:	8e060010 	lw	a2,16(s0)
    a2a8:	8f858038 	lw	a1,-32712(gp)
    a2ac:	8f99819c 	lw	t9,-32356(gp)
    a2b0:	0320f809 	jalr	t9
    a2b4:	24a56054 	addiu	a1,a1,24660
    a2b8:	02a03025 	move	a2,s5
    a2bc:	8fbc0018 	lw	gp,24(sp)
    a2c0:	8f998034 	lw	t9,-32716(gp)
    a2c4:	02602825 	move	a1,s3
    a2c8:	02402025 	move	a0,s2
    a2cc:	1000ffa2 	b	a158 <main@@Base+0x7e18>
    a2d0:	27395d38 	addiu	t9,t9,23864
    a2d4:	8f998334 	lw	t9,-31948(gp)
    a2d8:	26856048 	addiu	a1,s4,24648
    a2dc:	0320f809 	jalr	t9
    a2e0:	27a400e0 	addiu	a0,sp,224
    a2e4:	8fbc0018 	lw	gp,24(sp)
    a2e8:	144000fc 	bnez	v0,a6dc <main@@Base+0x839c>
    a2ec:	0040a825 	move	s5,v0
    a2f0:	8f998274 	lw	t9,-32140(gp)
    a2f4:	0320f809 	jalr	t9
    a2f8:	26170014 	addiu	s7,s0,20
    a2fc:	8fbc0018 	lw	gp,24(sp)
    a300:	00402025 	move	a0,v0
    a304:	afa20138 	sw	v0,312(sp)
    a308:	8f868038 	lw	a2,-32712(gp)
    a30c:	8f858038 	lw	a1,-32712(gp)
    a310:	8f99819c 	lw	t9,-32356(gp)
    a314:	24c66030 	addiu	a2,a2,24624
    a318:	0320f809 	jalr	t9
    a31c:	24a55788 	addiu	a1,a1,22408
    a320:	26856048 	addiu	a1,s4,24648
    a324:	8fbc0018 	lw	gp,24(sp)
    a328:	8f998154 	lw	t9,-32428(gp)
    a32c:	0320f809 	jalr	t9
    a330:	8fa40138 	lw	a0,312(sp)
    a334:	8fbc0018 	lw	gp,24(sp)
    a338:	afa2014c 	sw	v0,332(sp)
    a33c:	26020038 	addiu	v0,s0,56
    a340:	00402025 	move	a0,v0
    a344:	8f998160 	lw	t9,-32416(gp)
    a348:	0320f809 	jalr	t9
    a34c:	afa20140 	sw	v0,320(sp)
    a350:	c6000034 	lwc1	$f0,52(s0)
    a354:	8fbc0018 	lw	gp,24(sp)
    a358:	8fa40138 	lw	a0,312(sp)
    a35c:	8f858038 	lw	a1,-32712(gp)
    a360:	8f99826c 	lw	t9,-32148(gp)
    a364:	46800021 	cvt.d.w	$f0,$f0
    a368:	24a56060 	addiu	a1,a1,24672
    a36c:	44060000 	mfc1	a2,$f0
    a370:	0320f809 	jalr	t9
    a374:	44070800 	mfc1	a3,$f1
    a378:	8fbc0018 	lw	gp,24(sp)
    a37c:	8f828034 	lw	v0,-32716(gp)
    a380:	8f9e8038 	lw	s8,-32712(gp)
    a384:	afa20144 	sw	v0,324(sp)
    a388:	8f828038 	lw	v0,-32712(gp)
    a38c:	d7d476c0 	ldc1	$f20,30400(s8)
    a390:	afa20148 	sw	v0,328(sp)
    a394:	8f828038 	lw	v0,-32712(gp)
    a398:	d45676c8 	ldc1	$f22,30408(v0)
    a39c:	8f828038 	lw	v0,-32712(gp)
    a3a0:	d45876d0 	ldc1	$f24,30416(v0)
    a3a4:	8e020034 	lw	v0,52(s0)
    a3a8:	02a2102a 	slt	v0,s5,v0
    a3ac:	14400007 	bnez	v0,a3cc <main@@Base+0x808c>
    a3b0:	27a50020 	addiu	a1,sp,32
    a3b4:	8f998178 	lw	t9,-32392(gp)
    a3b8:	0320f809 	jalr	t9
    a3bc:	8fa40140 	lw	a0,320(sp)
    a3c0:	8fbc0018 	lw	gp,24(sp)
    a3c4:	1000ffbe 	b	a2c0 <main@@Base+0x7f80>
    a3c8:	8fa60138 	lw	a2,312(sp)
    a3cc:	8ef40000 	lw	s4,0(s7)
    a3d0:	8fa20144 	lw	v0,324(sp)
    a3d4:	24595dfc 	addiu	t9,v0,24060
    a3d8:	0411ee88 	bal	5dfc <main@@Base+0x3abc>
    a3dc:	26840008 	addiu	a0,s4,8
    a3e0:	8fbc0018 	lw	gp,24(sp)
    a3e4:	8f998274 	lw	t9,-32140(gp)
    a3e8:	0320f809 	jalr	t9
    a3ec:	00000000 	nop
    a3f0:	27a60020 	addiu	a2,sp,32
    a3f4:	8fbc0018 	lw	gp,24(sp)
    a3f8:	00408825 	move	s1,v0
    a3fc:	8fa20148 	lw	v0,328(sp)
    a400:	02202025 	move	a0,s1
    a404:	8f99819c 	lw	t9,-32356(gp)
    a408:	0320f809 	jalr	t9
    a40c:	24456068 	addiu	a1,v0,24680
    a410:	8fbc0018 	lw	gp,24(sp)
    a414:	8f998034 	lw	t9,-32716(gp)
    a418:	273952f0 	addiu	t9,t9,21232
    a41c:	0411ebb4 	bal	52f0 <main@@Base+0x2fb0>
    a420:	26840008 	addiu	a0,s4,8
    a424:	02202025 	move	a0,s1
    a428:	44820000 	mtc1	v0,$f0
    a42c:	8fbc0018 	lw	gp,24(sp)
    a430:	8f858038 	lw	a1,-32712(gp)
    a434:	8f99826c 	lw	t9,-32148(gp)
    a438:	24a5603c 	addiu	a1,a1,24636
    a43c:	46800021 	cvt.d.w	$f0,$f0
    a440:	44060000 	mfc1	a2,$f0
    a444:	0320f809 	jalr	t9
    a448:	44070800 	mfc1	a3,$f1
    a44c:	02202025 	move	a0,s1
    a450:	c680010c 	lwc1	$f0,268(s4)
    a454:	8fbc0018 	lw	gp,24(sp)
    a458:	8f858038 	lw	a1,-32712(gp)
    a45c:	8f99826c 	lw	t9,-32148(gp)
    a460:	46800021 	cvt.d.w	$f0,$f0
    a464:	24a5606c 	addiu	a1,a1,24684
    a468:	44060000 	mfc1	a2,$f0
    a46c:	0320f809 	jalr	t9
    a470:	44070800 	mfc1	a3,$f1
    a474:	02202025 	move	a0,s1
    a478:	8fbc0018 	lw	gp,24(sp)
    a47c:	92820109 	lbu	v0,265(s4)
    a480:	8f868038 	lw	a2,-32712(gp)
    a484:	8f838038 	lw	v1,-32712(gp)
    a488:	8f858038 	lw	a1,-32712(gp)
    a48c:	24c66010 	addiu	a2,a2,24592
    a490:	8f99819c 	lw	t9,-32356(gp)
    a494:	24636014 	addiu	v1,v1,24596
    a498:	24a56074 	addiu	a1,a1,24692
    a49c:	0062300a 	movz	a2,v1,v0
    a4a0:	0320f809 	jalr	t9
    a4a4:	afa3013c 	sw	v1,316(sp)
    a4a8:	02202025 	move	a0,s1
    a4ac:	8fbc0018 	lw	gp,24(sp)
    a4b0:	0000000f 	sync
    a4b4:	928600b0 	lbu	a2,176(s4)
    a4b8:	0000000f 	sync
    a4bc:	8f858038 	lw	a1,-32712(gp)
    a4c0:	30c600ff 	andi	a2,a2,0xff
    a4c4:	8f9981a0 	lw	t9,-32352(gp)
    a4c8:	0320f809 	jalr	t9
    a4cc:	24a56408 	addiu	a1,a1,25608
    a4d0:	02202025 	move	a0,s1
    a4d4:	8fbc0018 	lw	gp,24(sp)
    a4d8:	0000000f 	sync
    a4dc:	928600d0 	lbu	a2,208(s4)
    a4e0:	0000000f 	sync
    a4e4:	8f858038 	lw	a1,-32712(gp)
    a4e8:	30c600ff 	andi	a2,a2,0xff
    a4ec:	8f9981a0 	lw	t9,-32352(gp)
    a4f0:	0320f809 	jalr	t9
    a4f4:	24a564f4 	addiu	a1,a1,25844
    a4f8:	8fbc0018 	lw	gp,24(sp)
    a4fc:	8e820114 	lw	v0,276(s4)
    a500:	10400071 	beqz	v0,a6c8 <main@@Base+0x8388>
    a504:	8f968038 	lw	s6,-32712(gp)
    a508:	8e82011c 	lw	v0,284(s4)
    a50c:	1040006e 	beqz	v0,a6c8 <main@@Base+0x8388>
    a510:	8f998274 	lw	t9,-32140(gp)
    a514:	0320f809 	jalr	t9
    a518:	00000000 	nop
    a51c:	8fbc0018 	lw	gp,24(sp)
    a520:	afa2013c 	sw	v0,316(sp)
    a524:	8e82011c 	lw	v0,284(s4)
    a528:	9043000d 	lbu	v1,13(v0)
    a52c:	10600060 	beqz	v1,a6b0 <main@@Base+0x8370>
    a530:	8f858038 	lw	a1,-32712(gp)
    a534:	8f998034 	lw	t9,-32716(gp)
    a538:	24a55b9c 	addiu	a1,a1,23452
    a53c:	2739560c 	addiu	t9,t9,22028
    a540:	0411ec32 	bal	560c <main@@Base+0x32cc>
    a544:	9044000c 	lbu	a0,12(v0)
    a548:	8fbc0018 	lw	gp,24(sp)
    a54c:	00403025 	move	a2,v0
    a550:	8f99819c 	lw	t9,-32356(gp)
    a554:	0320f809 	jalr	t9
    a558:	8fa4013c 	lw	a0,316(sp)
    a55c:	8fbc0018 	lw	gp,24(sp)
    a560:	8e82011c 	lw	v0,284(s4)
    a564:	8c420010 	lw	v0,16(v0)
    a568:	44820000 	mtc1	v0,$f0
    a56c:	46800021 	cvt.d.w	$f0,$f0
    a570:	44060000 	mfc1	a2,$f0
    a574:	04410004 	bgez	v0,a588 <main@@Base+0x8248>
    a578:	44070800 	mfc1	a3,$f1
    a57c:	46340000 	add.d	$f0,$f0,$f20
    a580:	44060000 	mfc1	a2,$f0
    a584:	44070800 	mfc1	a3,$f1
    a588:	8f858038 	lw	a1,-32712(gp)
    a58c:	8f99826c 	lw	t9,-32148(gp)
    a590:	8fa4013c 	lw	a0,316(sp)
    a594:	0320f809 	jalr	t9
    a598:	24a56080 	addiu	a1,a1,24704
    a59c:	26c5662c 	addiu	a1,s6,26156
    a5a0:	8fbc0018 	lw	gp,24(sp)
    a5a4:	02202025 	move	a0,s1
    a5a8:	8fa6013c 	lw	a2,316(sp)
    a5ac:	8f998118 	lw	t9,-32488(gp)
    a5b0:	0320f809 	jalr	t9
    a5b4:	00000000 	nop
    a5b8:	8e9400a4 	lw	s4,164(s4)
    a5bc:	12800034 	beqz	s4,a690 <main@@Base+0x8350>
    a5c0:	8fbc0018 	lw	gp,24(sp)
    a5c4:	92820128 	lbu	v0,296(s4)
    a5c8:	10400031 	beqz	v0,a690 <main@@Base+0x8350>
    a5cc:	02202025 	move	a0,s1
    a5d0:	92820110 	lbu	v0,272(s4)
    a5d4:	8f858038 	lw	a1,-32712(gp)
    a5d8:	8f99826c 	lw	t9,-32148(gp)
    a5dc:	44820000 	mtc1	v0,$f0
    a5e0:	24a56090 	addiu	a1,a1,24720
    a5e4:	46800021 	cvt.d.w	$f0,$f0
    a5e8:	46360002 	mul.d	$f0,$f0,$f22
    a5ec:	46380002 	mul.d	$f0,$f0,$f24
    a5f0:	44060000 	mfc1	a2,$f0
    a5f4:	0320f809 	jalr	t9
    a5f8:	44070800 	mfc1	a3,$f1
    a5fc:	8e82011c 	lw	v0,284(s4)
    a600:	8fbc0018 	lw	gp,24(sp)
    a604:	44820000 	mtc1	v0,$f0
    a608:	46800021 	cvt.d.w	$f0,$f0
    a60c:	44060000 	mfc1	a2,$f0
    a610:	04410007 	bgez	v0,a630 <main@@Base+0x82f0>
    a614:	44070800 	mfc1	a3,$f1
    a618:	d7c076c0 	ldc1	$f0,30400(s8)
    a61c:	44861000 	mtc1	a2,$f2
    a620:	44871800 	mtc1	a3,$f3
    a624:	46201000 	add.d	$f0,$f2,$f0
    a628:	44060000 	mfc1	a2,$f0
    a62c:	44070800 	mfc1	a3,$f1
    a630:	8f858038 	lw	a1,-32712(gp)
    a634:	02202025 	move	a0,s1
    a638:	8f99826c 	lw	t9,-32148(gp)
    a63c:	0320f809 	jalr	t9
    a640:	24a5609c 	addiu	a1,a1,24732
    a644:	8e820114 	lw	v0,276(s4)
    a648:	8fbc0018 	lw	gp,24(sp)
    a64c:	44820000 	mtc1	v0,$f0
    a650:	46800021 	cvt.d.w	$f0,$f0
    a654:	44060000 	mfc1	a2,$f0
    a658:	04410007 	bgez	v0,a678 <main@@Base+0x8338>
    a65c:	44070800 	mfc1	a3,$f1
    a660:	d7c076c0 	ldc1	$f0,30400(s8)
    a664:	44861000 	mtc1	a2,$f2
    a668:	44871800 	mtc1	a3,$f3
    a66c:	46201000 	add.d	$f0,$f2,$f0
    a670:	44060000 	mfc1	a2,$f0
    a674:	44070800 	mfc1	a3,$f1
    a678:	8f858038 	lw	a1,-32712(gp)
    a67c:	02202025 	move	a0,s1
    a680:	8f99826c 	lw	t9,-32148(gp)
    a684:	0320f809 	jalr	t9
    a688:	24a560a4 	addiu	a1,a1,24740
    a68c:	8fbc0018 	lw	gp,24(sp)
    a690:	8f9982c4 	lw	t9,-32060(gp)
    a694:	02202825 	move	a1,s1
    a698:	8fa4014c 	lw	a0,332(sp)
    a69c:	26b50001 	addiu	s5,s5,1
    a6a0:	0320f809 	jalr	t9
    a6a4:	26f70004 	addiu	s7,s7,4
    a6a8:	1000ff3e 	b	a3a4 <main@@Base+0x8064>
    a6ac:	8fbc0018 	lw	gp,24(sp)
    a6b0:	8f998298 	lw	t9,-32104(gp)
    a6b4:	24a55b9c 	addiu	a1,a1,23452
    a6b8:	0320f809 	jalr	t9
    a6bc:	8fa4013c 	lw	a0,316(sp)
    a6c0:	1000ffa7 	b	a560 <main@@Base+0x8220>
    a6c4:	8fbc0018 	lw	gp,24(sp)
    a6c8:	8f9981a0 	lw	t9,-32352(gp)
    a6cc:	00003025 	move	a2,zero
    a6d0:	26c5662c 	addiu	a1,s6,26156
    a6d4:	1000ffb6 	b	a5b0 <main@@Base+0x8270>
    a6d8:	02202025 	move	a0,s1
    a6dc:	8f858038 	lw	a1,-32712(gp)
    a6e0:	27a400e0 	addiu	a0,sp,224
    a6e4:	8f998334 	lw	t9,-31948(gp)
    a6e8:	0320f809 	jalr	t9
    a6ec:	24a560b0 	addiu	a1,a1,24752
    a6f0:	14400064 	bnez	v0,a884 <main@@Base+0x8544>
    a6f4:	8fbc0018 	lw	gp,24(sp)
    a6f8:	8f858038 	lw	a1,-32712(gp)
    a6fc:	24070060 	li	a3,96
    a700:	8f998208 	lw	t9,-32248(gp)
    a704:	27a60080 	addiu	a2,sp,128
    a708:	02202025 	move	a0,s1
    a70c:	0320f809 	jalr	t9
    a710:	24a560c8 	addiu	a1,a1,24776
    a714:	10400004 	beqz	v0,a728 <main@@Base+0x83e8>
    a718:	8fbc0018 	lw	gp,24(sp)
    a71c:	8f868038 	lw	a2,-32712(gp)
    a720:	1000fe89 	b	a148 <main@@Base+0x7e08>
    a724:	24c660d0 	addiu	a2,a2,24784
    a728:	8f998038 	lw	t9,-32712(gp)
    a72c:	24060018 	li	a2,24
    a730:	27a50120 	addiu	a1,sp,288
    a734:	a3a00120 	sb	zero,288(sp)
    a738:	27399e64 	addiu	t9,t9,-24988
    a73c:	0411fdc9 	bal	9e64 <main@@Base+0x7b24>
    a740:	27a40080 	addiu	a0,sp,128
    a744:	00408825 	move	s1,v0
    a748:	83a20120 	lb	v0,288(sp)
    a74c:	1040000b 	beqz	v0,a77c <main@@Base+0x843c>
    a750:	8fbc0018 	lw	gp,24(sp)
    a754:	8f868038 	lw	a2,-32712(gp)
    a758:	27a70120 	addiu	a3,sp,288
    a75c:	8f99834c 	lw	t9,-31924(gp)
    a760:	24050060 	li	a1,96
    a764:	27a40020 	addiu	a0,sp,32
    a768:	0320f809 	jalr	t9
    a76c:	24c660fc 	addiu	a2,a2,24828
    a770:	27a60020 	addiu	a2,sp,32
    a774:	1000fe74 	b	a148 <main@@Base+0x7e08>
    a778:	8fbc0018 	lw	gp,24(sp)
    a77c:	83a20080 	lb	v0,128(sp)
    a780:	10400006 	beqz	v0,a79c <main@@Base+0x845c>
    a784:	27a70080 	addiu	a3,sp,128
    a788:	16200006 	bnez	s1,a7a4 <main@@Base+0x8464>
    a78c:	00000000 	nop
    a790:	8f868038 	lw	a2,-32712(gp)
    a794:	1000fe6c 	b	a148 <main@@Base+0x7e08>
    a798:	24c66130 	addiu	a2,a2,24880
    a79c:	2402001f 	li	v0,31
    a7a0:	0051880a 	movz	s1,v0,s1
    a7a4:	8f958038 	lw	s5,-32712(gp)
    a7a8:	27b40020 	addiu	s4,sp,32
    a7ac:	8f858038 	lw	a1,-32712(gp)
    a7b0:	8f998198 	lw	t9,-32360(gp)
    a7b4:	8e04000c 	lw	a0,12(s0)
    a7b8:	26a65ff4 	addiu	a2,s5,24564
    a7bc:	0320f809 	jalr	t9
    a7c0:	24a56008 	addiu	a1,a1,24584
    a7c4:	02202025 	move	a0,s1
    a7c8:	8fbc0018 	lw	gp,24(sp)
    a7cc:	02802825 	move	a1,s4
    a7d0:	8f998034 	lw	t9,-32716(gp)
    a7d4:	27395ed4 	addiu	t9,t9,24276
    a7d8:	0411edbe 	bal	5ed4 <main@@Base+0x3b94>
    a7dc:	32310001 	andi	s1,s1,0x1
    a7e0:	8fbc0018 	lw	gp,24(sp)
    a7e4:	16200009 	bnez	s1,a80c <main@@Base+0x84cc>
    a7e8:	8f908038 	lw	s0,-32712(gp)
    a7ec:	8f878038 	lw	a3,-32712(gp)
    a7f0:	24060284 	li	a2,644
    a7f4:	8f998224 	lw	t9,-32220(gp)
    a7f8:	26055e5c 	addiu	a1,s0,24156
    a7fc:	24040002 	li	a0,2
    a800:	0320f809 	jalr	t9
    a804:	24e76158 	addiu	a3,a3,24920
    a808:	8fbc0018 	lw	gp,24(sp)
    a80c:	8f878038 	lw	a3,-32712(gp)
    a810:	26055e5c 	addiu	a1,s0,24156
    a814:	8f998224 	lw	t9,-32220(gp)
    a818:	24060286 	li	a2,646
    a81c:	24040003 	li	a0,3
    a820:	afb40010 	sw	s4,16(sp)
    a824:	0320f809 	jalr	t9
    a828:	24e761cc 	addiu	a3,a3,25036
    a82c:	8fbc0018 	lw	gp,24(sp)
    a830:	8f998274 	lw	t9,-32140(gp)
    a834:	0320f809 	jalr	t9
    a838:	00000000 	nop
    a83c:	8fbc0018 	lw	gp,24(sp)
    a840:	00402025 	move	a0,v0
    a844:	00408025 	move	s0,v0
    a848:	8f868038 	lw	a2,-32712(gp)
    a84c:	8f858038 	lw	a1,-32712(gp)
    a850:	8f99819c 	lw	t9,-32356(gp)
    a854:	24c66030 	addiu	a2,a2,24624
    a858:	0320f809 	jalr	t9
    a85c:	24a55788 	addiu	a1,a1,22408
    a860:	26a55ff4 	addiu	a1,s5,24564
    a864:	8fbc0018 	lw	gp,24(sp)
    a868:	02803025 	move	a2,s4
    a86c:	8f99819c 	lw	t9,-32356(gp)
    a870:	0320f809 	jalr	t9
    a874:	02002025 	move	a0,s0
    a878:	02003025 	move	a2,s0
    a87c:	1000fe90 	b	a2c0 <main@@Base+0x7f80>
    a880:	8fbc0018 	lw	gp,24(sp)
    a884:	8f998274 	lw	t9,-32140(gp)
    a888:	0320f809 	jalr	t9
    a88c:	00000000 	nop
    a890:	8fbc0018 	lw	gp,24(sp)
    a894:	00402025 	move	a0,v0
    a898:	00408825 	move	s1,v0
    a89c:	8f868038 	lw	a2,-32712(gp)
    a8a0:	8f858038 	lw	a1,-32712(gp)
    a8a4:	8f99819c 	lw	t9,-32356(gp)
    a8a8:	24c66030 	addiu	a2,a2,24624
    a8ac:	0320f809 	jalr	t9
    a8b0:	24a55788 	addiu	a1,a1,22408
    a8b4:	26856048 	addiu	a1,s4,24648
    a8b8:	c6000034 	lwc1	$f0,52(s0)
    a8bc:	02202025 	move	a0,s1
    a8c0:	8fbc0018 	lw	gp,24(sp)
    a8c4:	8f99826c 	lw	t9,-32148(gp)
    a8c8:	46800021 	cvt.d.w	$f0,$f0
    a8cc:	44060000 	mfc1	a2,$f0
    a8d0:	0320f809 	jalr	t9
    a8d4:	44070800 	mfc1	a3,$f1
    a8d8:	02202025 	move	a0,s1
    a8dc:	c6001070 	lwc1	$f0,4208(s0)
    a8e0:	8fbc0018 	lw	gp,24(sp)
    a8e4:	8f858038 	lw	a1,-32712(gp)
    a8e8:	8f99826c 	lw	t9,-32148(gp)
    a8ec:	46800021 	cvt.d.w	$f0,$f0
    a8f0:	24a5603c 	addiu	a1,a1,24636
    a8f4:	44060000 	mfc1	a2,$f0
    a8f8:	0320f809 	jalr	t9
    a8fc:	44070800 	mfc1	a3,$f1
    a900:	02202025 	move	a0,s1
    a904:	8fbc0018 	lw	gp,24(sp)
    a908:	8e061348 	lw	a2,4936(s0)
    a90c:	8f858038 	lw	a1,-32712(gp)
    a910:	0006302b 	sltu	a2,zero,a2
    a914:	8f9981a0 	lw	t9,-32352(gp)
    a918:	0320f809 	jalr	t9
    a91c:	24a56050 	addiu	a1,a1,24656
    a920:	8fbc0018 	lw	gp,24(sp)
    a924:	8f998038 	lw	t9,-32712(gp)
    a928:	2739a054 	addiu	t9,t9,-24492
    a92c:	0411fdc9 	bal	a054 <main@@Base+0x7d14>
    a930:	8e04000c 	lw	a0,12(s0)
    a934:	27a50020 	addiu	a1,sp,32
    a938:	8fbc0018 	lw	gp,24(sp)
    a93c:	8f998034 	lw	t9,-32716(gp)
    a940:	27395ed4 	addiu	t9,t9,24276
    a944:	0411ed63 	bal	5ed4 <main@@Base+0x3b94>
    a948:	00402025 	move	a0,v0
    a94c:	02202025 	move	a0,s1
    a950:	8fbc0018 	lw	gp,24(sp)
    a954:	00403025 	move	a2,v0
    a958:	8f858038 	lw	a1,-32712(gp)
    a95c:	8f99819c 	lw	t9,-32356(gp)
    a960:	0320f809 	jalr	t9
    a964:	24a55ff4 	addiu	a1,a1,24564
    a968:	02203025 	move	a2,s1
    a96c:	1000fe54 	b	a2c0 <main@@Base+0x7f80>
    a970:	8fbc0018 	lw	gp,24(sp)
    a974:	3c1c0001 	lui	gp,0x1
    a978:	279c668c 	addiu	gp,gp,26252
    a97c:	0399e021 	addu	gp,gp,t9
    a980:	27bdffc8 	addiu	sp,sp,-56
    a984:	8ce20010 	lw	v0,16(a3)
    a988:	8f9982b4 	lw	t9,-32076(gp)
    a98c:	afa20010 	sw	v0,16(sp)
    a990:	afb00030 	sw	s0,48(sp)
    a994:	00e08025 	move	s0,a3
    a998:	afbc0018 	sw	gp,24(sp)
    a99c:	afa40028 	sw	a0,40(sp)
    a9a0:	afa50024 	sw	a1,36(sp)
    a9a4:	afa60020 	sw	a2,32(sp)
    a9a8:	afbf0034 	sw	ra,52(sp)
    a9ac:	0320f809 	jalr	t9
    a9b0:	8ce7000c 	lw	a3,12(a3)
    a9b4:	8fbc0018 	lw	gp,24(sp)
    a9b8:	8fa60020 	lw	a2,32(sp)
    a9bc:	8fa50024 	lw	a1,36(sp)
    a9c0:	04410008 	bgez	v0,a9e4 <main@@Base+0x86a4>
    a9c4:	8fa40028 	lw	a0,40(sp)
    a9c8:	8f998038 	lw	t9,-32712(gp)
    a9cc:	02003825 	move	a3,s0
    a9d0:	8fbf0034 	lw	ra,52(sp)
    a9d4:	8fb00030 	lw	s0,48(sp)
    a9d8:	2739a0c8 	addiu	t9,t9,-24376
    a9dc:	1000fdba 	b	a0c8 <main@@Base+0x7d88>
    a9e0:	27bd0038 	addiu	sp,sp,56
    a9e4:	8fbf0034 	lw	ra,52(sp)
    a9e8:	8fb00030 	lw	s0,48(sp)
    a9ec:	03e00008 	jr	ra
    a9f0:	27bd0038 	addiu	sp,sp,56
    a9f4:	3c1c0001 	lui	gp,0x1
    a9f8:	279c660c 	addiu	gp,gp,26124
    a9fc:	0399e021 	addu	gp,gp,t9
    aa00:	27bdffc8 	addiu	sp,sp,-56
    aa04:	8cb90010 	lw	t9,16(a1)
    aa08:	27a20048 	addiu	v0,sp,72
    aa0c:	afb1002c 	sw	s1,44(sp)
    aa10:	00a08825 	move	s1,a1
    aa14:	afa5003c 	sw	a1,60(sp)
    aa18:	afb20030 	sw	s2,48(sp)
    aa1c:	00809025 	move	s2,a0
    aa20:	afb00028 	sw	s0,40(sp)
    aa24:	00008025 	move	s0,zero
    aa28:	afbc0010 	sw	gp,16(sp)
    aa2c:	afbf0034 	sw	ra,52(sp)
    aa30:	afa40038 	sw	a0,56(sp)
    aa34:	afa70044 	sw	a3,68(sp)
    aa38:	afa20020 	sw	v0,32(sp)
    aa3c:	8f858038 	lw	a1,-32712(gp)
    aa40:	0320f809 	jalr	t9
    aa44:	24a561ec 	addiu	a1,a1,25068
    aa48:	04400015 	bltz	v0,aaa0 <main@@Base+0x8760>
    aa4c:	02402025 	move	a0,s2
    aa50:	8e390014 	lw	t9,20(s1)
    aa54:	8fa60020 	lw	a2,32(sp)
    aa58:	00408025 	move	s0,v0
    aa5c:	0320f809 	jalr	t9
    aa60:	8fa50044 	lw	a1,68(sp)
    aa64:	0440000e 	bltz	v0,aaa0 <main@@Base+0x8760>
    aa68:	8fbc0010 	lw	gp,16(sp)
    aa6c:	8f858038 	lw	a1,-32712(gp)
    aa70:	02028021 	addu	s0,s0,v0
    aa74:	8e390000 	lw	t9,0(s1)
    aa78:	24020002 	li	v0,2
    aa7c:	24060002 	li	a2,2
    aa80:	24a561f0 	addiu	a1,a1,25072
    aa84:	afa2001c 	sw	v0,28(sp)
    aa88:	02402025 	move	a0,s2
    aa8c:	0320f809 	jalr	t9
    aa90:	afa50018 	sw	a1,24(sp)
    aa94:	28430000 	slti	v1,v0,0
    aa98:	0003100b 	movn	v0,zero,v1
    aa9c:	02028021 	addu	s0,s0,v0
    aaa0:	8fbf0034 	lw	ra,52(sp)
    aaa4:	02001025 	move	v0,s0
    aaa8:	8fb20030 	lw	s2,48(sp)
    aaac:	8fb1002c 	lw	s1,44(sp)
    aab0:	8fb00028 	lw	s0,40(sp)
    aab4:	03e00008 	jr	ra
    aab8:	27bd0038 	addiu	sp,sp,56
    aabc:	3c1c0001 	lui	gp,0x1
    aac0:	279c6544 	addiu	gp,gp,25924
    aac4:	0399e021 	addu	gp,gp,t9
    aac8:	27bdffd0 	addiu	sp,sp,-48
    aacc:	afb40028 	sw	s4,40(sp)
    aad0:	24140004 	li	s4,4
    aad4:	afb30024 	sw	s3,36(sp)
    aad8:	00809825 	move	s3,a0
    aadc:	afb20020 	sw	s2,32(sp)
    aae0:	00a09025 	move	s2,a1
    aae4:	afb1001c 	sw	s1,28(sp)
    aae8:	00c08825 	move	s1,a2
    aaec:	afb00018 	sw	s0,24(sp)
    aaf0:	00c08025 	move	s0,a2
    aaf4:	afbc0010 	sw	gp,16(sp)
    aaf8:	afbf002c 	sw	ra,44(sp)
    aafc:	afa50034 	sw	a1,52(sp)
    ab00:	afa60038 	sw	a2,56(sp)
    ab04:	16200004 	bnez	s1,ab18 <main@@Base+0x87d8>
    ab08:	8f998364 	lw	t9,-31900(gp)
    ab0c:	10000013 	b	ab5c <main@@Base+0x881c>
    ab10:	02111023 	subu	v0,s0,s1
    ab14:	8f998364 	lw	t9,-31900(gp)
    ab18:	02203025 	move	a2,s1
    ab1c:	8e640000 	lw	a0,0(s3)
    ab20:	0320f809 	jalr	t9
    ab24:	02402825 	move	a1,s2
    ab28:	18400004 	blez	v0,ab3c <main@@Base+0x87fc>
    ab2c:	8fbc0010 	lw	gp,16(sp)
    ab30:	02429021 	addu	s2,s2,v0
    ab34:	1000fff3 	b	ab04 <main@@Base+0x87c4>
    ab38:	02228823 	subu	s1,s1,v0
    ab3c:	1040fff3 	beqz	v0,ab0c <main@@Base+0x87cc>
    ab40:	8f998184 	lw	t9,-32380(gp)
    ab44:	0320f809 	jalr	t9
    ab48:	00000000 	nop
    ab4c:	8c420000 	lw	v0,0(v0)
    ab50:	1054fff0 	beq	v0,s4,ab14 <main@@Base+0x87d4>
    ab54:	8fbc0010 	lw	gp,16(sp)
    ab58:	2402ffff 	li	v0,-1
    ab5c:	8fbf002c 	lw	ra,44(sp)
    ab60:	8fb40028 	lw	s4,40(sp)
    ab64:	8fb30024 	lw	s3,36(sp)
    ab68:	8fb20020 	lw	s2,32(sp)
    ab6c:	8fb1001c 	lw	s1,28(sp)
    ab70:	8fb00018 	lw	s0,24(sp)
    ab74:	03e00008 	jr	ra
    ab78:	27bd0030 	addiu	sp,sp,48
    ab7c:	3c1c0001 	lui	gp,0x1
    ab80:	279c6484 	addiu	gp,gp,25732
    ab84:	0399e021 	addu	gp,gp,t9
    ab88:	8f998194 	lw	t9,-32364(gp)
    ab8c:	03200008 	jr	t9
    ab90:	8c840000 	lw	a0,0(a0)
    ab94:	3c1c0001 	lui	gp,0x1
    ab98:	279c646c 	addiu	gp,gp,25708
    ab9c:	0399e021 	addu	gp,gp,t9
    aba0:	27bdffd8 	addiu	sp,sp,-40
    aba4:	8f998038 	lw	t9,-32712(gp)
    aba8:	afa60030 	sw	a2,48(sp)
    abac:	27a60030 	addiu	a2,sp,48
    abb0:	2739ab7c 	addiu	t9,t9,-21636
    abb4:	afbf0024 	sw	ra,36(sp)
    abb8:	afbc0010 	sw	gp,16(sp)
    abbc:	afa70034 	sw	a3,52(sp)
    abc0:	0411ffee 	bal	ab7c <main@@Base+0x883c>
    abc4:	afa60018 	sw	a2,24(sp)
    abc8:	8fbf0024 	lw	ra,36(sp)
    abcc:	03e00008 	jr	ra
    abd0:	27bd0028 	addiu	sp,sp,40
    abd4:	3c1c0001 	lui	gp,0x1
    abd8:	279c642c 	addiu	gp,gp,25644
    abdc:	0399e021 	addu	gp,gp,t9
    abe0:	27bdffe0 	addiu	sp,sp,-32
    abe4:	8f9981e8 	lw	t9,-32280(gp)
    abe8:	afb00018 	sw	s0,24(sp)
    abec:	afbf001c 	sw	ra,28(sp)
    abf0:	afbc0010 	sw	gp,16(sp)
    abf4:	0320f809 	jalr	t9
    abf8:	00c08025 	move	s0,a2
    abfc:	02001025 	move	v0,s0
    ac00:	8fbf001c 	lw	ra,28(sp)
    ac04:	8fb00018 	lw	s0,24(sp)
    ac08:	03e00008 	jr	ra
    ac0c:	27bd0020 	addiu	sp,sp,32
    ac10:	3c1c0001 	lui	gp,0x1
    ac14:	279c63f0 	addiu	gp,gp,25584
    ac18:	0399e021 	addu	gp,gp,t9
    ac1c:	27bdffd0 	addiu	sp,sp,-48
    ac20:	8f99810c 	lw	t9,-32500(gp)
    ac24:	afbf002c 	sw	ra,44(sp)
    ac28:	afbc0010 	sw	gp,16(sp)
    ac2c:	afa40020 	sw	a0,32(sp)
    ac30:	afa5001c 	sw	a1,28(sp)
    ac34:	0320f809 	jalr	t9
    ac38:	afa60018 	sw	a2,24(sp)
    ac3c:	8fbc0010 	lw	gp,16(sp)
    ac40:	8fa40020 	lw	a0,32(sp)
    ac44:	8fa60018 	lw	a2,24(sp)
    ac48:	8fa5001c 	lw	a1,28(sp)
    ac4c:	8fbf002c 	lw	ra,44(sp)
    ac50:	00822021 	addu	a0,a0,v0
    ac54:	8f9983a4 	lw	t9,-31836(gp)
    ac58:	03200008 	jr	t9
    ac5c:	27bd0030 	addiu	sp,sp,48
    ac60:	3c1c0001 	lui	gp,0x1
    ac64:	279c63a0 	addiu	gp,gp,25504
    ac68:	0399e021 	addu	gp,gp,t9
    ac6c:	27bdffd8 	addiu	sp,sp,-40
    ac70:	8f998038 	lw	t9,-32712(gp)
    ac74:	afa60030 	sw	a2,48(sp)
    ac78:	27a60030 	addiu	a2,sp,48
    ac7c:	2739ac10 	addiu	t9,t9,-21488
    ac80:	afbf0024 	sw	ra,36(sp)
    ac84:	afbc0010 	sw	gp,16(sp)
    ac88:	afa70034 	sw	a3,52(sp)
    ac8c:	0411ffe0 	bal	ac10 <main@@Base+0x88d0>
    ac90:	afa60018 	sw	a2,24(sp)
    ac94:	8fbf0024 	lw	ra,36(sp)
    ac98:	03e00008 	jr	ra
    ac9c:	27bd0028 	addiu	sp,sp,40
    aca0:	3c1c0001 	lui	gp,0x1
    aca4:	279c6360 	addiu	gp,gp,25440
    aca8:	0399e021 	addu	gp,gp,t9
    acac:	27bdffb0 	addiu	sp,sp,-80
    acb0:	afb40048 	sw	s4,72(sp)
    acb4:	24140061 	li	s4,97
    acb8:	afb30044 	sw	s3,68(sp)
    acbc:	2413ffff 	li	s3,-1
    acc0:	afb1003c 	sw	s1,60(sp)
    acc4:	2411000a 	li	s1,10
    acc8:	afb20040 	sw	s2,64(sp)
    accc:	00809025 	move	s2,a0
    acd0:	afbc0010 	sw	gp,16(sp)
    acd4:	afbf004c 	sw	ra,76(sp)
    acd8:	afb00038 	sw	s0,56(sp)
    acdc:	afa50054 	sw	a1,84(sp)
    ace0:	afa60058 	sw	a2,88(sp)
    ace4:	afa00018 	sw	zero,24(sp)
    ace8:	afa0001c 	sw	zero,28(sp)
    acec:	afa50020 	sw	a1,32(sp)
    acf0:	afa60024 	sw	a2,36(sp)
    acf4:	afa00028 	sw	zero,40(sp)
    acf8:	afa0002c 	sw	zero,44(sp)
    acfc:	afa00030 	sw	zero,48(sp)
    ad00:	8f998388 	lw	t9,-31864(gp)
    ad04:	00003025 	move	a2,zero
    ad08:	8e440000 	lw	a0,0(s2)
    ad0c:	0320f809 	jalr	t9
    ad10:	27a50018 	addiu	a1,sp,24
    ad14:	8fbc0010 	lw	gp,16(sp)
    ad18:	14530013 	bne	v0,s3,ad68 <main@@Base+0x8a28>
    ad1c:	00408025 	move	s0,v0
    ad20:	8f998184 	lw	t9,-32380(gp)
    ad24:	0320f809 	jalr	t9
    ad28:	00000000 	nop
    ad2c:	8c420000 	lw	v0,0(v0)
    ad30:	14540004 	bne	v0,s4,ad44 <main@@Base+0x8a04>
    ad34:	8fbc0010 	lw	gp,16(sp)
    ad38:	2631ffff 	addiu	s1,s1,-1
    ad3c:	1620fff1 	bnez	s1,ad04 <main@@Base+0x89c4>
    ad40:	8f998388 	lw	t9,-31864(gp)
    ad44:	8fbf004c 	lw	ra,76(sp)
    ad48:	02001025 	move	v0,s0
    ad4c:	8fb40048 	lw	s4,72(sp)
    ad50:	8fb30044 	lw	s3,68(sp)
    ad54:	8fb20040 	lw	s2,64(sp)
    ad58:	8fb1003c 	lw	s1,60(sp)
    ad5c:	8fb00038 	lw	s0,56(sp)
    ad60:	03e00008 	jr	ra
    ad64:	27bd0050 	addiu	sp,sp,80
    ad68:	1000fff6 	b	ad44 <main@@Base+0x8a04>
    ad6c:	00008025 	move	s0,zero
    ad70:	3c1c0001 	lui	gp,0x1
    ad74:	279c6290 	addiu	gp,gp,25232
    ad78:	0399e021 	addu	gp,gp,t9
    ad7c:	27bdff48 	addiu	sp,sp,-184
    ad80:	8f99831c 	lw	t9,-31972(gp)
    ad84:	afb200b0 	sw	s2,176(sp)
    ad88:	00a09025 	move	s2,a1
    ad8c:	afb100ac 	sw	s1,172(sp)
    ad90:	00002825 	move	a1,zero
    ad94:	afb000a8 	sw	s0,168(sp)
    ad98:	00c08825 	move	s1,a2
    ad9c:	00808025 	move	s0,a0
    ada0:	afbc0018 	sw	gp,24(sp)
    ada4:	24060080 	li	a2,128
    ada8:	afbf00b4 	sw	ra,180(sp)
    adac:	0320f809 	jalr	t9
    adb0:	27a40020 	addiu	a0,sp,32
    adb4:	24020002 	li	v0,2
    adb8:	12020010 	beq	s0,v0,adfc <main@@Base+0x8abc>
    adbc:	8fbc0018 	lw	gp,24(sp)
    adc0:	2402000a 	li	v0,10
    adc4:	12020021 	beq	s0,v0,ae4c <main@@Base+0x8b0c>
    adc8:	24060010 	li	a2,16
    adcc:	8f998184 	lw	t9,-32380(gp)
    add0:	0320f809 	jalr	t9
    add4:	2410ffff 	li	s0,-1
    add8:	2403007c 	li	v1,124
    addc:	ac430000 	sw	v1,0(v0)
    ade0:	8fbf00b4 	lw	ra,180(sp)
    ade4:	02001025 	move	v0,s0
    ade8:	8fb200b0 	lw	s2,176(sp)
    adec:	8fb100ac 	lw	s1,172(sp)
    adf0:	8fb000a8 	lw	s0,168(sp)
    adf4:	03e00008 	jr	ra
    adf8:	27bd00b8 	addiu	sp,sp,184
    adfc:	24060004 	li	a2,4
    ae00:	a7b00020 	sh	s0,32(sp)
    ae04:	27a40024 	addiu	a0,sp,36
    ae08:	02402825 	move	a1,s2
    ae0c:	8f998120 	lw	t9,-32480(gp)
    ae10:	7c1188a0 	wsbh	s1,s1
    ae14:	0320f809 	jalr	t9
    ae18:	2412ffff 	li	s2,-1
    ae1c:	00003025 	move	a2,zero
    ae20:	8fbc0018 	lw	gp,24(sp)
    ae24:	24050001 	li	a1,1
    ae28:	a7b10022 	sh	s1,34(sp)
    ae2c:	8f9981dc 	lw	t9,-32292(gp)
    ae30:	0320f809 	jalr	t9
    ae34:	02002025 	move	a0,s0
    ae38:	8fbc0018 	lw	gp,24(sp)
    ae3c:	14520007 	bne	v0,s2,ae5c <main@@Base+0x8b1c>
    ae40:	00408825 	move	s1,v0
    ae44:	1000ffe6 	b	ade0 <main@@Base+0x8aa0>
    ae48:	02208025 	move	s0,s1
    ae4c:	a7b00020 	sh	s0,32(sp)
    ae50:	27a40028 	addiu	a0,sp,40
    ae54:	1000ffed 	b	ae0c <main@@Base+0x8acc>
    ae58:	02402825 	move	a1,s2
    ae5c:	2402001c 	li	v0,28
    ae60:	8f998370 	lw	t9,-31888(gp)
    ae64:	24060010 	li	a2,16
    ae68:	3a100002 	xori	s0,s0,0x2
    ae6c:	0050300b 	movn	a2,v0,s0
    ae70:	27a50020 	addiu	a1,sp,32
    ae74:	0320f809 	jalr	t9
    ae78:	02202025 	move	a0,s1
    ae7c:	8fbc0018 	lw	gp,24(sp)
    ae80:	1452000c 	bne	v0,s2,aeb4 <main@@Base+0x8b74>
    ae84:	00408025 	move	s0,v0
    ae88:	8f848038 	lw	a0,-32712(gp)
    ae8c:	248461f4 	addiu	a0,a0,25076
    ae90:	8f998260 	lw	t9,-32160(gp)
    ae94:	0320f809 	jalr	t9
    ae98:	00000000 	nop
    ae9c:	8fbc0018 	lw	gp,24(sp)
    aea0:	8f9981d8 	lw	t9,-32296(gp)
    aea4:	0320f809 	jalr	t9
    aea8:	02202025 	move	a0,s1
    aeac:	1000ffcd 	b	ade4 <main@@Base+0x8aa4>
    aeb0:	8fbf00b4 	lw	ra,180(sp)
    aeb4:	24020001 	li	v0,1
    aeb8:	8f998180 	lw	t9,-32384(gp)
    aebc:	27a700a0 	addiu	a3,sp,160
    aec0:	afa200a0 	sw	v0,160(sp)
    aec4:	24020004 	li	v0,4
    aec8:	24060001 	li	a2,1
    aecc:	00002825 	move	a1,zero
    aed0:	afa20010 	sw	v0,16(sp)
    aed4:	0320f809 	jalr	t9
    aed8:	02202025 	move	a0,s1
    aedc:	8fbc0018 	lw	gp,24(sp)
    aee0:	1452ffd8 	bne	v0,s2,ae44 <main@@Base+0x8b04>
    aee4:	00408025 	move	s0,v0
    aee8:	8f848038 	lw	a0,-32712(gp)
    aeec:	1000ffe8 	b	ae90 <main@@Base+0x8b50>
    aef0:	248461fc 	addiu	a0,a0,25084
    aef4:	3c1c0001 	lui	gp,0x1
    aef8:	279c610c 	addiu	gp,gp,24844
    aefc:	0399e021 	addu	gp,gp,t9
    af00:	27bdff80 	addiu	sp,sp,-128
    af04:	8f998120 	lw	t9,-32480(gp)
    af08:	afbe0078 	sw	s8,120(sp)
    af0c:	03a0f025 	move	s8,sp
    af10:	afb70074 	sw	s7,116(sp)
    af14:	27c50088 	addiu	a1,s8,136
    af18:	afb60070 	sw	s6,112(sp)
    af1c:	afb5006c 	sw	s5,108(sp)
    af20:	27d50018 	addiu	s5,s8,24
    af24:	afb40068 	sw	s4,104(sp)
    af28:	0080a025 	move	s4,a0
    af2c:	afb30064 	sw	s3,100(sp)
    af30:	afb20060 	sw	s2,96(sp)
    af34:	afb1005c 	sw	s1,92(sp)
    af38:	00c08825 	move	s1,a2
    af3c:	afb00058 	sw	s0,88(sp)
    af40:	afbc0010 	sw	gp,16(sp)
    af44:	afbf007c 	sw	ra,124(sp)
    af48:	8fc20094 	lw	v0,148(s8)
    af4c:	9496004e 	lhu	s6,78(a0)
    af50:	8c90000c 	lw	s0,12(a0)
    af54:	afc20048 	sw	v0,72(s8)
    af58:	90820008 	lbu	v0,8(a0)
    af5c:	8fd20090 	lw	s2,144(s8)
    af60:	8fd700a0 	lw	s7,160(s8)
    af64:	afc2004c 	sw	v0,76(s8)
    af68:	afc60088 	sw	a2,136(s8)
    af6c:	24060010 	li	a2,16
    af70:	94820000 	lhu	v0,0(a0)
    af74:	02a02025 	move	a0,s5
    af78:	8fd300a8 	lw	s3,168(s8)
    af7c:	afc7008c 	sw	a3,140(s8)
    af80:	7c0210a0 	wsbh	v0,v0
    af84:	0320f809 	jalr	t9
    af88:	a7c20050 	sh	v0,80(s8)
    af8c:	12200073 	beqz	s1,b15c <main@@Base+0x8e1c>
    af90:	8fdc0010 	lw	gp,16(s8)
    af94:	24020001 	li	v0,1
    af98:	12220072 	beq	s1,v0,b164 <main@@Base+0x8e24>
    af9c:	8f998068 	lw	t9,-32664(gp)
    afa0:	00008025 	move	s0,zero
    afa4:	8e840004 	lw	a0,4(s4)
    afa8:	7c1080a0 	wsbh	s0,s0
    afac:	00308402 	ror	s0,s0,0x10
    afb0:	7c0420a0 	wsbh	a0,a0
    afb4:	16c00098 	bnez	s6,b218 <main@@Base+0x8ed8>
    afb8:	00242402 	ror	a0,a0,0x10
    afbc:	27bdfff0 	addiu	sp,sp,-16
    afc0:	00001825 	move	v1,zero
    afc4:	27a20010 	addiu	v0,sp,16
    afc8:	00003025 	move	a2,zero
    afcc:	2407000c 	li	a3,12
    afd0:	24050080 	li	a1,128
    afd4:	8fc8004c 	lw	t0,76(s8)
    afd8:	a0450000 	sb	a1,0(v0)
    afdc:	93c50098 	lbu	a1,152(s8)
    afe0:	ac500004 	sw	s0,4(v0)
    afe4:	ac440008 	sw	a0,8(v0)
    afe8:	000529c0 	sll	a1,a1,0x7
    afec:	01052825 	or	a1,t0,a1
    aff0:	a0450001 	sb	a1,1(v0)
    aff4:	97c50050 	lhu	a1,80(s8)
    aff8:	16c00093 	bnez	s6,b248 <main@@Base+0x8f08>
    affc:	a4450002 	sh	a1,2(v0)
    b000:	afc20018 	sw	v0,24(s8)
    b004:	24060003 	li	a2,3
    b008:	8fc2009c 	lw	v0,156(s8)
    b00c:	8e840010 	lw	a0,16(s4)
    b010:	afc7001c 	sw	a3,28(s8)
    b014:	afc20020 	sw	v0,32(s8)
    b018:	8fc200a4 	lw	v0,164(s8)
    b01c:	afd70024 	sw	s7,36(s8)
    b020:	afd3002c 	sw	s3,44(s8)
    b024:	afc20028 	sw	v0,40(s8)
    b028:	24020003 	li	v0,3
    b02c:	afd50040 	sw	s5,64(s8)
    b030:	afc20044 	sw	v0,68(s8)
    b034:	8e820014 	lw	v0,20(s4)
    b038:	8c590000 	lw	t9,0(v0)
    b03c:	0320f809 	jalr	t9
    b040:	02a02825 	move	a1,s5
    b044:	00408025 	move	s0,v0
    b048:	2402ffff 	li	v0,-1
    b04c:	12020035 	beq	s0,v0,b124 <main@@Base+0x8de4>
    b050:	8fdc0010 	lw	gp,16(s8)
    b054:	96820000 	lhu	v0,0(s4)
    b058:	02779821 	addu	s3,s3,s7
    b05c:	8f998120 	lw	t9,-32480(gp)
    b060:	24060010 	li	a2,16
    b064:	27c50088 	addiu	a1,s8,136
    b068:	24420001 	addiu	v0,v0,1
    b06c:	27c40030 	addiu	a0,s8,48
    b070:	a6820000 	sh	v0,0(s4)
    b074:	8e820018 	lw	v0,24(s4)
    b078:	24420001 	addiu	v0,v0,1
    b07c:	ae820018 	sw	v0,24(s4)
    b080:	8e82001c 	lw	v0,28(s4)
    b084:	00531021 	addu	v0,v0,s3
    b088:	8e93000c 	lw	s3,12(s4)
    b08c:	0320f809 	jalr	t9
    b090:	ae82001c 	sw	v0,28(s4)
    b094:	1220007c 	beqz	s1,b288 <main@@Base+0x8f48>
    b098:	8fdc0010 	lw	gp,16(s8)
    b09c:	24020001 	li	v0,1
    b0a0:	1222007b 	beq	s1,v0,b290 <main@@Base+0x8f50>
    b0a4:	240603e8 	li	a2,1000
    b0a8:	00009825 	move	s3,zero
    b0ac:	8f9982cc 	lw	t9,-32052(gp)
    b0b0:	27c50030 	addiu	a1,s8,48
    b0b4:	24040001 	li	a0,1
    b0b8:	0320f809 	jalr	t9
    b0bc:	ae930020 	sw	s3,32(s4)
    b0c0:	240603e8 	li	a2,1000
    b0c4:	8fdc0010 	lw	gp,16(s8)
    b0c8:	00003825 	move	a3,zero
    b0cc:	8fc40034 	lw	a0,52(s8)
    b0d0:	8f99803c 	lw	t9,-32708(gp)
    b0d4:	041124f6 	bal	144b0 <main@@Base+0x12170>
    b0d8:	00042fc3 	sra	a1,a0,0x1f
    b0dc:	00400013 	mtlo	v0
    b0e0:	3c02000f 	lui	v0,0xf
    b0e4:	24424240 	addiu	v0,v0,16960
    b0e8:	00600011 	mthi	v1
    b0ec:	8fc30030 	lw	v1,48(s8)
    b0f0:	70620000 	madd	v1,v0
    b0f4:	00001012 	mflo	v0
    b0f8:	00001810 	mfhi	v1
    b0fc:	ae820028 	sw	v0,40(s4)
    b100:	24020001 	li	v0,1
    b104:	16220007 	bne	s1,v0,b124 <main@@Base+0x8de4>
    b108:	ae83002c 	sw	v1,44(s4)
    b10c:	8e820020 	lw	v0,32(s4)
    b110:	ae920038 	sw	s2,56(s4)
    b114:	a2910040 	sb	s1,64(s4)
    b118:	ae820030 	sw	v0,48(s4)
    b11c:	8fc20048 	lw	v0,72(s8)
    b120:	ae82003c 	sw	v0,60(s4)
    b124:	03c0e825 	move	sp,s8
    b128:	02001025 	move	v0,s0
    b12c:	8fbf007c 	lw	ra,124(sp)
    b130:	8fbe0078 	lw	s8,120(sp)
    b134:	8fb70074 	lw	s7,116(sp)
    b138:	8fb60070 	lw	s6,112(sp)
    b13c:	8fb5006c 	lw	s5,108(sp)
    b140:	8fb40068 	lw	s4,104(sp)
    b144:	8fb30064 	lw	s3,100(sp)
    b148:	8fb20060 	lw	s2,96(sp)
    b14c:	8fb1005c 	lw	s1,92(sp)
    b150:	8fb00058 	lw	s0,88(sp)
    b154:	03e00008 	jr	ra
    b158:	27bd0080 	addiu	sp,sp,128
    b15c:	1000ff91 	b	afa4 <main@@Base+0x8c64>
    b160:	8fd00020 	lw	s0,32(s8)
    b164:	240603e8 	li	a2,1000
    b168:	8fc50048 	lw	a1,72(s8)
    b16c:	00003825 	move	a3,zero
    b170:	041125a7 	bal	14810 <main@@Base+0x124d0>
    b174:	02402025 	move	a0,s2
    b178:	240403e8 	li	a0,1000
    b17c:	8fdc0010 	lw	gp,16(s8)
    b180:	008001f4 	teq	a0,zero,0x7
    b184:	0204001b 	divu	zero,s0,a0
    b188:	8f848038 	lw	a0,-32712(gp)
    b18c:	d48276d8 	ldc1	$f2,30424(a0)
    b190:	8f848038 	lw	a0,-32712(gp)
    b194:	00008012 	mflo	s0
    b198:	44900000 	mtc1	s0,$f0
    b19c:	46800021 	cvt.d.w	$f0,$f0
    b1a0:	46220003 	div.d	$f0,$f0,$f2
    b1a4:	44821000 	mtc1	v0,$f2
    b1a8:	468010a1 	cvt.d.w	$f2,$f2
    b1ac:	46220002 	mul.d	$f0,$f0,$f2
    b1b0:	d48276e0 	ldc1	$f2,30432(a0)
    b1b4:	4620103e 	c.le.d	$f2,$f0
    b1b8:	45010011 	bc1t	b200 <main@@Base+0x8ec0>
    b1bc:	00000000 	nop
    b1c0:	4620000d 	trunc.w.d	$f0,$f0
    b1c4:	44090000 	mfc1	t1,$f0
    b1c8:	02422023 	subu	a0,s2,v0
    b1cc:	8fc20048 	lw	v0,72(s8)
    b1d0:	8f99803c 	lw	t9,-32708(gp)
    b1d4:	240603e8 	li	a2,1000
    b1d8:	0244282b 	sltu	a1,s2,a0
    b1dc:	afc90054 	sw	t1,84(s8)
    b1e0:	00431823 	subu	v1,v0,v1
    b1e4:	00003825 	move	a3,zero
    b1e8:	041124b1 	bal	144b0 <main@@Base+0x12170>
    b1ec:	00652823 	subu	a1,v1,a1
    b1f0:	72021802 	mul	v1,s0,v0
    b1f4:	8fc90054 	lw	t1,84(s8)
    b1f8:	1000ff6a 	b	afa4 <main@@Base+0x8c64>
    b1fc:	00698021 	addu	s0,v1,t1
    b200:	46220001 	sub.d	$f0,$f0,$f2
    b204:	3c048000 	lui	a0,0x8000
    b208:	4620000d 	trunc.w.d	$f0,$f0
    b20c:	44090000 	mfc1	t1,$f0
    b210:	1000ffed 	b	b1c8 <main@@Base+0x8e88>
    b214:	01244825 	or	t1,t1,a0
    b218:	26c30003 	addiu	v1,s6,3
    b21c:	26860041 	addiu	a2,s4,65
    b220:	00031083 	sra	v0,v1,0x2
    b224:	24050090 	li	a1,144
    b228:	00021080 	sll	v0,v0,0x2
    b22c:	00031882 	srl	v1,v1,0x2
    b230:	24470010 	addiu	a3,v0,16
    b234:	24420017 	addiu	v0,v0,23
    b238:	7c021004 	ins	v0,zero,0x0,0x3
    b23c:	03a2e823 	subu	sp,sp,v0
    b240:	1000ff64 	b	afd4 <main@@Base+0x8c94>
    b244:	27a20010 	addiu	v0,sp,16
    b248:	2404debe 	li	a0,-8514
    b24c:	24450010 	addiu	a1,v0,16
    b250:	a444000c 	sh	a0,12(v0)
    b254:	7c0320a0 	wsbh	a0,v1
    b258:	00031880 	sll	v1,v1,0x2
    b25c:	a444000e 	sh	a0,14(v0)
    b260:	00002025 	move	a0,zero
    b264:	0083482b 	sltu	t1,a0,v1
    b268:	1120ff65 	beqz	t1,b000 <main@@Base+0x8cc0>
    b26c:	00c44821 	addu	t1,a2,a0
    b270:	24840001 	addiu	a0,a0,1
    b274:	24a50001 	addiu	a1,a1,1
    b278:	91290000 	lbu	t1,0(t1)
    b27c:	3084ffff 	andi	a0,a0,0xffff
    b280:	1000fff8 	b	b264 <main@@Base+0x8f24>
    b284:	a0a9ffff 	sb	t1,-1(a1)
    b288:	1000ff88 	b	b0ac <main@@Base+0x8d6c>
    b28c:	8fd30038 	lw	s3,56(s8)
    b290:	8fd70038 	lw	s7,56(s8)
    b294:	8fd6003c 	lw	s6,60(s8)
    b298:	00003825 	move	a3,zero
    b29c:	8f998068 	lw	t9,-32664(gp)
    b2a0:	02e02025 	move	a0,s7
    b2a4:	0411255a 	bal	14810 <main@@Base+0x124d0>
    b2a8:	02c02825 	move	a1,s6
    b2ac:	00602825 	move	a1,v1
    b2b0:	8fdc0010 	lw	gp,16(s8)
    b2b4:	240303e8 	li	v1,1000
    b2b8:	006001f4 	teq	v1,zero,0x7
    b2bc:	0263001b 	divu	zero,s3,v1
    b2c0:	8f838038 	lw	v1,-32712(gp)
    b2c4:	d46276d8 	ldc1	$f2,30424(v1)
    b2c8:	8f838038 	lw	v1,-32712(gp)
    b2cc:	00009812 	mflo	s3
    b2d0:	44930000 	mtc1	s3,$f0
    b2d4:	46800021 	cvt.d.w	$f0,$f0
    b2d8:	46220003 	div.d	$f0,$f0,$f2
    b2dc:	44821000 	mtc1	v0,$f2
    b2e0:	468010a1 	cvt.d.w	$f2,$f2
    b2e4:	46220002 	mul.d	$f0,$f0,$f2
    b2e8:	d46276e0 	ldc1	$f2,30432(v1)
    b2ec:	4620113e 	c.le.d	$fcc1,$f2,$f0
    b2f0:	4505000f 	bc1t	$fcc1,b330 <main@@Base+0x8ff0>
    b2f4:	00000000 	nop
    b2f8:	4620000d 	trunc.w.d	$f0,$f0
    b2fc:	44150000 	mfc1	s5,$f0
    b300:	02e22023 	subu	a0,s7,v0
    b304:	8f99803c 	lw	t9,-32708(gp)
    b308:	02c52823 	subu	a1,s6,a1
    b30c:	02e4b82b 	sltu	s7,s7,a0
    b310:	240603e8 	li	a2,1000
    b314:	00003825 	move	a3,zero
    b318:	04112465 	bal	144b0 <main@@Base+0x12170>
    b31c:	00b72823 	subu	a1,a1,s7
    b320:	72621802 	mul	v1,s3,v0
    b324:	8fdc0010 	lw	gp,16(s8)
    b328:	1000ff60 	b	b0ac <main@@Base+0x8d6c>
    b32c:	00759821 	addu	s3,v1,s5
    b330:	46220001 	sub.d	$f0,$f0,$f2
    b334:	3c038000 	lui	v1,0x8000
    b338:	4620000d 	trunc.w.d	$f0,$f0
    b33c:	44150000 	mfc1	s5,$f0
    b340:	1000ffef 	b	b300 <main@@Base+0x8fc0>
    b344:	02a3a825 	or	s5,s5,v1
    b348:	3c1c0001 	lui	gp,0x1
    b34c:	279c5cb8 	addiu	gp,gp,23736
    b350:	0399e021 	addu	gp,gp,t9
    b354:	27bdff88 	addiu	sp,sp,-120
    b358:	8c8200b8 	lw	v0,184(a0)
    b35c:	afbc0030 	sw	gp,48(sp)
    b360:	afb30070 	sw	s3,112(sp)
    b364:	afb2006c 	sw	s2,108(sp)
    b368:	afb10068 	sw	s1,104(sp)
    b36c:	afbf0074 	sw	ra,116(sp)
    b370:	afb00064 	sw	s0,100(sp)
    b374:	8fb10088 	lw	s1,136(sp)
    b378:	8fb20090 	lw	s2,144(sp)
    b37c:	1040006f 	beqz	v0,b53c <main@@Base+0x91fc>
    b380:	8fb30094 	lw	s3,148(sp)
    b384:	0000000f 	sync
    b388:	908200d0 	lbu	v0,208(a0)
    b38c:	0000000f 	sync
    b390:	304200ff 	andi	v0,v0,0xff
    b394:	10400069 	beqz	v0,b53c <main@@Base+0x91fc>
    b398:	8f838038 	lw	v1,-32712(gp)
    b39c:	afa00054 	sw	zero,84(sp)
    b3a0:	24636328 	addiu	v1,v1,25384
    b3a4:	afa30050 	sw	v1,80(sp)
    b3a8:	24030061 	li	v1,97
    b3ac:	14a30029 	bne	a1,v1,b454 <main@@Base+0x9114>
    b3b0:	2ce32000 	sltiu	v1,a3,8192
    b3b4:	1460000f 	bnez	v1,b3f4 <main@@Base+0x90b4>
    b3b8:	8f858038 	lw	a1,-32712(gp)
    b3bc:	240602e3 	li	a2,739
    b3c0:	8fbf0074 	lw	ra,116(sp)
    b3c4:	24040002 	li	a0,2
    b3c8:	8fb30070 	lw	s3,112(sp)
    b3cc:	8fb2006c 	lw	s2,108(sp)
    b3d0:	24a55800 	addiu	a1,a1,22528
    b3d4:	8fb10068 	lw	s1,104(sp)
    b3d8:	8fb00064 	lw	s0,100(sp)
    b3dc:	8f998224 	lw	t9,-32220(gp)
    b3e0:	afa70088 	sw	a3,136(sp)
    b3e4:	27bd0078 	addiu	sp,sp,120
    b3e8:	8f878038 	lw	a3,-32712(gp)
    b3ec:	03200008 	jr	t9
    b3f0:	24e76218 	addiu	a3,a3,25112
    b3f4:	24031000 	li	v1,4096
    b3f8:	a7a30058 	sh	v1,88(sp)
    b3fc:	00071942 	srl	v1,a3,0x5
    b400:	a3a3005a 	sb	v1,90(sp)
    b404:	000718c0 	sll	v1,a3,0x3
    b408:	a3a3005b 	sb	v1,91(sp)
    b40c:	27a30058 	addiu	v1,sp,88
    b410:	afa30050 	sw	v1,80(sp)
    b414:	24030004 	li	v1,4
    b418:	afa30054 	sw	v1,84(sp)
    b41c:	00808025 	move	s0,a0
    b420:	8c8400b8 	lw	a0,184(a0)
    b424:	afa00038 	sw	zero,56(sp)
    b428:	14c0000d 	bnez	a2,b460 <main@@Base+0x9120>
    b42c:	afb10040 	sw	s1,64(sp)
    b430:	8f878038 	lw	a3,-32712(gp)
    b434:	240601e4 	li	a2,484
    b438:	8f858038 	lw	a1,-32712(gp)
    b43c:	8f848038 	lw	a0,-32712(gp)
    b440:	8f998170 	lw	t9,-32400(gp)
    b444:	24e77640 	addiu	a3,a3,30272
    b448:	24a55814 	addiu	a1,a1,22548
    b44c:	0320f809 	jalr	t9
    b450:	2484587c 	addiu	a0,a0,22652
    b454:	38a5006f 	xori	a1,a1,0x6f
    b458:	1000fff0 	b	b41c <main@@Base+0x90dc>
    b45c:	2ca20001 	sltiu	v0,a1,1
    b460:	8fa30050 	lw	v1,80(sp)
    b464:	8f998038 	lw	t9,-32712(gp)
    b468:	afa20018 	sw	v0,24(sp)
    b46c:	afa3001c 	sw	v1,28(sp)
    b470:	afa7004c 	sw	a3,76(sp)
    b474:	2739aef4 	addiu	t9,t9,-20748
    b478:	afa70028 	sw	a3,40(sp)
    b47c:	afa60048 	sw	a2,72(sp)
    b480:	afa60024 	sw	a2,36(sp)
    b484:	00003025 	move	a2,zero
    b488:	afb10010 	sw	s1,16(sp)
    b48c:	8fa30054 	lw	v1,84(sp)
    b490:	8fa20044 	lw	v0,68(sp)
    b494:	8fa7003c 	lw	a3,60(sp)
    b498:	afa30020 	sw	v1,32(sp)
    b49c:	0411fe95 	bal	aef4 <main@@Base+0x8bb4>
    b4a0:	afa20014 	sw	v0,20(sp)
    b4a4:	24030001 	li	v1,1
    b4a8:	8e0200b8 	lw	v0,184(s0)
    b4ac:	8fbc0030 	lw	gp,48(sp)
    b4b0:	ac510030 	sw	s1,48(v0)
    b4b4:	ac520038 	sw	s2,56(v0)
    b4b8:	ac53003c 	sw	s3,60(v0)
    b4bc:	a0430040 	sb	v1,64(v0)
    b4c0:	8e020000 	lw	v0,0(s0)
    b4c4:	90421080 	lbu	v0,4224(v0)
    b4c8:	1040001d 	beqz	v0,b540 <main@@Base+0x9200>
    b4cc:	8fbf0074 	lw	ra,116(sp)
    b4d0:	8f9981b4 	lw	t9,-32332(gp)
    b4d4:	0320f809 	jalr	t9
    b4d8:	00000000 	nop
    b4dc:	8e0400c4 	lw	a0,196(s0)
    b4e0:	00409025 	move	s2,v0
    b4e4:	8fbc0030 	lw	gp,48(sp)
    b4e8:	10800014 	beqz	a0,b53c <main@@Base+0x91fc>
    b4ec:	00608825 	move	s1,v1
    b4f0:	8e0300c8 	lw	v1,200(s0)
    b4f4:	8e0500cc 	lw	a1,204(s0)
    b4f8:	02431823 	subu	v1,s2,v1
    b4fc:	02252823 	subu	a1,s1,a1
    b500:	0243102b 	sltu	v0,s2,v1
    b504:	00a22823 	subu	a1,a1,v0
    b508:	1ca00008 	bgtz	a1,b52c <main@@Base+0x91ec>
    b50c:	8f99806c 	lw	t9,-32660(gp)
    b510:	14a0000b 	bnez	a1,b540 <main@@Base+0x9200>
    b514:	8fbf0074 	lw	ra,116(sp)
    b518:	3c02004c 	lui	v0,0x4c
    b51c:	24424b41 	addiu	v0,v0,19265
    b520:	0062182b 	sltu	v1,v1,v0
    b524:	14600007 	bnez	v1,b544 <main@@Base+0x9204>
    b528:	8fb30070 	lw	s3,112(sp)
    b52c:	04111bc3 	bal	1243c <main@@Base+0x100fc>
    b530:	00000000 	nop
    b534:	ae1200c8 	sw	s2,200(s0)
    b538:	ae1100cc 	sw	s1,204(s0)
    b53c:	8fbf0074 	lw	ra,116(sp)
    b540:	8fb30070 	lw	s3,112(sp)
    b544:	8fb2006c 	lw	s2,108(sp)
    b548:	8fb10068 	lw	s1,104(sp)
    b54c:	8fb00064 	lw	s0,100(sp)
    b550:	03e00008 	jr	ra
    b554:	27bd0078 	addiu	sp,sp,120
    b558:	3c1c0001 	lui	gp,0x1
    b55c:	279c5aa8 	addiu	gp,gp,23208
    b560:	0399e021 	addu	gp,gp,t9
    b564:	27bdffa8 	addiu	sp,sp,-88
    b568:	24020003 	li	v0,3
    b56c:	00804025 	move	t0,a0
    b570:	afbe0050 	sw	s8,80(sp)
    b574:	03a0f025 	move	s8,sp
    b578:	afbf0054 	sw	ra,84(sp)
    b57c:	8fc50070 	lw	a1,112(s8)
    b580:	93ca0084 	lbu	t2,132(s8)
    b584:	afbc0030 	sw	gp,48(sp)
    b588:	38a30001 	xori	v1,a1,0x1
    b58c:	afc60060 	sw	a2,96(s8)
    b590:	0003100b 	movn	v0,zero,v1
    b594:	24030002 	li	v1,2
    b598:	afc70064 	sw	a3,100(s8)
    b59c:	93c60080 	lbu	a2,128(s8)
    b5a0:	0065100a 	movz	v0,v1,a1
    b5a4:	93c70075 	lbu	a3,117(s8)
    b5a8:	24430007 	addiu	v1,v0,7
    b5ac:	30630008 	andi	v1,v1,0x8
    b5b0:	03a3e823 	subu	sp,sp,v1
    b5b4:	93c30076 	lbu	v1,118(s8)
    b5b8:	afc20044 	sw	v0,68(s8)
    b5bc:	8fc20074 	lw	v0,116(s8)
    b5c0:	27a90030 	addiu	t1,sp,48
    b5c4:	10a0001b 	beqz	a1,b634 <main@@Base+0x92f4>
    b5c8:	afc2003c 	sw	v0,60(s8)
    b5cc:	24020001 	li	v0,1
    b5d0:	10a20026 	beq	a1,v0,b66c <main@@Base+0x932c>
    b5d4:	93c4003c 	lbu	a0,60(s8)
    b5d8:	8fc20078 	lw	v0,120(s8)
    b5dc:	01002025 	move	a0,t0
    b5e0:	8f998038 	lw	t9,-32712(gp)
    b5e4:	afa20024 	sw	v0,36(sp)
    b5e8:	8fc2007c 	lw	v0,124(s8)
    b5ec:	2739aef4 	addiu	t9,t9,-20748
    b5f0:	afa9001c 	sw	t1,28(sp)
    b5f4:	afa20028 	sw	v0,40(sp)
    b5f8:	8fc20044 	lw	v0,68(s8)
    b5fc:	afaa0018 	sw	t2,24(sp)
    b600:	afa20020 	sw	v0,32(sp)
    b604:	8fc20068 	lw	v0,104(s8)
    b608:	afa20010 	sw	v0,16(sp)
    b60c:	8fc2006c 	lw	v0,108(s8)
    b610:	afa20014 	sw	v0,20(sp)
    b614:	8fc60060 	lw	a2,96(s8)
    b618:	0411fe36 	bal	aef4 <main@@Base+0x8bb4>
    b61c:	8fc70064 	lw	a3,100(s8)
    b620:	03c0e825 	move	sp,s8
    b624:	8fbf0054 	lw	ra,84(sp)
    b628:	8fbe0050 	lw	s8,80(sp)
    b62c:	03e00008 	jr	ra
    b630:	27bd0058 	addiu	sp,sp,88
    b634:	2404007c 	li	a0,124
    b638:	2402003c 	li	v0,60
    b63c:	30e50002 	andi	a1,a3,0x2
    b640:	0085100b 	movn	v0,a0,a1
    b644:	30e70001 	andi	a3,a3,0x1
    b648:	000631c0 	sll	a2,a2,0x7
    b64c:	3044005c 	andi	a0,v0,0x5c
    b650:	0087100a 	movz	v0,a0,a3
    b654:	a1220000 	sb	v0,0(t1)
    b658:	000a1180 	sll	v0,t2,0x6
    b65c:	00c23025 	or	a2,a2,v0
    b660:	00661821 	addu	v1,v1,a2
    b664:	1000ffdc 	b	b5d8 <main@@Base+0x9298>
    b668:	a1230001 	sb	v1,1(t1)
    b66c:	000631c0 	sll	a2,a2,0x7
    b670:	93c2003f 	lbu	v0,63(s8)
    b674:	8f998034 	lw	t9,-32716(gp)
    b678:	a3c40048 	sb	a0,72(s8)
    b67c:	24040031 	li	a0,49
    b680:	a3c3004a 	sb	v1,74(s8)
    b684:	a3c40049 	sb	a0,73(s8)
    b688:	27396d98 	addiu	t9,t9,28056
    b68c:	a3c2004b 	sb	v0,75(s8)
    b690:	0411edc1 	bal	6d98 <main@@Base+0x4a58>
    b694:	8fc40048 	lw	a0,72(s8)
    b698:	8fdc0030 	lw	gp,48(s8)
    b69c:	a5220000 	sh	v0,0(t1)
    b6a0:	000a1180 	sll	v0,t2,0x6
    b6a4:	00c23025 	or	a2,a2,v0
    b6a8:	00e63821 	addu	a3,a3,a2
    b6ac:	1000ffca 	b	b5d8 <main@@Base+0x9298>
    b6b0:	a1270002 	sb	a3,2(t1)
    b6b4:	3c1c0001 	lui	gp,0x1
    b6b8:	279c594c 	addiu	gp,gp,22860
    b6bc:	0399e021 	addu	gp,gp,t9
    b6c0:	27bdff60 	addiu	sp,sp,-160
    b6c4:	8c830008 	lw	v1,8(a0)
    b6c8:	24020001 	li	v0,1
    b6cc:	afbe0098 	sw	s8,152(sp)
    b6d0:	03a0f025 	move	s8,sp
    b6d4:	afb1007c 	sw	s1,124(sp)
    b6d8:	afb00078 	sw	s0,120(sp)
    b6dc:	afbf009c 	sw	ra,156(sp)
    b6e0:	afb70094 	sw	s7,148(sp)
    b6e4:	afb60090 	sw	s6,144(sp)
    b6e8:	afb5008c 	sw	s5,140(sp)
    b6ec:	afb40088 	sw	s4,136(sp)
    b6f0:	afb30084 	sw	s3,132(sp)
    b6f4:	afb20080 	sw	s2,128(sp)
    b6f8:	afbc0030 	sw	gp,48(sp)
    b6fc:	afc600a8 	sw	a2,168(s8)
    b700:	afc700ac 	sw	a3,172(s8)
    b704:	8fd100b8 	lw	s1,184(s8)
    b708:	12200005 	beqz	s1,b720 <main@@Base+0x93e0>
    b70c:	8c900004 	lw	s0,4(a0)
    b710:	3a220001 	xori	v0,s1,0x1
    b714:	2c420001 	sltiu	v0,v0,1
    b718:	00021040 	sll	v0,v0,0x1
    b71c:	00608025 	move	s0,v1
    b720:	8fd300c4 	lw	s3,196(s8)
    b724:	02621021 	addu	v0,s3,v0
    b728:	0050102b 	sltu	v0,v0,s0
    b72c:	10400054 	beqz	v0,b880 <main@@Base+0x9540>
    b730:	8c920000 	lw	s2,0(a0)
    b734:	93c200bd 	lbu	v0,189(s8)
    b738:	12200030 	beqz	s1,b7fc <main@@Base+0x94bc>
    b73c:	93c300be 	lbu	v1,190(s8)
    b740:	24040001 	li	a0,1
    b744:	1224002e 	beq	s1,a0,b800 <main@@Base+0x94c0>
    b748:	38460013 	xori	a2,v0,0x13
    b74c:	00003025 	move	a2,zero
    b750:	00004025 	move	t0,zero
    b754:	25020007 	addiu	v0,t0,7
    b758:	8fc400bc 	lw	a0,188(s8)
    b75c:	7c021004 	ins	v0,zero,0x0,0x3
    b760:	03a2e823 	subu	sp,sp,v0
    b764:	afc4003c 	sw	a0,60(s8)
    b768:	12200036 	beqz	s1,b844 <main@@Base+0x9504>
    b76c:	27a70030 	addiu	a3,sp,48
    b770:	24020001 	li	v0,1
    b774:	1222003c 	beq	s1,v0,b868 <main@@Base+0x9528>
    b778:	8f998034 	lw	t9,-32716(gp)
    b77c:	8fc200c0 	lw	v0,192(s8)
    b780:	02402025 	move	a0,s2
    b784:	afc70038 	sw	a3,56(s8)
    b788:	afc8003c 	sw	t0,60(s8)
    b78c:	afa20024 	sw	v0,36(sp)
    b790:	8fc200c4 	lw	v0,196(s8)
    b794:	afa7001c 	sw	a3,28(sp)
    b798:	afa80020 	sw	t0,32(sp)
    b79c:	afa20028 	sw	v0,40(sp)
    b7a0:	afa60018 	sw	a2,24(sp)
    b7a4:	8fc200b0 	lw	v0,176(s8)
    b7a8:	8f998038 	lw	t9,-32712(gp)
    b7ac:	afa20010 	sw	v0,16(sp)
    b7b0:	8fc200b4 	lw	v0,180(s8)
    b7b4:	2739aef4 	addiu	t9,t9,-20748
    b7b8:	afa20014 	sw	v0,20(sp)
    b7bc:	8fc600a8 	lw	a2,168(s8)
    b7c0:	0411fdcc 	bal	aef4 <main@@Base+0x8bb4>
    b7c4:	8fc700ac 	lw	a3,172(s8)
    b7c8:	03c0e825 	move	sp,s8
    b7cc:	8fdf009c 	lw	ra,156(s8)
    b7d0:	8fbe0098 	lw	s8,152(sp)
    b7d4:	8fb70094 	lw	s7,148(sp)
    b7d8:	8fb60090 	lw	s6,144(sp)
    b7dc:	8fb5008c 	lw	s5,140(sp)
    b7e0:	8fb40088 	lw	s4,136(sp)
    b7e4:	8fb30084 	lw	s3,132(sp)
    b7e8:	8fb20080 	lw	s2,128(sp)
    b7ec:	8fb1007c 	lw	s1,124(sp)
    b7f0:	8fb00078 	lw	s0,120(sp)
    b7f4:	03e00008 	jr	ra
    b7f8:	27bd00a0 	addiu	sp,sp,160
    b7fc:	38660005 	xori	a2,v1,0x5
    b800:	0011402b 	sltu	t0,zero,s1
    b804:	2cc60001 	sltiu	a2,a2,1
    b808:	14c0ffd2 	bnez	a2,b754 <main@@Base+0x9414>
    b80c:	25080001 	addiu	t0,t0,1
    b810:	12200008 	beqz	s1,b834 <main@@Base+0x94f4>
    b814:	00000000 	nop
    b818:	38460001 	xori	a2,v0,0x1
    b81c:	38420014 	xori	v0,v0,0x14
    b820:	2cc60001 	sltiu	a2,a2,1
    b824:	2c420001 	sltiu	v0,v0,1
    b828:	24080002 	li	t0,2
    b82c:	1000ffc9 	b	b754 <main@@Base+0x9414>
    b830:	00c23025 	or	a2,a2,v0
    b834:	38630001 	xori	v1,v1,0x1
    b838:	24080001 	li	t0,1
    b83c:	1000ffc5 	b	b754 <main@@Base+0x9414>
    b840:	2c660001 	sltiu	a2,v1,1
    b844:	93c2003d 	lbu	v0,61(s8)
    b848:	93c3003c 	lbu	v1,60(s8)
    b84c:	00021140 	sll	v0,v0,0x5
    b850:	000319c0 	sll	v1,v1,0x7
    b854:	00431025 	or	v0,v0,v1
    b858:	93c3003e 	lbu	v1,62(s8)
    b85c:	00431025 	or	v0,v0,v1
    b860:	1000ffc6 	b	b77c <main@@Base+0x943c>
    b864:	a0e20000 	sb	v0,0(a3)
    b868:	27396d98 	addiu	t9,t9,28056
    b86c:	0411ed4a 	bal	6d98 <main@@Base+0x4a58>
    b870:	00000000 	nop
    b874:	8fdc0030 	lw	gp,48(s8)
    b878:	1000ffc0 	b	b77c <main@@Base+0x943c>
    b87c:	a4e20000 	sh	v0,0(a3)
    b880:	8f998120 	lw	t9,-32480(gp)
    b884:	24060010 	li	a2,16
    b888:	27c500a8 	addiu	a1,s8,168
    b88c:	27c40058 	addiu	a0,s8,88
    b890:	0320f809 	jalr	t9
    b894:	0000b825 	move	s7,zero
    b898:	27c500b8 	addiu	a1,s8,184
    b89c:	8fdc0030 	lw	gp,48(s8)
    b8a0:	24060010 	li	a2,16
    b8a4:	27c40048 	addiu	a0,s8,72
    b8a8:	8f998120 	lw	t9,-32480(gp)
    b8ac:	0320f809 	jalr	t9
    b8b0:	0000b025 	move	s6,zero
    b8b4:	24020003 	li	v0,3
    b8b8:	3a230001 	xori	v1,s1,0x1
    b8bc:	8fdc0030 	lw	gp,48(s8)
    b8c0:	0003100b 	movn	v0,zero,v1
    b8c4:	24030002 	li	v1,2
    b8c8:	27a90018 	addiu	t1,sp,24
    b8cc:	8fd500c0 	lw	s5,192(s8)
    b8d0:	0071100a 	movz	v0,v1,s1
    b8d4:	0050182b 	sltu	v1,v0,s0
    b8d8:	0003100a 	movz	v0,zero,v1
    b8dc:	02028023 	subu	s0,s0,v0
    b8e0:	020001f4 	teq	s0,zero,0x7
    b8e4:	0270001b 	divu	zero,s3,s0
    b8e8:	00002810 	mfhi	a1
    b8ec:	02651823 	subu	v1,s3,a1
    b8f0:	020001f4 	teq	s0,zero,0x7
    b8f4:	0070001b 	divu	zero,v1,s0
    b8f8:	0000a012 	mflo	s4
    b8fc:	2688ffff 	addiu	t0,s4,-1
    b900:	16960021 	bne	s4,s6,b988 <main@@Base+0x9648>
    b904:	00000000 	nop
    b908:	10a0ffaf 	beqz	a1,b7c8 <main@@Base+0x9488>
    b90c:	7214a002 	mul	s4,s0,s4
    b910:	8fc2004c 	lw	v0,76(s8)
    b914:	afd10048 	sw	s1,72(s8)
    b918:	0070802b 	sltu	s0,v1,s0
    b91c:	afd10038 	sw	s1,56(s8)
    b920:	27a40018 	addiu	a0,sp,24
    b924:	afc2003c 	sw	v0,60(s8)
    b928:	27c50038 	addiu	a1,s8,56
    b92c:	02b41021 	addu	v0,s5,s4
    b930:	02749823 	subu	s3,s3,s4
    b934:	afc20040 	sw	v0,64(s8)
    b938:	24020001 	li	v0,1
    b93c:	afd30044 	sw	s3,68(s8)
    b940:	afa2002c 	sw	v0,44(sp)
    b944:	00001025 	move	v0,zero
    b948:	afb00028 	sw	s0,40(sp)
    b94c:	2c430010 	sltiu	v1,v0,16
    b950:	14600041 	bnez	v1,ba58 <main@@Base+0x9718>
    b954:	00a23021 	addu	a2,a1,v0
    b958:	8fc20060 	lw	v0,96(s8)
    b95c:	02402025 	move	a0,s2
    b960:	8f998038 	lw	t9,-32712(gp)
    b964:	afa20010 	sw	v0,16(sp)
    b968:	8fc20064 	lw	v0,100(s8)
    b96c:	2739b558 	addiu	t9,t9,-19112
    b970:	afa20014 	sw	v0,20(sp)
    b974:	8fc60058 	lw	a2,88(s8)
    b978:	0411fef7 	bal	b558 <main@@Base+0x9218>
    b97c:	8fc7005c 	lw	a3,92(s8)
    b980:	1000ff91 	b	b7c8 <main@@Base+0x9488>
    b984:	00000000 	nop
    b988:	14a00003 	bnez	a1,b998 <main@@Base+0x9658>
    b98c:	2ec60001 	sltiu	a2,s6,1
    b990:	12c80029 	beq	s6,t0,ba38 <main@@Base+0x96f8>
    b994:	24040001 	li	a0,1
    b998:	02171021 	addu	v0,s0,s7
    b99c:	00002025 	move	a0,zero
    b9a0:	8fc7004c 	lw	a3,76(s8)
    b9a4:	00571023 	subu	v0,v0,s7
    b9a8:	afd10048 	sw	s1,72(s8)
    b9ac:	afc20044 	sw	v0,68(s8)
    b9b0:	00001025 	move	v0,zero
    b9b4:	afc7003c 	sw	a3,60(s8)
    b9b8:	02b73821 	addu	a3,s5,s7
    b9bc:	afd10038 	sw	s1,56(s8)
    b9c0:	afc70040 	sw	a3,64(s8)
    b9c4:	afa4002c 	sw	a0,44(sp)
    b9c8:	afa60028 	sw	a2,40(sp)
    b9cc:	2c440010 	sltiu	a0,v0,16
    b9d0:	1480001b 	bnez	a0,ba40 <main@@Base+0x9700>
    b9d4:	27c60038 	addiu	a2,s8,56
    b9d8:	8fc20060 	lw	v0,96(s8)
    b9dc:	02402025 	move	a0,s2
    b9e0:	8f998038 	lw	t9,-32712(gp)
    b9e4:	afc90074 	sw	t1,116(s8)
    b9e8:	afc80070 	sw	t0,112(s8)
    b9ec:	afc5006c 	sw	a1,108(s8)
    b9f0:	2739b558 	addiu	t9,t9,-19112
    b9f4:	afc30068 	sw	v1,104(s8)
    b9f8:	afa20010 	sw	v0,16(sp)
    b9fc:	8fc20064 	lw	v0,100(s8)
    ba00:	afa20014 	sw	v0,20(sp)
    ba04:	8fc60058 	lw	a2,88(s8)
    ba08:	0411fed3 	bal	b558 <main@@Base+0x9218>
    ba0c:	8fc7005c 	lw	a3,92(s8)
    ba10:	2404ffff 	li	a0,-1
    ba14:	1044ff6c 	beq	v0,a0,b7c8 <main@@Base+0x9488>
    ba18:	8fdc0030 	lw	gp,48(s8)
    ba1c:	8fc90074 	lw	t1,116(s8)
    ba20:	02f0b821 	addu	s7,s7,s0
    ba24:	8fc80070 	lw	t0,112(s8)
    ba28:	26d60001 	addiu	s6,s6,1
    ba2c:	8fc5006c 	lw	a1,108(s8)
    ba30:	1000ffb3 	b	b900 <main@@Base+0x95c0>
    ba34:	8fc30068 	lw	v1,104(s8)
    ba38:	1000ffd9 	b	b9a0 <main@@Base+0x9660>
    ba3c:	00601025 	move	v0,v1
    ba40:	01222021 	addu	a0,t1,v0
    ba44:	00c23021 	addu	a2,a2,v0
    ba48:	24420004 	addiu	v0,v0,4
    ba4c:	8cc60000 	lw	a2,0(a2)
    ba50:	1000ffde 	b	b9cc <main@@Base+0x968c>
    ba54:	ac860000 	sw	a2,0(a0)
    ba58:	00821821 	addu	v1,a0,v0
    ba5c:	24420004 	addiu	v0,v0,4
    ba60:	8cc60000 	lw	a2,0(a2)
    ba64:	1000ffb9 	b	b94c <main@@Base+0x960c>
    ba68:	ac660000 	sw	a2,0(v1)
    ba6c:	3c1c0001 	lui	gp,0x1
    ba70:	279c5594 	addiu	gp,gp,21908
    ba74:	0399e021 	addu	gp,gp,t9
    ba78:	27bdfd48 	addiu	sp,sp,-696
    ba7c:	8f99831c 	lw	t9,-31972(gp)
    ba80:	00002825 	move	a1,zero
    ba84:	afbe02b0 	sw	s8,688(sp)
    ba88:	03a0f025 	move	s8,sp
    ba8c:	afb3029c 	sw	s3,668(sp)
    ba90:	afb20298 	sw	s2,664(sp)
    ba94:	afbc0030 	sw	gp,48(sp)
    ba98:	afbf02b4 	sw	ra,692(sp)
    ba9c:	afb702ac 	sw	s7,684(sp)
    baa0:	afb602a8 	sw	s6,680(sp)
    baa4:	afb502a4 	sw	s5,676(sp)
    baa8:	afb402a0 	sw	s4,672(sp)
    baac:	afb10294 	sw	s1,660(sp)
    bab0:	afb00290 	sw	s0,656(sp)
    bab4:	afc402b8 	sw	a0,696(s8)
    bab8:	27c40038 	addiu	a0,s8,56
    babc:	afc602c0 	sw	a2,704(s8)
    bac0:	24060218 	li	a2,536
    bac4:	afc702c4 	sw	a3,708(s8)
    bac8:	0320f809 	jalr	t9
    bacc:	8fd202d0 	lw	s2,720(s8)
    bad0:	8fd302d4 	lw	s3,724(s8)
    bad4:	2e620004 	sltiu	v0,s3,4
    bad8:	14400047 	bnez	v0,bbf8 <main@@Base+0x98b8>
    badc:	8fdc0030 	lw	gp,48(s8)
    bae0:	92430000 	lbu	v1,0(s2)
    bae4:	240200ff 	li	v0,255
    bae8:	14620043 	bne	v1,v0,bbf8 <main@@Base+0x98b8>
    baec:	240200d8 	li	v0,216
    baf0:	92430001 	lbu	v1,1(s2)
    baf4:	14620040 	bne	v1,v0,bbf8 <main@@Base+0x98b8>
    baf8:	00000000 	nop
    bafc:	0253a021 	addu	s4,s2,s3
    bb00:	26500002 	addiu	s0,s2,2
    bb04:	2697ffff 	addiu	s7,s4,-1
    bb08:	00003825 	move	a3,zero
    bb0c:	241600ff 	li	s6,255
    bb10:	241500d9 	li	s5,217
    bb14:	240800da 	li	t0,218
    bb18:	240a00db 	li	t2,219
    bb1c:	0217102b 	sltu	v0,s0,s7
    bb20:	10400035 	beqz	v0,bbf8 <main@@Base+0x98b8>
    bb24:	00000000 	nop
    bb28:	92020000 	lbu	v0,0(s0)
    bb2c:	14560032 	bne	v0,s6,bbf8 <main@@Base+0x98b8>
    bb30:	26050001 	addiu	a1,s0,1
    bb34:	12850030 	beq	s4,a1,bbf8 <main@@Base+0x98b8>
    bb38:	00000000 	nop
    bb3c:	90a40000 	lbu	a0,0(a1)
    bb40:	1096003a 	beq	a0,s6,bc2c <main@@Base+0x98ec>
    bb44:	24b00001 	addiu	s0,a1,1
    bb48:	1095fff4 	beq	a0,s5,bb1c <main@@Base+0x97dc>
    bb4c:	2c820002 	sltiu	v0,a0,2
    bb50:	1440fff2 	bnez	v0,bb1c <main@@Base+0x97dc>
    bb54:	24820030 	addiu	v0,a0,48
    bb58:	304200ff 	andi	v0,v0,0xff
    bb5c:	2c420008 	sltiu	v0,v0,8
    bb60:	1440ffee 	bnez	v0,bb1c <main@@Base+0x97dc>
    bb64:	02901023 	subu	v0,s4,s0
    bb68:	28420002 	slti	v0,v0,2
    bb6c:	14400022 	bnez	v0,bbf8 <main@@Base+0x98b8>
    bb70:	00000000 	nop
    bb74:	90a20002 	lbu	v0,2(a1)
    bb78:	90a60001 	lbu	a2,1(a1)
    bb7c:	00021200 	sll	v0,v0,0x8
    bb80:	00461025 	or	v0,v0,a2
    bb84:	7c0210a0 	wsbh	v0,v0
    bb88:	3042ffff 	andi	v0,v0,0xffff
    bb8c:	2c460002 	sltiu	a2,v0,2
    bb90:	14c00019 	bnez	a2,bbf8 <main@@Base+0x98b8>
    bb94:	00000000 	nop
    bb98:	02028021 	addu	s0,s0,v0
    bb9c:	0290302b 	sltu	a2,s4,s0
    bba0:	14c00015 	bnez	a2,bbf8 <main@@Base+0x98b8>
    bba4:	00000000 	nop
    bba8:	14880022 	bne	a0,t0,bc34 <main@@Base+0x98f4>
    bbac:	00000000 	nop
    bbb0:	02128023 	subu	s0,s0,s2
    bbb4:	2662ffff 	addiu	v0,s3,-1
    bbb8:	0202182b 	sltu	v1,s0,v0
    bbbc:	1060000e 	beqz	v1,bbf8 <main@@Base+0x98b8>
    bbc0:	2663fffe 	addiu	v1,s3,-2
    bbc4:	02432021 	addu	a0,s2,v1
    bbc8:	90850000 	lbu	a1,0(a0)
    bbcc:	240400ff 	li	a0,255
    bbd0:	14a40009 	bne	a1,a0,bbf8 <main@@Base+0x98b8>
    bbd4:	02421021 	addu	v0,s2,v0
    bbd8:	90440000 	lbu	a0,0(v0)
    bbdc:	240200d9 	li	v0,217
    bbe0:	14820005 	bne	a0,v0,bbf8 <main@@Base+0x98b8>
    bbe4:	00000000 	nop
    bbe8:	0070a823 	subu	s5,v1,s0
    bbec:	afd00248 	sw	s0,584(s8)
    bbf0:	14e0007d 	bnez	a3,bde8 <main@@Base+0x9aa8>
    bbf4:	afd5024c 	sw	s5,588(s8)
    bbf8:	03c0e825 	move	sp,s8
    bbfc:	8fdf02b4 	lw	ra,692(s8)
    bc00:	8fbe02b0 	lw	s8,688(sp)
    bc04:	8fb702ac 	lw	s7,684(sp)
    bc08:	8fb602a8 	lw	s6,680(sp)
    bc0c:	8fb502a4 	lw	s5,676(sp)
    bc10:	8fb402a0 	lw	s4,672(sp)
    bc14:	8fb3029c 	lw	s3,668(sp)
    bc18:	8fb20298 	lw	s2,664(sp)
    bc1c:	8fb10294 	lw	s1,660(sp)
    bc20:	8fb00290 	lw	s0,656(sp)
    bc24:	03e00008 	jr	ra
    bc28:	27bd02b8 	addiu	sp,sp,696
    bc2c:	1000ffc1 	b	bb34 <main@@Base+0x97f4>
    bc30:	02002825 	move	a1,s0
    bc34:	148a0032 	bne	a0,t2,bd00 <main@@Base+0x99c0>
    bc38:	2442fffe 	addiu	v0,v0,-2
    bc3c:	24a50003 	addiu	a1,a1,3
    bc40:	240c0040 	li	t4,64
    bc44:	00a28821 	addu	s1,a1,v0
    bc48:	00b1102b 	sltu	v0,a1,s1
    bc4c:	1040ffb3 	beqz	v0,bb1c <main@@Base+0x97dc>
    bc50:	24060080 	li	a2,128
    bc54:	90ab0000 	lbu	t3,0(a1)
    bc58:	24a50001 	addiu	a1,a1,1
    bc5c:	000b7102 	srl	t6,t3,0x4
    bc60:	02251023 	subu	v0,s1,a1
    bc64:	018e300a 	movz	a2,t4,t6
    bc68:	0046102b 	sltu	v0,v0,a2
    bc6c:	1440ffe2 	bnez	v0,bbf8 <main@@Base+0x98b8>
    bc70:	8fc40240 	lw	a0,576(s8)
    bc74:	00c41021 	addu	v0,a2,a0
    bc78:	2c420201 	sltiu	v0,v0,513
    bc7c:	1040ffde 	beqz	v0,bbf8 <main@@Base+0x98b8>
    bc80:	27c2003e 	addiu	v0,s8,62
    bc84:	8f998120 	lw	t9,-32480(gp)
    bc88:	afc60264 	sw	a2,612(s8)
    bc8c:	00442021 	addu	a0,v0,a0
    bc90:	afc50260 	sw	a1,608(s8)
    bc94:	afce0268 	sw	t6,616(s8)
    bc98:	afc70270 	sw	a3,624(s8)
    bc9c:	0320f809 	jalr	t9
    bca0:	afcb026c 	sw	t3,620(s8)
    bca4:	240c0040 	li	t4,64
    bca8:	8fc20240 	lw	v0,576(s8)
    bcac:	240d0001 	li	t5,1
    bcb0:	8fc60264 	lw	a2,612(s8)
    bcb4:	240800da 	li	t0,218
    bcb8:	8fce0268 	lw	t6,616(s8)
    bcbc:	240a00db 	li	t2,219
    bcc0:	8fdc0030 	lw	gp,48(s8)
    bcc4:	00461021 	addu	v0,v0,a2
    bcc8:	8fc50260 	lw	a1,608(s8)
    bccc:	8fc70270 	lw	a3,624(s8)
    bcd0:	11c00009 	beqz	t6,bcf8 <main@@Base+0x99b8>
    bcd4:	afc20240 	sw	v0,576(s8)
    bcd8:	8fcb026c 	lw	t3,620(s8)
    bcdc:	31620008 	andi	v0,t3,0x8
    bce0:	14400005 	bnez	v0,bcf8 <main@@Base+0x99b8>
    bce4:	93c20244 	lbu	v0,580(s8)
    bce8:	316b000f 	andi	t3,t3,0xf
    bcec:	016d5804 	sllv	t3,t5,t3
    bcf0:	01625825 	or	t3,t3,v0
    bcf4:	a3cb0244 	sb	t3,580(s8)
    bcf8:	1000ffd3 	b	bc48 <main@@Base+0x9908>
    bcfc:	00a62821 	addu	a1,a1,a2
    bd00:	240600c0 	li	a2,192
    bd04:	1486002c 	bne	a0,a2,bdb8 <main@@Base+0x9a78>
    bd08:	00000000 	nop
    bd0c:	28440006 	slti	a0,v0,6
    bd10:	1480ffb9 	bnez	a0,bbf8 <main@@Base+0x98b8>
    bd14:	00000000 	nop
    bd18:	90a60008 	lbu	a2,8(a1)
    bd1c:	24c4ffff 	addiu	a0,a2,-1
    bd20:	2c840004 	sltiu	a0,a0,4
    bd24:	1080ffb4 	beqz	a0,bbf8 <main@@Base+0x98b8>
    bd28:	00062040 	sll	a0,a2,0x1
    bd2c:	00862021 	addu	a0,a0,a2
    bd30:	24840006 	addiu	a0,a0,6
    bd34:	0044102b 	sltu	v0,v0,a0
    bd38:	1440ffaf 	bnez	v0,bbf8 <main@@Base+0x98b8>
    bd3c:	2cc60003 	sltiu	a2,a2,3
    bd40:	90a20005 	lbu	v0,5(a1)
    bd44:	90a40004 	lbu	a0,4(a1)
    bd48:	90a70006 	lbu	a3,6(a1)
    bd4c:	00021200 	sll	v0,v0,0x8
    bd50:	00441025 	or	v0,v0,a0
    bd54:	90a40007 	lbu	a0,7(a1)
    bd58:	7c0210a0 	wsbh	v0,v0
    bd5c:	00042200 	sll	a0,a0,0x8
    bd60:	3042ffff 	andi	v0,v0,0xffff
    bd64:	00872025 	or	a0,a0,a3
    bd68:	7c0420a0 	wsbh	a0,a0
    bd6c:	3084ffff 	andi	a0,a0,0xffff
    bd70:	2c8707f9 	sltiu	a3,a0,2041
    bd74:	7c8438c0 	ext	a0,a0,0x3,0x8
    bd78:	0007200a 	movz	a0,zero,a3
    bd7c:	a3c40039 	sb	a0,57(s8)
    bd80:	2c4407f9 	sltiu	a0,v0,2041
    bd84:	7c4238c0 	ext	v0,v0,0x3,0x8
    bd88:	0004100a 	movz	v0,zero,a0
    bd8c:	14c00008 	bnez	a2,bdb0 <main@@Base+0x9a70>
    bd90:	a3c2003a 	sb	v0,58(s8)
    bd94:	90a4000a 	lbu	a0,10(a1)
    bd98:	24020022 	li	v0,34
    bd9c:	14820004 	bne	a0,v0,bdb0 <main@@Base+0x9a70>
    bda0:	24020001 	li	v0,1
    bda4:	a3c20038 	sb	v0,56(s8)
    bda8:	1000ff5c 	b	bb1c <main@@Base+0x97dc>
    bdac:	24070001 	li	a3,1
    bdb0:	1000fffd 	b	bda8 <main@@Base+0x9a68>
    bdb4:	a3c00038 	sb	zero,56(s8)
    bdb8:	240600dd 	li	a2,221
    bdbc:	1486ff57 	bne	a0,a2,bb1c <main@@Base+0x97dc>
    bdc0:	28420002 	slti	v0,v0,2
    bdc4:	1440ff8c 	bnez	v0,bbf8 <main@@Base+0x98b8>
    bdc8:	00000000 	nop
    bdcc:	90a20004 	lbu	v0,4(a1)
    bdd0:	90a40003 	lbu	a0,3(a1)
    bdd4:	00021200 	sll	v0,v0,0x8
    bdd8:	00441025 	or	v0,v0,a0
    bddc:	7c0210a0 	wsbh	v0,v0
    bde0:	1000ff4e 	b	bb1c <main@@Base+0x97dc>
    bde4:	a7c2003c 	sh	v0,60(s8)
    bde8:	97c20240 	lhu	v0,576(s8)
    bdec:	8fd30240 	lw	s3,576(s8)
    bdf0:	7c0210a0 	wsbh	v0,v0
    bdf4:	1260ff80 	beqz	s3,bbf8 <main@@Base+0x98b8>
    bdf8:	afc2026c 	sw	v0,620(s8)
    bdfc:	97c2003c 	lhu	v0,60(s8)
    be00:	97d6003c 	lhu	s6,60(s8)
    be04:	7c0210a0 	wsbh	v0,v0
    be08:	12c00004 	beqz	s6,be1c <main@@Base+0x9adc>
    be0c:	afc20270 	sw	v0,624(s8)
    be10:	93c20038 	lbu	v0,56(s8)
    be14:	24420040 	addiu	v0,v0,64
    be18:	a3c20038 	sb	v0,56(s8)
    be1c:	3c0400ff 	lui	a0,0xff
    be20:	26a2ffff 	addiu	v0,s5,-1
    be24:	3484ffff 	ori	a0,a0,0xffff
    be28:	0044102b 	sltu	v0,v0,a0
    be2c:	1040ff72 	beqz	v0,bbf8 <main@@Base+0x98b8>
    be30:	2402000c 	li	v0,12
    be34:	8fc302b8 	lw	v1,696(s8)
    be38:	24110008 	li	s1,8
    be3c:	0056880b 	movn	s1,v0,s6
    be40:	26620004 	addiu	v0,s3,4
    be44:	8c630004 	lw	v1,4(v1)
    be48:	afc20264 	sw	v0,612(s8)
    be4c:	00511021 	addu	v0,v0,s1
    be50:	0043202b 	sltu	a0,v0,v1
    be54:	1080ff68 	beqz	a0,bbf8 <main@@Base+0x98b8>
    be58:	afc30260 	sw	v1,608(s8)
    be5c:	24420007 	addiu	v0,v0,7
    be60:	00001825 	move	v1,zero
    be64:	7c021004 	ins	v0,zero,0x0,0x3
    be68:	03a2e823 	subu	sp,sp,v0
    be6c:	27a20038 	addiu	v0,sp,56
    be70:	27ab003c 	addiu	t3,sp,60
    be74:	27b70030 	addiu	s7,sp,48
    be78:	0176100b 	movn	v0,t3,s6
    be7c:	0040a025 	move	s4,v0
    be80:	24420004 	addiu	v0,v0,4
    be84:	afc20268 	sw	v0,616(s8)
    be88:	8f828038 	lw	v0,-32712(gp)
    be8c:	2442aef4 	addiu	v0,v0,-20748
    be90:	afc20278 	sw	v0,632(s8)
    be94:	8fc20264 	lw	v0,612(s8)
    be98:	00605025 	move	t2,v1
    be9c:	a2e00000 	sb	zero,0(s7)
    bea0:	70e22002 	mul	a0,a3,v0
    bea4:	8fc20260 	lw	v0,608(s8)
    bea8:	00917821 	addu	t7,a0,s1
    beac:	004f6823 	subu	t5,v0,t7
    beb0:	02a31023 	subu	v0,s5,v1
    beb4:	004d202b 	sltu	a0,v0,t5
    beb8:	0044680b 	movn	t5,v0,a0
    bebc:	006d1821 	addu	v1,v1,t5
    bec0:	0075102b 	sltu	v0,v1,s5
    bec4:	afc20274 	sw	v0,628(s8)
    bec8:	38580001 	xori	t8,v0,0x1
    becc:	000a1402 	srl	v0,t2,0x10
    bed0:	a2e20001 	sb	v0,1(s7)
    bed4:	7c0a10a0 	wsbh	v0,t2
    bed8:	a6e20002 	sh	v0,2(s7)
    bedc:	93c20038 	lbu	v0,56(s8)
    bee0:	a2e20004 	sb	v0,4(s7)
    bee4:	2402ffff 	li	v0,-1
    bee8:	a2e20005 	sb	v0,5(s7)
    beec:	93c20039 	lbu	v0,57(s8)
    bef0:	a2e20006 	sb	v0,6(s7)
    bef4:	93c2003a 	lbu	v0,58(s8)
    bef8:	12c00005 	beqz	s6,bf10 <main@@Base+0x9bd0>
    befc:	a2e20007 	sb	v0,7(s7)
    bf00:	8fc20270 	lw	v0,624(s8)
    bf04:	a6e20008 	sh	v0,8(s7)
    bf08:	2402ffff 	li	v0,-1
    bf0c:	a6e2000a 	sh	v0,10(s7)
    bf10:	10e00014 	beqz	a3,bf64 <main@@Base+0x9c24>
    bf14:	93c20244 	lbu	v0,580(s8)
    bf18:	27c5003e 	addiu	a1,s8,62
    bf1c:	8f998120 	lw	t9,-32480(gp)
    bf20:	02603025 	move	a2,s3
    bf24:	8fc40268 	lw	a0,616(s8)
    bf28:	a2820001 	sb	v0,1(s4)
    bf2c:	afcf028c 	sw	t7,652(s8)
    bf30:	afca0288 	sw	t2,648(s8)
    bf34:	afd80284 	sw	t8,644(s8)
    bf38:	afc30280 	sw	v1,640(s8)
    bf3c:	afcd027c 	sw	t5,636(s8)
    bf40:	a2800000 	sb	zero,0(s4)
    bf44:	8fc2026c 	lw	v0,620(s8)
    bf48:	0320f809 	jalr	t9
    bf4c:	a6820002 	sh	v0,2(s4)
    bf50:	8fcf028c 	lw	t7,652(s8)
    bf54:	8fca0288 	lw	t2,648(s8)
    bf58:	8fd80284 	lw	t8,644(s8)
    bf5c:	8fc30280 	lw	v1,640(s8)
    bf60:	8fcd027c 	lw	t5,636(s8)
    bf64:	020a5021 	addu	t2,s0,t2
    bf68:	afc3027c 	sw	v1,636(s8)
    bf6c:	afad0028 	sw	t5,40(sp)
    bf70:	024a5021 	addu	t2,s2,t2
    bf74:	afb7001c 	sw	s7,28(sp)
    bf78:	afaf0020 	sw	t7,32(sp)
    bf7c:	afaa0024 	sw	t2,36(sp)
    bf80:	afb80018 	sw	t8,24(sp)
    bf84:	8fc202c8 	lw	v0,712(s8)
    bf88:	afa20010 	sw	v0,16(sp)
    bf8c:	8fc202cc 	lw	v0,716(s8)
    bf90:	afa20014 	sw	v0,20(sp)
    bf94:	8fc202b8 	lw	v0,696(s8)
    bf98:	8fc602c0 	lw	a2,704(s8)
    bf9c:	8fc702c4 	lw	a3,708(s8)
    bfa0:	8fd90278 	lw	t9,632(s8)
    bfa4:	0320f809 	jalr	t9
    bfa8:	8c440000 	lw	a0,0(v0)
    bfac:	1440ff12 	bnez	v0,bbf8 <main@@Base+0x98b8>
    bfb0:	8fdc0030 	lw	gp,48(s8)
    bfb4:	8fc20274 	lw	v0,628(s8)
    bfb8:	00003825 	move	a3,zero
    bfbc:	1440ffb5 	bnez	v0,be94 <main@@Base+0x9b54>
    bfc0:	8fc3027c 	lw	v1,636(s8)
    bfc4:	1000ff0c 	b	bbf8 <main@@Base+0x98b8>
    bfc8:	00000000 	nop
    bfcc:	3c1c0001 	lui	gp,0x1
    bfd0:	279c5034 	addiu	gp,gp,20532
    bfd4:	0399e021 	addu	gp,gp,t9
    bfd8:	27bdff28 	addiu	sp,sp,-216
    bfdc:	248216b0 	addiu	v0,a0,5808
    bfe0:	afa2009c 	sw	v0,156(sp)
    bfe4:	8f828038 	lw	v0,-32712(gp)
    bfe8:	afb700cc 	sw	s7,204(sp)
    bfec:	0080b825 	move	s7,a0
    bff0:	afbc0028 	sw	gp,40(sp)
    bff4:	2442b348 	addiu	v0,v0,-19640
    bff8:	afbf00d4 	sw	ra,212(sp)
    bffc:	afbe00d0 	sw	s8,208(sp)
    c000:	afa200a0 	sw	v0,160(sp)
    c004:	8f828038 	lw	v0,-32712(gp)
    c008:	afb600c8 	sw	s6,200(sp)
    c00c:	afb500c4 	sw	s5,196(sp)
    c010:	2442ba6c 	addiu	v0,v0,-17812
    c014:	afb400c0 	sw	s4,192(sp)
    c018:	afb300bc 	sw	s3,188(sp)
    c01c:	afb200b8 	sw	s2,184(sp)
    c020:	afb100b4 	sw	s1,180(sp)
    c024:	afb000b0 	sw	s0,176(sp)
    c028:	afa200a4 	sw	v0,164(sp)
    c02c:	8f998160 	lw	t9,-32416(gp)
    c030:	0320f809 	jalr	t9
    c034:	26e41694 	addiu	a0,s7,5780
    c038:	8fbc0028 	lw	gp,40(sp)
    c03c:	8ee41690 	lw	a0,5776(s7)
    c040:	14800018 	bnez	a0,c0a4 <main@@Base+0x9d64>
    c044:	92e216e0 	lbu	v0,5856(s7)
    c048:	10400011 	beqz	v0,c090 <main@@Base+0x9d50>
    c04c:	8f99827c 	lw	t9,-32132(gp)
    c050:	8f998178 	lw	t9,-32392(gp)
    c054:	0320f809 	jalr	t9
    c058:	26e41694 	addiu	a0,s7,5780
    c05c:	00001025 	move	v0,zero
    c060:	8fbf00d4 	lw	ra,212(sp)
    c064:	8fbe00d0 	lw	s8,208(sp)
    c068:	8fb700cc 	lw	s7,204(sp)
    c06c:	8fb600c8 	lw	s6,200(sp)
    c070:	8fb500c4 	lw	s5,196(sp)
    c074:	8fb400c0 	lw	s4,192(sp)
    c078:	8fb300bc 	lw	s3,188(sp)
    c07c:	8fb200b8 	lw	s2,184(sp)
    c080:	8fb100b4 	lw	s1,180(sp)
    c084:	8fb000b0 	lw	s0,176(sp)
    c088:	03e00008 	jr	ra
    c08c:	27bd00d8 	addiu	sp,sp,216
    c090:	26e51694 	addiu	a1,s7,5780
    c094:	0320f809 	jalr	t9
    c098:	8fa4009c 	lw	a0,156(sp)
    c09c:	1000ffe7 	b	c03c <main@@Base+0x9cfc>
    c0a0:	8fbc0028 	lw	gp,40(sp)
    c0a4:	1440ffea 	bnez	v0,c050 <main@@Base+0x9d10>
    c0a8:	24020028 	li	v0,40
    c0ac:	8ee3168c 	lw	v1,5772(s7)
    c0b0:	2484ffff 	addiu	a0,a0,-1
    c0b4:	8f998178 	lw	t9,-32392(gp)
    c0b8:	70622802 	mul	a1,v1,v0
    c0bc:	00b71021 	addu	v0,a1,s7
    c0c0:	8c511188 	lw	s1,4488(v0)
    c0c4:	8c461198 	lw	a2,4504(v0)
    c0c8:	8c47119c 	lw	a3,4508(v0)
    c0cc:	8c50118c 	lw	s0,4492(v0)
    c0d0:	8c531190 	lw	s3,4496(v0)
    c0d4:	905511a0 	lbu	s5,4512(v0)
    c0d8:	8c5411a4 	lw	s4,4516(v0)
    c0dc:	ac401188 	sw	zero,4488(v0)
    c0e0:	24620001 	addiu	v0,v1,1
    c0e4:	24030020 	li	v1,32
    c0e8:	aee41690 	sw	a0,5776(s7)
    c0ec:	26e41694 	addiu	a0,s7,5780
    c0f0:	afa60090 	sw	a2,144(sp)
    c0f4:	006001f4 	teq	v1,zero,0x7
    c0f8:	0043001a 	div	zero,v0,v1
    c0fc:	afa70094 	sw	a3,148(sp)
    c100:	00001010 	mfhi	v0
    c104:	0320f809 	jalr	t9
    c108:	aee2168c 	sw	v0,5772(s7)
    c10c:	16a0012e 	bnez	s5,c5c8 <main@@Base+0xa288>
    c110:	8fbc0028 	lw	gp,40(sp)
    c114:	8ee200a0 	lw	v0,160(s7)
    c118:	10400056 	beqz	v0,c274 <main@@Base+0x9f34>
    c11c:	00000000 	nop
    c120:	0000000f 	sync
    c124:	92e200b0 	lbu	v0,176(s7)
    c128:	0000000f 	sync
    c12c:	304200ff 	andi	v0,v0,0xff
    c130:	1040004c 	beqz	v0,c264 <main@@Base+0x9f24>
    c134:	8f998150 	lw	t9,-32432(gp)
    c138:	8f998160 	lw	t9,-32416(gp)
    c13c:	0320f809 	jalr	t9
    c140:	26e41170 	addiu	a0,s7,4464
    c144:	8fbc0028 	lw	gp,40(sp)
    c148:	8ee400a0 	lw	a0,160(s7)
    c14c:	afa00078 	sw	zero,120(sp)
    c150:	1620000a 	bnez	s1,c17c <main@@Base+0x9e3c>
    c154:	afb30080 	sw	s3,128(sp)
    c158:	8f878038 	lw	a3,-32712(gp)
    c15c:	240601e4 	li	a2,484
    c160:	8f858038 	lw	a1,-32712(gp)
    c164:	8f848038 	lw	a0,-32712(gp)
    c168:	8f998170 	lw	t9,-32400(gp)
    c16c:	24e77640 	addiu	a3,a3,30272
    c170:	24a55814 	addiu	a1,a1,22548
    c174:	0320f809 	jalr	t9
    c178:	2484587c 	addiu	a0,a0,22652
    c17c:	8fa20084 	lw	v0,132(sp)
    c180:	00003025 	move	a2,zero
    c184:	8fa7007c 	lw	a3,124(sp)
    c188:	8fb900a4 	lw	t9,164(sp)
    c18c:	afa20014 	sw	v0,20(sp)
    c190:	afb10088 	sw	s1,136(sp)
    c194:	afb0008c 	sw	s0,140(sp)
    c198:	afb10018 	sw	s1,24(sp)
    c19c:	afb0001c 	sw	s0,28(sp)
    c1a0:	0320f809 	jalr	t9
    c1a4:	afb30010 	sw	s3,16(sp)
    c1a8:	24030001 	li	v1,1
    c1ac:	8ee20098 	lw	v0,152(s7)
    c1b0:	8fa40090 	lw	a0,144(sp)
    c1b4:	8fa50094 	lw	a1,148(sp)
    c1b8:	8fbc0028 	lw	gp,40(sp)
    c1bc:	ac530030 	sw	s3,48(v0)
    c1c0:	ac440038 	sw	a0,56(v0)
    c1c4:	ac45003c 	sw	a1,60(v0)
    c1c8:	a0430040 	sb	v1,64(v0)
    c1cc:	8ee20000 	lw	v0,0(s7)
    c1d0:	90421080 	lbu	v0,4224(v0)
    c1d4:	1040001f 	beqz	v0,c254 <main@@Base+0x9f14>
    c1d8:	8f998178 	lw	t9,-32392(gp)
    c1dc:	8f9981b4 	lw	t9,-32332(gp)
    c1e0:	0320f809 	jalr	t9
    c1e4:	00000000 	nop
    c1e8:	8ee400a4 	lw	a0,164(s7)
    c1ec:	00408025 	move	s0,v0
    c1f0:	8fbc0028 	lw	gp,40(sp)
    c1f4:	10800016 	beqz	a0,c250 <main@@Base+0x9f10>
    c1f8:	00609825 	move	s3,v1
    c1fc:	8ee300a8 	lw	v1,168(s7)
    c200:	8ee500ac 	lw	a1,172(s7)
    c204:	02031823 	subu	v1,s0,v1
    c208:	02652823 	subu	a1,s3,a1
    c20c:	0203102b 	sltu	v0,s0,v1
    c210:	00a22823 	subu	a1,a1,v0
    c214:	1ca00009 	bgtz	a1,c23c <main@@Base+0x9efc>
    c218:	8f99806c 	lw	t9,-32660(gp)
    c21c:	14a0000d 	bnez	a1,c254 <main@@Base+0x9f14>
    c220:	8f998178 	lw	t9,-32392(gp)
    c224:	3c02004c 	lui	v0,0x4c
    c228:	24424b41 	addiu	v0,v0,19265
    c22c:	0062182b 	sltu	v1,v1,v0
    c230:	14600008 	bnez	v1,c254 <main@@Base+0x9f14>
    c234:	00000000 	nop
    c238:	8f99806c 	lw	t9,-32660(gp)
    c23c:	0411187f 	bal	1243c <main@@Base+0x100fc>
    c240:	00000000 	nop
    c244:	8fbc0028 	lw	gp,40(sp)
    c248:	aef000a8 	sw	s0,168(s7)
    c24c:	aef300ac 	sw	s3,172(s7)
    c250:	8f998178 	lw	t9,-32392(gp)
    c254:	0320f809 	jalr	t9
    c258:	26e41170 	addiu	a0,s7,4464
    c25c:	8fbc0028 	lw	gp,40(sp)
    c260:	8f998150 	lw	t9,-32432(gp)
    c264:	0320f809 	jalr	t9
    c268:	02202025 	move	a0,s1
    c26c:	1000ff6f 	b	c02c <main@@Base+0x9cec>
    c270:	8fbc0028 	lw	gp,40(sp)
    c274:	8ee2009c 	lw	v0,156(s7)
    c278:	1040fffa 	beqz	v0,c264 <main@@Base+0x9f24>
    c27c:	8f998150 	lw	t9,-32432(gp)
    c280:	0000000f 	sync
    c284:	92e200b0 	lbu	v0,176(s7)
    c288:	0000000f 	sync
    c28c:	304200ff 	andi	v0,v0,0xff
    c290:	1040fff3 	beqz	v0,c260 <main@@Base+0x9f20>
    c294:	02308021 	addu	s0,s1,s0
    c298:	8ef60110 	lw	s6,272(s7)
    c29c:	0000a025 	move	s4,zero
    c2a0:	02201825 	move	v1,s1
    c2a4:	3ac20001 	xori	v0,s6,0x1
    c2a8:	2c420001 	sltiu	v0,v0,1
    c2ac:	24420001 	addiu	v0,v0,1
    c2b0:	afa20098 	sw	v0,152(sp)
    c2b4:	24640004 	addiu	a0,v1,4
    c2b8:	0090102b 	sltu	v0,a0,s0
    c2bc:	1440002e 	bnez	v0,c378 <main@@Base+0xa038>
    c2c0:	8f998160 	lw	t9,-32416(gp)
    c2c4:	0320f809 	jalr	t9
    c2c8:	26e41170 	addiu	a0,s7,4464
    c2cc:	24030001 	li	v1,1
    c2d0:	8ee20098 	lw	v0,152(s7)
    c2d4:	8fa40090 	lw	a0,144(sp)
    c2d8:	8fa50094 	lw	a1,148(sp)
    c2dc:	8fbc0028 	lw	gp,40(sp)
    c2e0:	ac530030 	sw	s3,48(v0)
    c2e4:	ac440038 	sw	a0,56(v0)
    c2e8:	ac45003c 	sw	a1,60(v0)
    c2ec:	a0430040 	sb	v1,64(v0)
    c2f0:	8ee20000 	lw	v0,0(s7)
    c2f4:	90421080 	lbu	v0,4224(v0)
    c2f8:	1040ffd6 	beqz	v0,c254 <main@@Base+0x9f14>
    c2fc:	8f998178 	lw	t9,-32392(gp)
    c300:	8f9981b4 	lw	t9,-32332(gp)
    c304:	0320f809 	jalr	t9
    c308:	00000000 	nop
    c30c:	8ee400a4 	lw	a0,164(s7)
    c310:	00409825 	move	s3,v0
    c314:	8fbc0028 	lw	gp,40(sp)
    c318:	1080ffcd 	beqz	a0,c250 <main@@Base+0x9f10>
    c31c:	0060a025 	move	s4,v1
    c320:	8ee300a8 	lw	v1,168(s7)
    c324:	8ee500ac 	lw	a1,172(s7)
    c328:	02631823 	subu	v1,s3,v1
    c32c:	02852823 	subu	a1,s4,a1
    c330:	0263102b 	sltu	v0,s3,v1
    c334:	00a22823 	subu	a1,a1,v0
    c338:	1ca00009 	bgtz	a1,c360 <main@@Base+0xa020>
    c33c:	8f99806c 	lw	t9,-32660(gp)
    c340:	14a0ffc4 	bnez	a1,c254 <main@@Base+0x9f14>
    c344:	8f998178 	lw	t9,-32392(gp)
    c348:	3c02004c 	lui	v0,0x4c
    c34c:	24424b41 	addiu	v0,v0,19265
    c350:	0062182b 	sltu	v1,v1,v0
    c354:	1460ffbf 	bnez	v1,c254 <main@@Base+0x9f14>
    c358:	00000000 	nop
    c35c:	8f99806c 	lw	t9,-32660(gp)
    c360:	04111836 	bal	1243c <main@@Base+0x100fc>
    c364:	00000000 	nop
    c368:	8fbc0028 	lw	gp,40(sp)
    c36c:	aef300a8 	sw	s3,168(s7)
    c370:	1000ffb7 	b	c250 <main@@Base+0x9f10>
    c374:	aef400ac 	sw	s4,172(s7)
    c378:	90620000 	lbu	v0,0(v1)
    c37c:	14400075 	bnez	v0,c554 <main@@Base+0xa214>
    c380:	247e0001 	addiu	s8,v1,1
    c384:	90620001 	lbu	v0,1(v1)
    c388:	14400072 	bnez	v0,c554 <main@@Base+0xa214>
    c38c:	00000000 	nop
    c390:	90620002 	lbu	v0,2(v1)
    c394:	1440006f 	bnez	v0,c554 <main@@Base+0xa214>
    c398:	24050001 	li	a1,1
    c39c:	90620003 	lbu	v0,3(v1)
    c3a0:	1445006c 	bne	v0,a1,c554 <main@@Base+0xa214>
    c3a4:	24660005 	addiu	a2,v1,5
    c3a8:	00c0f025 	move	s8,a2
    c3ac:	27c20003 	addiu	v0,s8,3
    c3b0:	0050102b 	sltu	v0,v0,s0
    c3b4:	14400069 	bnez	v0,c55c <main@@Base+0xa21c>
    c3b8:	8fa20098 	lw	v0,152(sp)
    c3bc:	0200f025 	move	s8,s0
    c3c0:	03c42023 	subu	a0,s8,a0
    c3c4:	0082102b 	sltu	v0,a0,v0
    c3c8:	14400062 	bnez	v0,c554 <main@@Base+0xa214>
    c3cc:	24050001 	li	a1,1
    c3d0:	90620004 	lbu	v0,4(v1)
    c3d4:	16c5006f 	bne	s6,a1,c594 <main@@Base+0xa254>
    c3d8:	000239c2 	srl	a3,v0,0x7
    c3dc:	90650005 	lbu	a1,5(v1)
    c3e0:	24660006 	addiu	a2,v1,6
    c3e4:	7c432840 	ext	v1,v0,0x1,0x6
    c3e8:	afb60058 	sw	s6,88(sp)
    c3ec:	00021140 	sll	v0,v0,0x5
    c3f0:	a3a7005c 	sb	a3,92(sp)
    c3f4:	a3a3005d 	sb	v1,93(sp)
    c3f8:	000518c2 	srl	v1,a1,0x3
    c3fc:	30420020 	andi	v0,v0,0x20
    c400:	00431025 	or	v0,v0,v1
    c404:	30a50007 	andi	a1,a1,0x7
    c408:	a3a2005e 	sb	v0,94(sp)
    c40c:	2484fffe 	addiu	a0,a0,-2
    c410:	a3a5005f 	sb	a1,95(sp)
    c414:	8f998160 	lw	t9,-32416(gp)
    c418:	afa40064 	sw	a0,100(sp)
    c41c:	26e41170 	addiu	a0,s7,4464
    c420:	0320f809 	jalr	t9
    c424:	afa60060 	sw	a2,96(sp)
    c428:	00001025 	move	v0,zero
    c42c:	8fbc0028 	lw	gp,40(sp)
    c430:	27a50018 	addiu	a1,sp,24
    c434:	8ee4009c 	lw	a0,156(s7)
    c438:	27a60058 	addiu	a2,sp,88
    c43c:	afa00068 	sw	zero,104(sp)
    c440:	afb30070 	sw	s3,112(sp)
    c444:	2c430010 	sltiu	v1,v0,16
    c448:	1460005a 	bnez	v1,c5b4 <main@@Base+0xa274>
    c44c:	00c23821 	addu	a3,a2,v0
    c450:	8fa20070 	lw	v0,112(sp)
    c454:	26940001 	addiu	s4,s4,1
    c458:	8f998038 	lw	t9,-32712(gp)
    c45c:	8fa60068 	lw	a2,104(sp)
    c460:	8fa7006c 	lw	a3,108(sp)
    c464:	afa20010 	sw	v0,16(sp)
    c468:	2739b6b4 	addiu	t9,t9,-18764
    c46c:	8fa20074 	lw	v0,116(sp)
    c470:	0411fc90 	bal	b6b4 <main@@Base+0x9374>
    c474:	afa20014 	sw	v0,20(sp)
    c478:	8fbc0028 	lw	gp,40(sp)
    c47c:	8f998178 	lw	t9,-32392(gp)
    c480:	0320f809 	jalr	t9
    c484:	26e41170 	addiu	a0,s7,4464
    c488:	2402000a 	li	v0,10
    c48c:	004001f4 	teq	v0,zero,0x7
    c490:	0282001a 	div	zero,s4,v0
    c494:	00001010 	mfhi	v0
    c498:	1440002e 	bnez	v0,c554 <main@@Base+0xa214>
    c49c:	8fbc0028 	lw	gp,40(sp)
    c4a0:	8f998160 	lw	t9,-32416(gp)
    c4a4:	0320f809 	jalr	t9
    c4a8:	26e41694 	addiu	a0,s7,5780
    c4ac:	27a50030 	addiu	a1,sp,48
    c4b0:	8fbc0028 	lw	gp,40(sp)
    c4b4:	8f998034 	lw	t9,-32716(gp)
    c4b8:	273954d0 	addiu	t9,t9,21712
    c4bc:	0411e404 	bal	54d0 <main@@Base+0x3190>
    c4c0:	26e41188 	addiu	a0,s7,4488
    c4c4:	26e41694 	addiu	a0,s7,5780
    c4c8:	8fbc0028 	lw	gp,40(sp)
    c4cc:	8f998178 	lw	t9,-32392(gp)
    c4d0:	0320f809 	jalr	t9
    c4d4:	afa200a8 	sw	v0,168(sp)
    c4d8:	8fa200a8 	lw	v0,168(sp)
    c4dc:	1040001d 	beqz	v0,c554 <main@@Base+0xa214>
    c4e0:	8fbc0028 	lw	gp,40(sp)
    c4e4:	8f998160 	lw	t9,-32416(gp)
    c4e8:	0320f809 	jalr	t9
    c4ec:	26e41170 	addiu	a0,s7,4464
    c4f0:	02e02025 	move	a0,s7
    c4f4:	8fbc0028 	lw	gp,40(sp)
    c4f8:	8fa20040 	lw	v0,64(sp)
    c4fc:	8fa60030 	lw	a2,48(sp)
    c500:	8fa30044 	lw	v1,68(sp)
    c504:	8f998038 	lw	t9,-32712(gp)
    c508:	8fa70034 	lw	a3,52(sp)
    c50c:	8fa5004c 	lw	a1,76(sp)
    c510:	afa20018 	sw	v0,24(sp)
    c514:	2739b348 	addiu	t9,t9,-19640
    c518:	afa3001c 	sw	v1,28(sp)
    c51c:	afa600a8 	sw	a2,168(sp)
    c520:	8fa20038 	lw	v0,56(sp)
    c524:	0411fb88 	bal	b348 <main@@Base+0x9008>
    c528:	afa20010 	sw	v0,16(sp)
    c52c:	8fbc0028 	lw	gp,40(sp)
    c530:	8f998178 	lw	t9,-32392(gp)
    c534:	0320f809 	jalr	t9
    c538:	26e41170 	addiu	a0,s7,4464
    c53c:	8fbc0028 	lw	gp,40(sp)
    c540:	8f998150 	lw	t9,-32432(gp)
    c544:	0320f809 	jalr	t9
    c548:	8fa400a8 	lw	a0,168(sp)
    c54c:	10000001 	b	c554 <main@@Base+0xa214>
    c550:	8fbc0028 	lw	gp,40(sp)
    c554:	1000ff57 	b	c2b4 <main@@Base+0x9f74>
    c558:	03c01825 	move	v1,s8
    c55c:	93c20000 	lbu	v0,0(s8)
    c560:	1440000a 	bnez	v0,c58c <main@@Base+0xa24c>
    c564:	00000000 	nop
    c568:	93c20001 	lbu	v0,1(s8)
    c56c:	14400007 	bnez	v0,c58c <main@@Base+0xa24c>
    c570:	00000000 	nop
    c574:	93c20002 	lbu	v0,2(s8)
    c578:	14400004 	bnez	v0,c58c <main@@Base+0xa24c>
    c57c:	00000000 	nop
    c580:	93c20003 	lbu	v0,3(s8)
    c584:	1045ff8e 	beq	v0,a1,c3c0 <main@@Base+0xa080>
    c588:	8fa20098 	lw	v0,152(sp)
    c58c:	1000ff87 	b	c3ac <main@@Base+0xa06c>
    c590:	27de0001 	addiu	s8,s8,1
    c594:	7c430940 	ext	v1,v0,0x5,0x2
    c598:	afa00058 	sw	zero,88(sp)
    c59c:	3042001f 	andi	v0,v0,0x1f
    c5a0:	a3a7005c 	sb	a3,92(sp)
    c5a4:	2484ffff 	addiu	a0,a0,-1
    c5a8:	a3a3005d 	sb	v1,93(sp)
    c5ac:	1000ff99 	b	c414 <main@@Base+0xa0d4>
    c5b0:	a3a2005e 	sb	v0,94(sp)
    c5b4:	00a21821 	addu	v1,a1,v0
    c5b8:	24420004 	addiu	v0,v0,4
    c5bc:	8ce70000 	lw	a3,0(a3)
    c5c0:	1000ffa0 	b	c444 <main@@Base+0xa104>
    c5c4:	ac670000 	sw	a3,0(v1)
    c5c8:	8f998160 	lw	t9,-32416(gp)
    c5cc:	0320f809 	jalr	t9
    c5d0:	26e41170 	addiu	a0,s7,4464
    c5d4:	02003825 	move	a3,s0
    c5d8:	8fa20090 	lw	v0,144(sp)
    c5dc:	02203025 	move	a2,s1
    c5e0:	8fa30094 	lw	v1,148(sp)
    c5e4:	02802825 	move	a1,s4
    c5e8:	8fb900a0 	lw	t9,160(sp)
    c5ec:	02e02025 	move	a0,s7
    c5f0:	afa20018 	sw	v0,24(sp)
    c5f4:	afa3001c 	sw	v1,28(sp)
    c5f8:	0320f809 	jalr	t9
    c5fc:	afb30010 	sw	s3,16(sp)
    c600:	1000ff13 	b	c250 <main@@Base+0x9f10>
    c604:	8fbc0028 	lw	gp,40(sp)
    c608:	3c1c0001 	lui	gp,0x1
    c60c:	279c49f8 	addiu	gp,gp,18936
    c610:	0399e021 	addu	gp,gp,t9
    c614:	27bdffc8 	addiu	sp,sp,-56
    c618:	8f998120 	lw	t9,-32480(gp)
    c61c:	24060018 	li	a2,24
    c620:	afa50020 	sw	a1,32(sp)
    c624:	27a50018 	addiu	a1,sp,24
    c628:	afbf0034 	sw	ra,52(sp)
    c62c:	afbc0010 	sw	gp,16(sp)
    c630:	afa40038 	sw	a0,56(sp)
    c634:	afa0001c 	sw	zero,28(sp)
    c638:	0320f809 	jalr	t9
    c63c:	afa00018 	sw	zero,24(sp)
    c640:	8fbf0034 	lw	ra,52(sp)
    c644:	8fa20038 	lw	v0,56(sp)
    c648:	03e00008 	jr	ra
    c64c:	27bd0038 	addiu	sp,sp,56
    c650:	3c1c0001 	lui	gp,0x1
    c654:	279c49b0 	addiu	gp,gp,18864
    c658:	0399e021 	addu	gp,gp,t9
    c65c:	27bdffd8 	addiu	sp,sp,-40
    c660:	8f998120 	lw	t9,-32480(gp)
    c664:	afb10020 	sw	s1,32(sp)
    c668:	00a08825 	move	s1,a1
    c66c:	afb0001c 	sw	s0,28(sp)
    c670:	00808025 	move	s0,a0
    c674:	afa5002c 	sw	a1,44(sp)
    c678:	24840004 	addiu	a0,a0,4
    c67c:	27a5002c 	addiu	a1,sp,44
    c680:	afa60030 	sw	a2,48(sp)
    c684:	afbf0024 	sw	ra,36(sp)
    c688:	afbc0010 	sw	gp,16(sp)
    c68c:	afa70034 	sw	a3,52(sp)
    c690:	0320f809 	jalr	t9
    c694:	24060014 	li	a2,20
    c698:	24020001 	li	v0,1
    c69c:	8fbf0024 	lw	ra,36(sp)
    c6a0:	ae020000 	sw	v0,0(s0)
    c6a4:	02001025 	move	v0,s0
    c6a8:	a2110004 	sb	s1,4(s0)
    c6ac:	8fb10020 	lw	s1,32(sp)
    c6b0:	8fb0001c 	lw	s0,28(sp)
    c6b4:	03e00008 	jr	ra
    c6b8:	27bd0028 	addiu	sp,sp,40
    c6bc:	3c1c0001 	lui	gp,0x1
    c6c0:	279c4944 	addiu	gp,gp,18756
    c6c4:	0399e021 	addu	gp,gp,t9
    c6c8:	27bdffc8 	addiu	sp,sp,-56
    c6cc:	afb30030 	sw	s3,48(sp)
    c6d0:	afb10028 	sw	s1,40(sp)
    c6d4:	00008825 	move	s1,zero
    c6d8:	afb2002c 	sw	s2,44(sp)
    c6dc:	00809025 	move	s2,a0
    c6e0:	afb00024 	sw	s0,36(sp)
    c6e4:	00808025 	move	s0,a0
    c6e8:	afbc0010 	sw	gp,16(sp)
    c6ec:	afbf0034 	sw	ra,52(sp)
    c6f0:	afa5003c 	sw	a1,60(sp)
    c6f4:	afa60040 	sw	a2,64(sp)
    c6f8:	8c930200 	lw	s3,512(a0)
    c6fc:	12710011 	beq	s3,s1,c744 <main@@Base+0xa404>
    c700:	00001025 	move	v0,zero
    c704:	8e420004 	lw	v0,4(s2)
    c708:	14c20015 	bne	a2,v0,c760 <main@@Base+0xa420>
    c70c:	8f998390 	lw	t9,-31856(gp)
    c710:	8e440000 	lw	a0,0(s2)
    c714:	afa70044 	sw	a3,68(sp)
    c718:	afa6001c 	sw	a2,28(sp)
    c71c:	0320f809 	jalr	t9
    c720:	afa50018 	sw	a1,24(sp)
    c724:	8fbc0010 	lw	gp,16(sp)
    c728:	8fa50018 	lw	a1,24(sp)
    c72c:	8fa6001c 	lw	a2,28(sp)
    c730:	1440000b 	bnez	v0,c760 <main@@Base+0xa420>
    c734:	8fa70044 	lw	a3,68(sp)
    c738:	14e0000c 	bnez	a3,c76c <main@@Base+0xa42c>
    c73c:	00000000 	nop
    c740:	24020001 	li	v0,1
    c744:	8fbf0034 	lw	ra,52(sp)
    c748:	8fb30030 	lw	s3,48(sp)
    c74c:	8fb2002c 	lw	s2,44(sp)
    c750:	8fb10028 	lw	s1,40(sp)
    c754:	8fb00024 	lw	s0,36(sp)
    c758:	03e00008 	jr	ra
    c75c:	27bd0038 	addiu	sp,sp,56
    c760:	26310001 	addiu	s1,s1,1
    c764:	1000ffe5 	b	c6fc <main@@Base+0xa3bc>
    c768:	26520010 	addiu	s2,s2,16
    c76c:	00118900 	sll	s1,s1,0x4
    c770:	02118021 	addu	s0,s0,s1
    c774:	8e020008 	lw	v0,8(s0)
    c778:	ace20000 	sw	v0,0(a3)
    c77c:	8e02000c 	lw	v0,12(s0)
    c780:	1000ffef 	b	c740 <main@@Base+0xa400>
    c784:	ace20004 	sw	v0,4(a3)
    c788:	3c1c0001 	lui	gp,0x1
    c78c:	279c4878 	addiu	gp,gp,18552
    c790:	0399e021 	addu	gp,gp,t9
    c794:	27bdeaf0 	addiu	sp,sp,-5392
    c798:	afb414f8 	sw	s4,5368(sp)
    c79c:	afa514c8 	sw	a1,5320(sp)
    c7a0:	afb514fc 	sw	s5,5372(sp)
    c7a4:	afb314f4 	sw	s3,5364(sp)
    c7a8:	00809825 	move	s3,a0
    c7ac:	8f948034 	lw	s4,-32716(gp)
    c7b0:	8f858038 	lw	a1,-32712(gp)
    c7b4:	8c950000 	lw	s5,0(a0)
    c7b8:	27a41488 	addiu	a0,sp,5256
    c7bc:	26946134 	addiu	s4,s4,24884
    c7c0:	afbf150c 	sw	ra,5388(sp)
    c7c4:	24a56274 	addiu	a1,a1,25204
    c7c8:	afbc0020 	sw	gp,32(sp)
    c7cc:	afbe1508 	sw	s8,5384(sp)
    c7d0:	0280c825 	move	t9,s4
    c7d4:	afb71504 	sw	s7,5380(sp)
    c7d8:	00c0b825 	move	s7,a2
    c7dc:	afb61500 	sw	s6,5376(sp)
    c7e0:	afb214f0 	sw	s2,5360(sp)
    c7e4:	afb114ec 	sw	s1,5356(sp)
    c7e8:	afb014e8 	sw	s0,5352(sp)
    c7ec:	8cd20008 	lw	s2,8(a2)
    c7f0:	0411e650 	bal	6134 <main@@Base+0x3df4>
    c7f4:	8cd1000c 	lw	s1,12(a2)
    c7f8:	27a413fc 	addiu	a0,sp,5116
    c7fc:	8fbc0020 	lw	gp,32(sp)
    c800:	02402825 	move	a1,s2
    c804:	8fb61488 	lw	s6,5256(sp)
    c808:	02203025 	move	a2,s1
    c80c:	8f908034 	lw	s0,-32716(gp)
    c810:	261060dc 	addiu	s0,s0,24796
    c814:	0200c825 	move	t9,s0
    c818:	0411e630 	bal	60dc <main@@Base+0x3d9c>
    c81c:	8fbe148c 	lw	s8,5260(sp)
    c820:	27a413f0 	addiu	a0,sp,5104
    c824:	03c03025 	move	a2,s8
    c828:	0200c825 	move	t9,s0
    c82c:	0411e62b 	bal	60dc <main@@Base+0x3d9c>
    c830:	02c02825 	move	a1,s6
    c834:	8fa213f4 	lw	v0,5108(sp)
    c838:	8fbc0020 	lw	gp,32(sp)
    c83c:	8fa713f0 	lw	a3,5104(sp)
    c840:	afa20010 	sw	v0,16(sp)
    c844:	8fa213f8 	lw	v0,5112(sp)
    c848:	8fa413fc 	lw	a0,5116(sp)
    c84c:	8fa51400 	lw	a1,5120(sp)
    c850:	8fa61404 	lw	a2,5124(sp)
    c854:	afa20014 	sw	v0,20(sp)
    c858:	8f828034 	lw	v0,-32716(gp)
    c85c:	24426184 	addiu	v0,v0,24964
    c860:	0040c825 	move	t9,v0
    c864:	0411e647 	bal	6184 <main@@Base+0x3e44>
    c868:	afa214d0 	sw	v0,5328(sp)
    c86c:	1440001f 	bnez	v0,c8ec <main@@Base+0xa5ac>
    c870:	8fbc0020 	lw	gp,32(sp)
    c874:	8f858038 	lw	a1,-32712(gp)
    c878:	27a41490 	addiu	a0,sp,5264
    c87c:	0280c825 	move	t9,s4
    c880:	0411e62c 	bal	6134 <main@@Base+0x3df4>
    c884:	24a5627c 	addiu	a1,a1,25212
    c888:	27a41414 	addiu	a0,sp,5140
    c88c:	8fb61490 	lw	s6,5264(sp)
    c890:	02203025 	move	a2,s1
    c894:	8fbe1494 	lw	s8,5268(sp)
    c898:	0200c825 	move	t9,s0
    c89c:	0411e60f 	bal	60dc <main@@Base+0x3d9c>
    c8a0:	02402825 	move	a1,s2
    c8a4:	27a41408 	addiu	a0,sp,5128
    c8a8:	03c03025 	move	a2,s8
    c8ac:	0200c825 	move	t9,s0
    c8b0:	0411e60a 	bal	60dc <main@@Base+0x3d9c>
    c8b4:	02c02825 	move	a1,s6
    c8b8:	8fa2140c 	lw	v0,5132(sp)
    c8bc:	8fa71408 	lw	a3,5128(sp)
    c8c0:	8fa41414 	lw	a0,5140(sp)
    c8c4:	8fa51418 	lw	a1,5144(sp)
    c8c8:	8fa6141c 	lw	a2,5148(sp)
    c8cc:	8fb914d0 	lw	t9,5328(sp)
    c8d0:	afa20010 	sw	v0,16(sp)
    c8d4:	8fa21410 	lw	v0,5136(sp)
    c8d8:	0320f809 	jalr	t9
    c8dc:	afa20014 	sw	v0,20(sp)
    c8e0:	8fbc0020 	lw	gp,32(sp)
    c8e4:	10400007 	beqz	v0,c904 <main@@Base+0xa5c4>
    c8e8:	afa214cc 	sw	v0,5324(sp)
    c8ec:	2622ffff 	addiu	v0,s1,-1
    c8f0:	2403002f 	li	v1,47
    c8f4:	044100de 	bgez	v0,cc70 <main@@Base+0xa930>
    c8f8:	02422021 	addu	a0,s2,v0
    c8fc:	24020001 	li	v0,1
    c900:	afa214cc 	sw	v0,5324(sp)
    c904:	8f828038 	lw	v0,-32712(gp)
    c908:	26be1088 	addiu	s8,s5,4232
    c90c:	0000b025 	move	s6,zero
    c910:	03c04025 	move	t0,s8
    c914:	2442628c 	addiu	v0,v0,25228
    c918:	afa214e0 	sw	v0,5344(sp)
    c91c:	92a21081 	lbu	v0,4225(s5)
    c920:	14400003 	bnez	v0,c930 <main@@Base+0xa5f0>
    c924:	2ac20006 	slti	v0,s6,6
    c928:	1040002e 	beqz	v0,c9e4 <main@@Base+0xa6a4>
    c92c:	00000000 	nop
    c930:	81020000 	lb	v0,0(t0)
    c934:	1040002b 	beqz	v0,c9e4 <main@@Base+0xa6a4>
    c938:	8f99834c 	lw	t9,-31924(gp)
    c93c:	24050048 	li	a1,72
    c940:	8fa614e0 	lw	a2,5344(sp)
    c944:	27a40028 	addiu	a0,sp,40
    c948:	01003825 	move	a3,t0
    c94c:	0320f809 	jalr	t9
    c950:	afa814d8 	sw	t0,5336(sp)
    c954:	2c420048 	sltiu	v0,v0,72
    c958:	8fbc0020 	lw	gp,32(sp)
    c95c:	10400021 	beqz	v0,c9e4 <main@@Base+0xa6a4>
    c960:	8fa814d8 	lw	t0,5336(sp)
    c964:	27a50028 	addiu	a1,sp,40
    c968:	afa814e4 	sw	t0,5348(sp)
    c96c:	0280c825 	move	t9,s4
    c970:	0411e5f0 	bal	6134 <main@@Base+0x3df4>
    c974:	27a41480 	addiu	a0,sp,5248
    c978:	27a413e4 	addiu	a0,sp,5092
    c97c:	8fa21480 	lw	v0,5248(sp)
    c980:	02203025 	move	a2,s1
    c984:	02402825 	move	a1,s2
    c988:	0200c825 	move	t9,s0
    c98c:	afa214d8 	sw	v0,5336(sp)
    c990:	8fa21484 	lw	v0,5252(sp)
    c994:	0411e5d1 	bal	60dc <main@@Base+0x3d9c>
    c998:	afa214dc 	sw	v0,5340(sp)
    c99c:	27a413d8 	addiu	a0,sp,5080
    c9a0:	8fa614dc 	lw	a2,5340(sp)
    c9a4:	0200c825 	move	t9,s0
    c9a8:	0411e5cc 	bal	60dc <main@@Base+0x3d9c>
    c9ac:	8fa514d8 	lw	a1,5336(sp)
    c9b0:	8fa213dc 	lw	v0,5084(sp)
    c9b4:	8fa713d8 	lw	a3,5080(sp)
    c9b8:	8fa413e4 	lw	a0,5092(sp)
    c9bc:	8fa513e8 	lw	a1,5096(sp)
    c9c0:	8fa613ec 	lw	a2,5100(sp)
    c9c4:	8fb914d0 	lw	t9,5328(sp)
    c9c8:	afa20010 	sw	v0,16(sp)
    c9cc:	8fa213e0 	lw	v0,5088(sp)
    c9d0:	0320f809 	jalr	t9
    c9d4:	afa20014 	sw	v0,20(sp)
    c9d8:	8fbc0020 	lw	gp,32(sp)
    c9dc:	144000ac 	bnez	v0,cc90 <main@@Base+0xa950>
    c9e0:	8fa814e4 	lw	t0,5348(sp)
    c9e4:	26d60001 	addiu	s6,s6,1
    c9e8:	24020008 	li	v0,8
    c9ec:	16c2ffcb 	bne	s6,v0,c91c <main@@Base+0xa5dc>
    c9f0:	25080040 	addiu	t0,t0,64
    c9f4:	8f888028 	lw	t0,-32728(gp)
    c9f8:	0000b025 	move	s6,zero
    c9fc:	24090008 	li	t1,8
    ca00:	25088ed4 	addiu	t0,t0,-28972
    ca04:	92a21081 	lbu	v0,4225(s5)
    ca08:	14400003 	bnez	v0,ca18 <main@@Base+0xa6d8>
    ca0c:	2ac20006 	slti	v0,s6,6
    ca10:	10400024 	beqz	v0,caa4 <main@@Base+0xa764>
    ca14:	00000000 	nop
    ca18:	83c20000 	lb	v0,0(s8)
    ca1c:	14400021 	bnez	v0,caa4 <main@@Base+0xa764>
    ca20:	27a41498 	addiu	a0,sp,5272
    ca24:	8d050000 	lw	a1,0(t0)
    ca28:	0280c825 	move	t9,s4
    ca2c:	0411e5c1 	bal	6134 <main@@Base+0x3df4>
    ca30:	afa814e0 	sw	t0,5344(sp)
    ca34:	27a4142c 	addiu	a0,sp,5164
    ca38:	8fa21498 	lw	v0,5272(sp)
    ca3c:	02203025 	move	a2,s1
    ca40:	02402825 	move	a1,s2
    ca44:	0200c825 	move	t9,s0
    ca48:	afa214d8 	sw	v0,5336(sp)
    ca4c:	8fa2149c 	lw	v0,5276(sp)
    ca50:	0411e5a2 	bal	60dc <main@@Base+0x3d9c>
    ca54:	afa214dc 	sw	v0,5340(sp)
    ca58:	27a41420 	addiu	a0,sp,5152
    ca5c:	8fa614dc 	lw	a2,5340(sp)
    ca60:	0200c825 	move	t9,s0
    ca64:	0411e59d 	bal	60dc <main@@Base+0x3d9c>
    ca68:	8fa514d8 	lw	a1,5336(sp)
    ca6c:	8fa21424 	lw	v0,5156(sp)
    ca70:	8fa71420 	lw	a3,5152(sp)
    ca74:	8fa4142c 	lw	a0,5164(sp)
    ca78:	8fa51430 	lw	a1,5168(sp)
    ca7c:	8fa61434 	lw	a2,5172(sp)
    ca80:	8fb914d0 	lw	t9,5328(sp)
    ca84:	afa20010 	sw	v0,16(sp)
    ca88:	8fa21428 	lw	v0,5160(sp)
    ca8c:	0320f809 	jalr	t9
    ca90:	afa20014 	sw	v0,20(sp)
    ca94:	24090008 	li	t1,8
    ca98:	8fbc0020 	lw	gp,32(sp)
    ca9c:	1440007c 	bnez	v0,cc90 <main@@Base+0xa950>
    caa0:	8fa814e0 	lw	t0,5344(sp)
    caa4:	26d60001 	addiu	s6,s6,1
    caa8:	27de0040 	addiu	s8,s8,64
    caac:	16c9ffd5 	bne	s6,t1,ca04 <main@@Base+0xa6c4>
    cab0:	25080004 	addiu	t0,t0,4
    cab4:	82a210c8 	lb	v0,4296(s5)
    cab8:	1440001d 	bnez	v0,cb30 <main@@Base+0xa7f0>
    cabc:	8f858038 	lw	a1,-32712(gp)
    cac0:	27a414a0 	addiu	a0,sp,5280
    cac4:	0280c825 	move	t9,s4
    cac8:	0411e59a 	bal	6134 <main@@Base+0x3df4>
    cacc:	24a56290 	addiu	a1,a1,25232
    cad0:	27a41444 	addiu	a0,sp,5188
    cad4:	8fb614a0 	lw	s6,5280(sp)
    cad8:	02203025 	move	a2,s1
    cadc:	8fbe14a4 	lw	s8,5284(sp)
    cae0:	0200c825 	move	t9,s0
    cae4:	0411e57d 	bal	60dc <main@@Base+0x3d9c>
    cae8:	02402825 	move	a1,s2
    caec:	27a41438 	addiu	a0,sp,5176
    caf0:	03c03025 	move	a2,s8
    caf4:	0200c825 	move	t9,s0
    caf8:	0411e578 	bal	60dc <main@@Base+0x3d9c>
    cafc:	02c02825 	move	a1,s6
    cb00:	8fa2143c 	lw	v0,5180(sp)
    cb04:	8fa71438 	lw	a3,5176(sp)
    cb08:	8fa41444 	lw	a0,5188(sp)
    cb0c:	8fa51448 	lw	a1,5192(sp)
    cb10:	8fa6144c 	lw	a2,5196(sp)
    cb14:	8fb914d0 	lw	t9,5328(sp)
    cb18:	afa20010 	sw	v0,16(sp)
    cb1c:	8fa21440 	lw	v0,5184(sp)
    cb20:	0320f809 	jalr	t9
    cb24:	afa20014 	sw	v0,20(sp)
    cb28:	14400083 	bnez	v0,cd38 <main@@Base+0xa9f8>
    cb2c:	8fbc0020 	lw	gp,32(sp)
    cb30:	82a21088 	lb	v0,4232(s5)
    cb34:	1440003e 	bnez	v0,cc30 <main@@Base+0xa8f0>
    cb38:	8f868038 	lw	a2,-32712(gp)
    cb3c:	8f858038 	lw	a1,-32712(gp)
    cb40:	27a414a8 	addiu	a0,sp,5288
    cb44:	0280c825 	move	t9,s4
    cb48:	0411e57a 	bal	6134 <main@@Base+0x3df4>
    cb4c:	24a56298 	addiu	a1,a1,25240
    cb50:	27a4145c 	addiu	a0,sp,5212
    cb54:	8fbe14a8 	lw	s8,5288(sp)
    cb58:	02203025 	move	a2,s1
    cb5c:	8fb514ac 	lw	s5,5292(sp)
    cb60:	0200c825 	move	t9,s0
    cb64:	0411e55d 	bal	60dc <main@@Base+0x3d9c>
    cb68:	02402825 	move	a1,s2
    cb6c:	27a41450 	addiu	a0,sp,5200
    cb70:	02a03025 	move	a2,s5
    cb74:	0200c825 	move	t9,s0
    cb78:	0411e558 	bal	60dc <main@@Base+0x3d9c>
    cb7c:	03c02825 	move	a1,s8
    cb80:	8fa21454 	lw	v0,5204(sp)
    cb84:	8fa71450 	lw	a3,5200(sp)
    cb88:	8fa4145c 	lw	a0,5212(sp)
    cb8c:	8fa51460 	lw	a1,5216(sp)
    cb90:	8fa61464 	lw	a2,5220(sp)
    cb94:	8fb914d0 	lw	t9,5328(sp)
    cb98:	afa20010 	sw	v0,16(sp)
    cb9c:	8fa21458 	lw	v0,5208(sp)
    cba0:	0320f809 	jalr	t9
    cba4:	afa20014 	sw	v0,20(sp)
    cba8:	14400038 	bnez	v0,cc8c <main@@Base+0xa94c>
    cbac:	8fbc0020 	lw	gp,32(sp)
    cbb0:	8f858038 	lw	a1,-32712(gp)
    cbb4:	27a414b0 	addiu	a0,sp,5296
    cbb8:	0280c825 	move	t9,s4
    cbbc:	0411e55d 	bal	6134 <main@@Base+0x3df4>
    cbc0:	24a575f4 	addiu	a1,a1,30196
    cbc4:	27a41474 	addiu	a0,sp,5236
    cbc8:	8fbe14b0 	lw	s8,5296(sp)
    cbcc:	02203025 	move	a2,s1
    cbd0:	8fb514b4 	lw	s5,5300(sp)
    cbd4:	0200c825 	move	t9,s0
    cbd8:	0411e540 	bal	60dc <main@@Base+0x3d9c>
    cbdc:	02402825 	move	a1,s2
    cbe0:	27a41468 	addiu	a0,sp,5224
    cbe4:	02a03025 	move	a2,s5
    cbe8:	0200c825 	move	t9,s0
    cbec:	0411e53b 	bal	60dc <main@@Base+0x3d9c>
    cbf0:	03c02825 	move	a1,s8
    cbf4:	8fa2146c 	lw	v0,5228(sp)
    cbf8:	8fa71468 	lw	a3,5224(sp)
    cbfc:	8fa41474 	lw	a0,5236(sp)
    cc00:	8fa51478 	lw	a1,5240(sp)
    cc04:	8fa6147c 	lw	a2,5244(sp)
    cc08:	8fb914d0 	lw	t9,5328(sp)
    cc0c:	afa20010 	sw	v0,16(sp)
    cc10:	8fa21470 	lw	v0,5232(sp)
    cc14:	0320f809 	jalr	t9
    cc18:	afa20014 	sw	v0,20(sp)
    cc1c:	1440001b 	bnez	v0,cc8c <main@@Base+0xa94c>
    cc20:	8fbc0020 	lw	gp,32(sp)
    cc24:	8fa214cc 	lw	v0,5324(sp)
    cc28:	14400018 	bnez	v0,cc8c <main@@Base+0xa94c>
    cc2c:	8f868038 	lw	a2,-32712(gp)
    cc30:	24c662a0 	addiu	a2,a2,25248
    cc34:	8fa414c8 	lw	a0,5320(sp)
    cc38:	24050194 	li	a1,404
    cc3c:	8fbf150c 	lw	ra,5388(sp)
    cc40:	8fbe1508 	lw	s8,5384(sp)
    cc44:	8fb71504 	lw	s7,5380(sp)
    cc48:	8fb61500 	lw	s6,5376(sp)
    cc4c:	8fb514fc 	lw	s5,5372(sp)
    cc50:	8fb414f8 	lw	s4,5368(sp)
    cc54:	8fb314f4 	lw	s3,5364(sp)
    cc58:	8fb214f0 	lw	s2,5360(sp)
    cc5c:	8fb114ec 	lw	s1,5356(sp)
    cc60:	8fb014e8 	lw	s0,5352(sp)
    cc64:	8f99804c 	lw	t9,-32692(gp)
    cc68:	1000157a 	b	12254 <main@@Base+0xff14>
    cc6c:	27bd1510 	addiu	sp,sp,5392
    cc70:	80840000 	lb	a0,0(a0)
    cc74:	10830003 	beq	a0,v1,cc84 <main@@Base+0xa944>
    cc78:	00000000 	nop
    cc7c:	1000ff1d 	b	c8f4 <main@@Base+0xa5b4>
    cc80:	2442ffff 	addiu	v0,v0,-1
    cc84:	1000ff1d 	b	c8fc <main@@Base+0xa5bc>
    cc88:	00408825 	move	s1,v0
    cc8c:	0000b025 	move	s6,zero
    cc90:	00168a40 	sll	s1,s6,0x9
    cc94:	8e720000 	lw	s2,0(s3)
    cc98:	ae76010c 	sw	s6,268(s3)
    cc9c:	2ac20006 	slti	v0,s6,6
    cca0:	26240074 	addiu	a0,s1,116
    cca4:	0000000f 	sync
    cca8:	02442021 	addu	a0,s2,a0
    ccac:	8c9e0000 	lw	s8,0(a0)
    ccb0:	0000000f 	sync
    ccb4:	14400025 	bnez	v0,cd4c <main@@Base+0xaa0c>
    ccb8:	00000000 	nop
    ccbc:	0000000f 	sync
    ccc0:	8c820000 	lw	v0,0(a0)
    ccc4:	0000000f 	sync
    ccc8:	2c4207f9 	sltiu	v0,v0,2041
    cccc:	1440001f 	bnez	v0,cd4c <main@@Base+0xaa0c>
    ccd0:	24020006 	li	v0,6
    ccd4:	16c2001a 	bne	s6,v0,cd40 <main@@Base+0xaa00>
    ccd8:	8f828038 	lw	v0,-32712(gp)
    ccdc:	2442624c 	addiu	v0,v0,25164
    cce0:	0000000f 	sync
    cce4:	8f878038 	lw	a3,-32712(gp)
    cce8:	02519021 	addu	s2,s2,s1
    ccec:	8c830000 	lw	v1,0(a0)
    ccf0:	0000000f 	sync
    ccf4:	8f858038 	lw	a1,-32712(gp)
    ccf8:	0000000f 	sync
    ccfc:	8f998224 	lw	t9,-32220(gp)
    cd00:	8e440078 	lw	a0,120(s2)
    cd04:	2406013e 	li	a2,318
    cd08:	0000000f 	sync
    cd0c:	afa30014 	sw	v1,20(sp)
    cd10:	24e762b8 	addiu	a3,a3,25272
    cd14:	afa20010 	sw	v0,16(sp)
    cd18:	afa40018 	sw	a0,24(sp)
    cd1c:	24a55b6c 	addiu	a1,a1,23404
    cd20:	0320f809 	jalr	t9
    cd24:	24040002 	li	a0,2
    cd28:	8fbc0020 	lw	gp,32(sp)
    cd2c:	8f868038 	lw	a2,-32712(gp)
    cd30:	1000ffc0 	b	cc34 <main@@Base+0xa8f4>
    cd34:	24c6632c 	addiu	a2,a2,25388
    cd38:	1000ffd5 	b	cc90 <main@@Base+0xa950>
    cd3c:	24160001 	li	s6,1
    cd40:	8f828038 	lw	v0,-32712(gp)
    cd44:	1000ffe6 	b	cce0 <main@@Base+0xa9a0>
    cd48:	24426254 	addiu	v0,v0,25172
    cd4c:	8e620000 	lw	v0,0(s3)
    cd50:	8c44000c 	lw	a0,12(v0)
    cd54:	8e62010c 	lw	v0,268(s3)
    cd58:	14400014 	bnez	v0,cdac <main@@Base+0xaa6c>
    cd5c:	8f858038 	lw	a1,-32712(gp)
    cd60:	8f858038 	lw	a1,-32712(gp)
    cd64:	3c07002d 	lui	a3,0x2d
    cd68:	34e7c6c0 	ori	a3,a3,0xc6c0
    cd6c:	24a56260 	addiu	a1,a1,25184
    cd70:	8f828038 	lw	v0,-32712(gp)
    cd74:	8f998138 	lw	t9,-32456(gp)
    cd78:	2446634c 	addiu	a2,v0,25420
    cd7c:	0320f809 	jalr	t9
    cd80:	afa214d0 	sw	v0,5328(sp)
    cd84:	8fbc0020 	lw	gp,32(sp)
    cd88:	17c0000c 	bnez	s8,cdbc <main@@Base+0xaa7c>
    cd8c:	0040b025 	move	s6,v0
    cd90:	8e620000 	lw	v0,0(s3)
    cd94:	90421068 	lbu	v0,4200(v0)
    cd98:	14400009 	bnez	v0,cdc0 <main@@Base+0xaa80>
    cd9c:	8f99831c 	lw	t9,-31972(gp)
    cda0:	8f868038 	lw	a2,-32712(gp)
    cda4:	1000ffa3 	b	cc34 <main@@Base+0xa8f4>
    cda8:	24c66354 	addiu	a2,a2,25428
    cdac:	3c07000f 	lui	a3,0xf
    cdb0:	24e74240 	addiu	a3,a3,16960
    cdb4:	1000ffee 	b	cd70 <main@@Base+0xaa30>
    cdb8:	24a56268 	addiu	a1,a1,25192
    cdbc:	8f99831c 	lw	t9,-31972(gp)
    cdc0:	24060c00 	li	a2,3072
    cdc4:	00002825 	move	a1,zero
    cdc8:	27a40028 	addiu	a0,sp,40
    cdcc:	0320f809 	jalr	t9
    cdd0:	27b50c28 	addiu	s5,sp,3112
    cdd4:	27a20028 	addiu	v0,sp,40
    cdd8:	8fbc0020 	lw	gp,32(sp)
    cddc:	24060008 	li	a2,8
    cde0:	afa214c0 	sw	v0,5312(sp)
    cde4:	27a413a8 	addiu	a0,sp,5032
    cde8:	8f828028 	lw	v0,-32728(gp)
    cdec:	8f858038 	lw	a1,-32712(gp)
    cdf0:	8f998120 	lw	t9,-32480(gp)
    cdf4:	24428ef4 	addiu	v0,v0,-28940
    cdf8:	24a5679c 	addiu	a1,a1,26524
    cdfc:	0320f809 	jalr	t9
    ce00:	afa214c4 	sw	v0,5316(sp)
    ce04:	24060026 	li	a2,38
    ce08:	8fbc0020 	lw	gp,32(sp)
    ce0c:	00002825 	move	a1,zero
    ce10:	8f99831c 	lw	t9,-31972(gp)
    ce14:	0320f809 	jalr	t9
    ce18:	27a413b0 	addiu	a0,sp,5040
    ce1c:	24020080 	li	v0,128
    ce20:	8fbc0020 	lw	gp,32(sp)
    ce24:	27a61028 	addiu	a2,sp,4136
    ce28:	8e640004 	lw	a0,4(s3)
    ce2c:	02a02825 	move	a1,s5
    ce30:	8f998264 	lw	t9,-32156(gp)
    ce34:	0320f809 	jalr	t9
    ce38:	afa21028 	sw	v0,4136(sp)
    ce3c:	14400007 	bnez	v0,ce5c <main@@Base+0xab1c>
    ce40:	8fbc0020 	lw	gp,32(sp)
    ce44:	8f998034 	lw	t9,-32716(gp)
    ce48:	27a513a8 	addiu	a1,sp,5032
    ce4c:	27395dfc 	addiu	t9,t9,24060
    ce50:	0411e3ea 	bal	5dfc <main@@Base+0x3abc>
    ce54:	02a02025 	move	a0,s5
    ce58:	8fbc0020 	lw	gp,32(sp)
    ce5c:	8f9981b4 	lw	t9,-32332(gp)
    ce60:	0320f809 	jalr	t9
    ce64:	00000000 	nop
    ce68:	24060076 	li	a2,118
    ce6c:	8fbc0020 	lw	gp,32(sp)
    ce70:	8fa414c0 	lw	a0,5312(sp)
    ce74:	8fa514c4 	lw	a1,5316(sp)
    ce78:	afa314d4 	sw	v1,5332(sp)
    ce7c:	8f908038 	lw	s0,-32712(gp)
    ce80:	8f878038 	lw	a3,-32712(gp)
    ce84:	afa214d0 	sw	v0,5328(sp)
    ce88:	2610a9f4 	addiu	s0,s0,-22028
    ce8c:	0200c825 	move	t9,s0
    ce90:	0411f6d8 	bal	a9f4 <main@@Base+0x86b4>
    ce94:	24e758cc 	addiu	a3,a3,22732
    ce98:	27a213a8 	addiu	v0,sp,5032
    ce9c:	8fbc0020 	lw	gp,32(sp)
    cea0:	2406006f 	li	a2,111
    cea4:	8fa314d4 	lw	v1,5332(sp)
    cea8:	0200c825 	move	t9,s0
    ceac:	8fa414c0 	lw	a0,5312(sp)
    ceb0:	8fa514c4 	lw	a1,5316(sp)
    ceb4:	8f878038 	lw	a3,-32712(gp)
    ceb8:	afa20018 	sw	v0,24(sp)
    cebc:	afa30014 	sw	v1,20(sp)
    cec0:	8fa214d0 	lw	v0,5328(sp)
    cec4:	24e7636c 	addiu	a3,a3,25452
    cec8:	0411f6ca 	bal	a9f4 <main@@Base+0x86b4>
    cecc:	afa20010 	sw	v0,16(sp)
    ced0:	24060073 	li	a2,115
    ced4:	8e620000 	lw	v0,0(s3)
    ced8:	0200c825 	move	t9,s0
    cedc:	8fbc0020 	lw	gp,32(sp)
    cee0:	8fa414c0 	lw	a0,5312(sp)
    cee4:	24421288 	addiu	v0,v0,4744
    cee8:	8fa514c4 	lw	a1,5316(sp)
    ceec:	afa20010 	sw	v0,16(sp)
    cef0:	8f828038 	lw	v0,-32712(gp)
    cef4:	2447637c 	addiu	a3,v0,25468
    cef8:	0411f6be 	bal	a9f4 <main@@Base+0x86b4>
    cefc:	afa214d0 	sw	v0,5328(sp)
    cf00:	24060074 	li	a2,116
    cf04:	8fbc0020 	lw	gp,32(sp)
    cf08:	0200c825 	move	t9,s0
    cf0c:	8fa414c0 	lw	a0,5312(sp)
    cf10:	8fa514c4 	lw	a1,5316(sp)
    cf14:	8f878038 	lw	a3,-32712(gp)
    cf18:	0411f6b6 	bal	a9f4 <main@@Base+0x86b4>
    cf1c:	24e76380 	addiu	a3,a3,25472
    cf20:	24060061 	li	a2,97
    cf24:	8fbc0020 	lw	gp,32(sp)
    cf28:	0200c825 	move	t9,s0
    cf2c:	8fa414c0 	lw	a0,5312(sp)
    cf30:	8fa514c4 	lw	a1,5316(sp)
    cf34:	8f878038 	lw	a3,-32712(gp)
    cf38:	0411f6ae 	bal	a9f4 <main@@Base+0x86b4>
    cf3c:	24e76384 	addiu	a3,a3,25476
    cf40:	24060061 	li	a2,97
    cf44:	8fbc0020 	lw	gp,32(sp)
    cf48:	0200c825 	move	t9,s0
    cf4c:	8fa414c0 	lw	a0,5312(sp)
    cf50:	8fa514c4 	lw	a1,5316(sp)
    cf54:	8f878038 	lw	a3,-32712(gp)
    cf58:	0411f6a6 	bal	a9f4 <main@@Base+0x86b4>
    cf5c:	24e76394 	addiu	a3,a3,25492
    cf60:	24060061 	li	a2,97
    cf64:	8fbc0020 	lw	gp,32(sp)
    cf68:	0200c825 	move	t9,s0
    cf6c:	8fa414c0 	lw	a0,5312(sp)
    cf70:	8fa514c4 	lw	a1,5316(sp)
    cf74:	8f878038 	lw	a3,-32712(gp)
    cf78:	0411f69e 	bal	a9f4 <main@@Base+0x86b4>
    cf7c:	24e763a4 	addiu	a3,a3,25508
    cf80:	24060061 	li	a2,97
    cf84:	8fbc0020 	lw	gp,32(sp)
    cf88:	0200c825 	move	t9,s0
    cf8c:	8fa414c0 	lw	a0,5312(sp)
    cf90:	8fa514c4 	lw	a1,5316(sp)
    cf94:	8f878038 	lw	a3,-32712(gp)
    cf98:	0411f696 	bal	a9f4 <main@@Base+0x86b4>
    cf9c:	24e763b0 	addiu	a3,a3,25520
    cfa0:	8e620000 	lw	v0,0(s3)
    cfa4:	804312c8 	lb	v1,4808(v0)
    cfa8:	1060000b 	beqz	v1,cfd8 <main@@Base+0xac98>
    cfac:	8fbc0020 	lw	gp,32(sp)
    cfb0:	244212c8 	addiu	v0,v0,4808
    cfb4:	8fa414c0 	lw	a0,5312(sp)
    cfb8:	8fa514c4 	lw	a1,5316(sp)
    cfbc:	24060069 	li	a2,105
    cfc0:	afa20010 	sw	v0,16(sp)
    cfc4:	0200c825 	move	t9,s0
    cfc8:	8f828038 	lw	v0,-32712(gp)
    cfcc:	0411f689 	bal	a9f4 <main@@Base+0x86b4>
    cfd0:	2447637c 	addiu	a3,v0,25468
    cfd4:	8fbc0020 	lw	gp,32(sp)
    cfd8:	13c00054 	beqz	s8,d12c <main@@Base+0xadec>
    cfdc:	240203e8 	li	v0,1000
    cfe0:	8f858038 	lw	a1,-32712(gp)
    cfe4:	0000000f 	sync
    cfe8:	004001f4 	teq	v0,zero,0x7
    cfec:	02c2001a 	div	zero,s6,v0
    cff0:	26220070 	addiu	v0,s1,112
    cff4:	02421021 	addu	v0,s2,v0
    cff8:	8c430000 	lw	v1,0(v0)
    cffc:	0000000f 	sync
    d000:	ae630110 	sw	v1,272(s3)
    d004:	2623007c 	addiu	v1,s1,124
    d008:	0000000f 	sync
    d00c:	8c440000 	lw	a0,0(v0)
    d010:	0243b021 	addu	s6,s2,v1
    d014:	24030002 	li	v1,2
    d018:	0000000f 	sync
    d01c:	afa514d0 	sw	a1,5328(sp)
    d020:	10830007 	beq	a0,v1,d040 <main@@Base+0xad00>
    d024:	0000f012 	mflo	s8
    d028:	0000000f 	sync
    d02c:	8c440000 	lw	a0,0(v0)
    d030:	24030003 	li	v1,3
    d034:	0000000f 	sync
    d038:	148300d8 	bne	a0,v1,d39c <main@@Base+0xb05c>
    d03c:	00000000 	nop
    d040:	8f828038 	lw	v0,-32712(gp)
    d044:	2411001a 	li	s1,26
    d048:	8fa414c0 	lw	a0,5312(sp)
    d04c:	2406006d 	li	a2,109
    d050:	8fa514c4 	lw	a1,5316(sp)
    d054:	0200c825 	move	t9,s0
    d058:	244763c0 	addiu	a3,v0,25536
    d05c:	0411f665 	bal	a9f4 <main@@Base+0x86b4>
    d060:	afb10010 	sw	s1,16(sp)
    d064:	24060063 	li	a2,99
    d068:	8fbc0020 	lw	gp,32(sp)
    d06c:	0200c825 	move	t9,s0
    d070:	8fa414c0 	lw	a0,5312(sp)
    d074:	8fa514c4 	lw	a1,5316(sp)
    d078:	8f828038 	lw	v0,-32712(gp)
    d07c:	0411f65d 	bal	a9f4 <main@@Base+0x86b4>
    d080:	244763d4 	addiu	a3,v0,25556
    d084:	24060062 	li	a2,98
    d088:	8fbc0020 	lw	gp,32(sp)
    d08c:	0200c825 	move	t9,s0
    d090:	8fa414c0 	lw	a0,5312(sp)
    d094:	8fa514c4 	lw	a1,5316(sp)
    d098:	afbe0010 	sw	s8,16(sp)
    d09c:	8f828038 	lw	v0,-32712(gp)
    d0a0:	0411f654 	bal	a9f4 <main@@Base+0x86b4>
    d0a4:	244763e4 	addiu	a3,v0,25572
    d0a8:	3c020001 	lui	v0,0x1
    d0ac:	8fbc0020 	lw	gp,32(sp)
    d0b0:	24425f90 	addiu	v0,v0,24464
    d0b4:	afb10010 	sw	s1,16(sp)
    d0b8:	afa20014 	sw	v0,20(sp)
    d0bc:	8f878038 	lw	a3,-32712(gp)
    d0c0:	24e763ec 	addiu	a3,a3,25580
    d0c4:	8fa414c0 	lw	a0,5312(sp)
    d0c8:	24060061 	li	a2,97
    d0cc:	0200c825 	move	t9,s0
    d0d0:	0411f648 	bal	a9f4 <main@@Base+0x86b4>
    d0d4:	8fa514c4 	lw	a1,5316(sp)
    d0d8:	8fbc0020 	lw	gp,32(sp)
    d0dc:	8f828038 	lw	v0,-32712(gp)
    d0e0:	24060061 	li	a2,97
    d0e4:	8fa414c0 	lw	a0,5312(sp)
    d0e8:	0200c825 	move	t9,s0
    d0ec:	8fa514c4 	lw	a1,5316(sp)
    d0f0:	0411f640 	bal	a9f4 <main@@Base+0x86b4>
    d0f4:	24476400 	addiu	a3,v0,25600
    d0f8:	24060061 	li	a2,97
    d0fc:	8fbc0020 	lw	gp,32(sp)
    d100:	0000000f 	sync
    d104:	8ec20000 	lw	v0,0(s6)
    d108:	0000000f 	sync
    d10c:	8fa414c0 	lw	a0,5312(sp)
    d110:	0200c825 	move	t9,s0
    d114:	8fa514c4 	lw	a1,5316(sp)
    d118:	afa20010 	sw	v0,16(sp)
    d11c:	8f828038 	lw	v0,-32712(gp)
    d120:	0411f634 	bal	a9f4 <main@@Base+0x86b4>
    d124:	24476410 	addiu	a3,v0,25616
    d128:	8fbc0020 	lw	gp,32(sp)
    d12c:	8e620000 	lw	v0,0(s3)
    d130:	90431068 	lbu	v1,4200(v0)
    d134:	10600039 	beqz	v1,d21c <main@@Base+0xaedc>
    d138:	00000000 	nop
    d13c:	0000000f 	sync
    d140:	8f998138 	lw	t9,-32456(gp)
    d144:	8c521054 	lw	s2,4180(v0)
    d148:	0000000f 	sync
    d14c:	8e620000 	lw	v0,0(s3)
    d150:	0000000f 	sync
    d154:	3c050001 	lui	a1,0x1
    d158:	24077d00 	li	a3,32000
    d15c:	34a3f400 	ori	v1,a1,0xf400
    d160:	8f858038 	lw	a1,-32712(gp)
    d164:	8c511058 	lw	s1,4184(v0)
    d168:	0000000f 	sync
    d16c:	8e620000 	lw	v0,0(s3)
    d170:	3a44006f 	xori	a0,s2,0x6f
    d174:	0064380b 	movn	a3,v1,a0
    d178:	24a564f4 	addiu	a1,a1,25844
    d17c:	afa314d0 	sw	v1,5328(sp)
    d180:	8f838038 	lw	v1,-32712(gp)
    d184:	8c44000c 	lw	a0,12(v0)
    d188:	0320f809 	jalr	t9
    d18c:	2466634c 	addiu	a2,v1,25420
    d190:	1640018f 	bnez	s2,d7d0 <main@@Base+0xb490>
    d194:	8fbc0020 	lw	gp,32(sp)
    d198:	8f878038 	lw	a3,-32712(gp)
    d19c:	24e764d0 	addiu	a3,a3,25808
    d1a0:	8fa414c0 	lw	a0,5312(sp)
    d1a4:	2406006d 	li	a2,109
    d1a8:	0200c825 	move	t9,s0
    d1ac:	0411f611 	bal	a9f4 <main@@Base+0x86b4>
    d1b0:	8fa514c4 	lw	a1,5316(sp)
    d1b4:	24060063 	li	a2,99
    d1b8:	8fbc0020 	lw	gp,32(sp)
    d1bc:	0200c825 	move	t9,s0
    d1c0:	8fa414c0 	lw	a0,5312(sp)
    d1c4:	8fa514c4 	lw	a1,5316(sp)
    d1c8:	8f878038 	lw	a3,-32712(gp)
    d1cc:	0411f609 	bal	a9f4 <main@@Base+0x86b4>
    d1d0:	24e763d4 	addiu	a3,a3,25556
    d1d4:	24060062 	li	a2,98
    d1d8:	8fbc0020 	lw	gp,32(sp)
    d1dc:	0200c825 	move	t9,s0
    d1e0:	8fa414c0 	lw	a0,5312(sp)
    d1e4:	8fa514c4 	lw	a1,5316(sp)
    d1e8:	8f878038 	lw	a3,-32712(gp)
    d1ec:	0411f601 	bal	a9f4 <main@@Base+0x86b4>
    d1f0:	24e764e4 	addiu	a3,a3,25828
    d1f4:	8fbc0020 	lw	gp,32(sp)
    d1f8:	8f878038 	lw	a3,-32712(gp)
    d1fc:	24e764ec 	addiu	a3,a3,25836
    d200:	8fa414c0 	lw	a0,5312(sp)
    d204:	24060061 	li	a2,97
    d208:	0200c825 	move	t9,s0
    d20c:	0411f5f9 	bal	a9f4 <main@@Base+0x86b4>
    d210:	8fa514c4 	lw	a1,5316(sp)
    d214:	8fbc0020 	lw	gp,32(sp)
    d218:	8e620000 	lw	v0,0(s3)
    d21c:	00003825 	move	a3,zero
    d220:	8f868038 	lw	a2,-32712(gp)
    d224:	8f858038 	lw	a1,-32712(gp)
    d228:	8f99823c 	lw	t9,-32196(gp)
    d22c:	8c44000c 	lw	a0,12(v0)
    d230:	24c6662c 	addiu	a2,a2,26156
    d234:	0320f809 	jalr	t9
    d238:	24a56008 	addiu	a1,a1,24584
    d23c:	1040001f 	beqz	v0,d2bc <main@@Base+0xaf7c>
    d240:	8fbc0020 	lw	gp,32(sp)
    d244:	8f858038 	lw	a1,-32712(gp)
    d248:	27a414b8 	addiu	a0,sp,5304
    d24c:	0280c825 	move	t9,s4
    d250:	0411e3b8 	bal	6134 <main@@Base+0x3df4>
    d254:	24a56618 	addiu	a1,a1,26136
    d258:	24020007 	li	v0,7
    d25c:	8fbc0020 	lw	gp,32(sp)
    d260:	24060007 	li	a2,7
    d264:	26e40014 	addiu	a0,s7,20
    d268:	8fb614b8 	lw	s6,5304(sp)
    d26c:	8fb114bc 	lw	s1,5308(sp)
    d270:	02a03825 	move	a3,s5
    d274:	afa2102c 	sw	v0,4140(sp)
    d278:	8f858038 	lw	a1,-32712(gp)
    d27c:	8f998070 	lw	t9,-32656(gp)
    d280:	afa00c28 	sw	zero,3112(sp)
    d284:	24a56638 	addiu	a1,a1,26168
    d288:	0411fd0c 	bal	c6bc <main@@Base+0xa37c>
    d28c:	afa51028 	sw	a1,4136(sp)
    d290:	1040000a 	beqz	v0,d2bc <main@@Base+0xaf7c>
    d294:	8fbc0020 	lw	gp,32(sp)
    d298:	8fa70c28 	lw	a3,3112(sp)
    d29c:	00002025 	move	a0,zero
    d2a0:	8fb20c2c 	lw	s2,3116(sp)
    d2a4:	24090020 	li	t1,32
    d2a8:	240a0009 	li	t2,9
    d2ac:	240b002c 	li	t3,44
    d2b0:	0092102b 	sltu	v0,a0,s2
    d2b4:	1440020f 	bnez	v0,daf4 <main@@Base+0xb7b4>
    d2b8:	00000000 	nop
    d2bc:	8f858038 	lw	a1,-32712(gp)
    d2c0:	27a41328 	addiu	a0,sp,4904
    d2c4:	0280c825 	move	t9,s4
    d2c8:	0411e39a 	bal	6134 <main@@Base+0x3df4>
    d2cc:	24a56764 	addiu	a1,a1,26468
    d2d0:	8fbc0020 	lw	gp,32(sp)
    d2d4:	8ee20008 	lw	v0,8(s7)
    d2d8:	8fa6132c 	lw	a2,4908(sp)
    d2dc:	8fa51328 	lw	a1,4904(sp)
    d2e0:	8f878038 	lw	a3,-32712(gp)
    d2e4:	8fa414c8 	lw	a0,5320(sp)
    d2e8:	8f998048 	lw	t9,-32696(gp)
    d2ec:	afa20014 	sw	v0,20(sp)
    d2f0:	24e76774 	addiu	a3,a3,26484
    d2f4:	8ee2000c 	lw	v0,12(s7)
    d2f8:	0411139d 	bal	12170 <main@@Base+0xfe30>
    d2fc:	afa20010 	sw	v0,16(sp)
    d300:	27a41228 	addiu	a0,sp,4648
    d304:	8fbc0020 	lw	gp,32(sp)
    d308:	0280c825 	move	t9,s4
    d30c:	8f858038 	lw	a1,-32712(gp)
    d310:	0411e388 	bal	6134 <main@@Base+0x3df4>
    d314:	24a5677c 	addiu	a1,a1,26492
    d318:	8fbc0020 	lw	gp,32(sp)
    d31c:	8fa6122c 	lw	a2,4652(sp)
    d320:	8fa51228 	lw	a1,4648(sp)
    d324:	8fa414c8 	lw	a0,5320(sp)
    d328:	8f878038 	lw	a3,-32712(gp)
    d32c:	8f998048 	lw	t9,-32696(gp)
    d330:	0411138f 	bal	12170 <main@@Base+0xfe30>
    d334:	24e7678c 	addiu	a3,a3,26508
    d338:	27a50028 	addiu	a1,sp,40
    d33c:	0280c825 	move	t9,s4
    d340:	0411e37c 	bal	6134 <main@@Base+0x3df4>
    d344:	02a02025 	move	a0,s5
    d348:	8fa314c8 	lw	v1,5320(sp)
    d34c:	8fbc0020 	lw	gp,32(sp)
    d350:	8fa20c28 	lw	v0,3112(sp)
    d354:	00602025 	move	a0,v1
    d358:	8f998044 	lw	t9,-32700(gp)
    d35c:	ac620210 	sw	v0,528(v1)
    d360:	8fa20c2c 	lw	v0,3116(sp)
    d364:	041113ee 	bal	12320 <main@@Base+0xffe0>
    d368:	ac620214 	sw	v0,532(v1)
    d36c:	8fbf150c 	lw	ra,5388(sp)
    d370:	8fbe1508 	lw	s8,5384(sp)
    d374:	8fb71504 	lw	s7,5380(sp)
    d378:	8fb61500 	lw	s6,5376(sp)
    d37c:	8fb514fc 	lw	s5,5372(sp)
    d380:	8fb414f8 	lw	s4,5368(sp)
    d384:	8fb314f4 	lw	s3,5364(sp)
    d388:	8fb214f0 	lw	s2,5360(sp)
    d38c:	8fb114ec 	lw	s1,5356(sp)
    d390:	8fb014e8 	lw	s0,5352(sp)
    d394:	03e00008 	jr	ra
    d398:	27bd1510 	addiu	sp,sp,5392
    d39c:	0000000f 	sync
    d3a0:	8f99834c 	lw	t9,-31924(gp)
    d3a4:	8c450000 	lw	a1,0(v0)
    d3a8:	26230248 	addiu	v1,s1,584
    d3ac:	2622024a 	addiu	v0,s1,586
    d3b0:	24040001 	li	a0,1
    d3b4:	02431821 	addu	v1,s2,v1
    d3b8:	02421021 	addu	v0,s2,v0
    d3bc:	0000000f 	sync
    d3c0:	14a40090 	bne	a1,a0,d604 <main@@Base+0xb2c4>
    d3c4:	02512021 	addu	a0,s2,s1
    d3c8:	8f868038 	lw	a2,-32712(gp)
    d3cc:	24070060 	li	a3,96
    d3d0:	24050400 	li	a1,1024
    d3d4:	94880246 	lhu	t0,582(a0)
    d3d8:	0000000f 	sync
    d3dc:	24c66420 	addiu	a2,a2,25632
    d3e0:	02a02025 	move	a0,s5
    d3e4:	3108ffff 	andi	t0,t0,0xffff
    d3e8:	afa814d8 	sw	t0,5336(sp)
    d3ec:	94630000 	lhu	v1,0(v1)
    d3f0:	0000000f 	sync
    d3f4:	3063ffff 	andi	v1,v1,0xffff
    d3f8:	afa314d0 	sw	v1,5328(sp)
    d3fc:	94420000 	lhu	v0,0(v0)
    d400:	0000000f 	sync
    d404:	3042ffff 	andi	v0,v0,0xffff
    d408:	0320f809 	jalr	t9
    d40c:	afa214cc 	sw	v0,5324(sp)
    d410:	8fbc0020 	lw	gp,32(sp)
    d414:	8fa814d8 	lw	t0,5336(sp)
    d418:	8f828038 	lw	v0,-32712(gp)
    d41c:	11000057 	beqz	t0,d57c <main@@Base+0xb23c>
    d420:	afa214dc 	sw	v0,5340(sp)
    d424:	8fa214d0 	lw	v0,5328(sp)
    d428:	10400023 	beqz	v0,d4b8 <main@@Base+0xb178>
    d42c:	8fa214cc 	lw	v0,5324(sp)
    d430:	10400021 	beqz	v0,d4b8 <main@@Base+0xb178>
    d434:	8f998034 	lw	t9,-32716(gp)
    d438:	26240086 	addiu	a0,s1,134
    d43c:	24070100 	li	a3,256
    d440:	27a61228 	addiu	a2,sp,4648
    d444:	2739532c 	addiu	t9,t9,21292
    d448:	02442021 	addu	a0,s2,a0
    d44c:	0411dfb7 	bal	532c <main@@Base+0x2fec>
    d450:	01002825 	move	a1,t0
    d454:	26240106 	addiu	a0,s1,262
    d458:	8fa514d0 	lw	a1,5328(sp)
    d45c:	24070200 	li	a3,512
    d460:	27a61028 	addiu	a2,sp,4136
    d464:	02442021 	addu	a0,s2,a0
    d468:	0411dfb0 	bal	532c <main@@Base+0x2fec>
    d46c:	27ad1328 	addiu	t5,sp,4904
    d470:	26240206 	addiu	a0,s1,518
    d474:	8fa514cc 	lw	a1,5324(sp)
    d478:	24070080 	li	a3,128
    d47c:	02442021 	addu	a0,s2,a0
    d480:	0411dfaa 	bal	532c <main@@Base+0x2fec>
    d484:	01a03025 	move	a2,t5
    d488:	27a21028 	addiu	v0,sp,4136
    d48c:	8fbc0020 	lw	gp,32(sp)
    d490:	27a71228 	addiu	a3,sp,4648
    d494:	240503f9 	li	a1,1017
    d498:	afad0014 	sw	t5,20(sp)
    d49c:	27a40c2f 	addiu	a0,sp,3119
    d4a0:	afa20010 	sw	v0,16(sp)
    d4a4:	8f868038 	lw	a2,-32712(gp)
    d4a8:	8f99834c 	lw	t9,-31924(gp)
    d4ac:	0320f809 	jalr	t9
    d4b0:	24c66428 	addiu	a2,a2,25640
    d4b4:	8fbc0020 	lw	gp,32(sp)
    d4b8:	8f828038 	lw	v0,-32712(gp)
    d4bc:	24110060 	li	s1,96
    d4c0:	8fa414c0 	lw	a0,5312(sp)
    d4c4:	2406006d 	li	a2,109
    d4c8:	8fa514c4 	lw	a1,5316(sp)
    d4cc:	0200c825 	move	t9,s0
    d4d0:	244763c0 	addiu	a3,v0,25536
    d4d4:	0411f547 	bal	a9f4 <main@@Base+0x86b4>
    d4d8:	afb10010 	sw	s1,16(sp)
    d4dc:	24060063 	li	a2,99
    d4e0:	8fbc0020 	lw	gp,32(sp)
    d4e4:	0200c825 	move	t9,s0
    d4e8:	8fa414c0 	lw	a0,5312(sp)
    d4ec:	8fa514c4 	lw	a1,5316(sp)
    d4f0:	8f828038 	lw	v0,-32712(gp)
    d4f4:	0411f53f 	bal	a9f4 <main@@Base+0x86b4>
    d4f8:	244763d4 	addiu	a3,v0,25556
    d4fc:	24060062 	li	a2,98
    d500:	8fbc0020 	lw	gp,32(sp)
    d504:	0200c825 	move	t9,s0
    d508:	8fa414c0 	lw	a0,5312(sp)
    d50c:	8fa514c4 	lw	a1,5316(sp)
    d510:	afbe0010 	sw	s8,16(sp)
    d514:	8f828038 	lw	v0,-32712(gp)
    d518:	0411f536 	bal	a9f4 <main@@Base+0x86b4>
    d51c:	244763e4 	addiu	a3,v0,25572
    d520:	3c020001 	lui	v0,0x1
    d524:	8fbc0020 	lw	gp,32(sp)
    d528:	24425f90 	addiu	v0,v0,24464
    d52c:	afb10010 	sw	s1,16(sp)
    d530:	afa20014 	sw	v0,20(sp)
    d534:	8f828038 	lw	v0,-32712(gp)
    d538:	24476450 	addiu	a3,v0,25680
    d53c:	8fa414c0 	lw	a0,5312(sp)
    d540:	24060061 	li	a2,97
    d544:	0200c825 	move	t9,s0
    d548:	0411f52a 	bal	a9f4 <main@@Base+0x86b4>
    d54c:	8fa514c4 	lw	a1,5316(sp)
    d550:	24060061 	li	a2,97
    d554:	8fbc0020 	lw	gp,32(sp)
    d558:	0200c825 	move	t9,s0
    d55c:	8fa414c0 	lw	a0,5312(sp)
    d560:	8fa514c4 	lw	a1,5316(sp)
    d564:	afb50010 	sw	s5,16(sp)
    d568:	8f828038 	lw	v0,-32712(gp)
    d56c:	0411f521 	bal	a9f4 <main@@Base+0x86b4>
    d570:	2447637c 	addiu	a3,v0,25468
    d574:	1000fed9 	b	d0dc <main@@Base+0xad9c>
    d578:	8fbc0020 	lw	gp,32(sp)
    d57c:	8f828038 	lw	v0,-32712(gp)
    d580:	24110060 	li	s1,96
    d584:	8fa414c0 	lw	a0,5312(sp)
    d588:	2406006d 	li	a2,109
    d58c:	8fa514c4 	lw	a1,5316(sp)
    d590:	0200c825 	move	t9,s0
    d594:	244763c0 	addiu	a3,v0,25536
    d598:	0411f516 	bal	a9f4 <main@@Base+0x86b4>
    d59c:	afb10010 	sw	s1,16(sp)
    d5a0:	24060063 	li	a2,99
    d5a4:	8fbc0020 	lw	gp,32(sp)
    d5a8:	0200c825 	move	t9,s0
    d5ac:	8fa414c0 	lw	a0,5312(sp)
    d5b0:	8fa514c4 	lw	a1,5316(sp)
    d5b4:	8f828038 	lw	v0,-32712(gp)
    d5b8:	0411f50e 	bal	a9f4 <main@@Base+0x86b4>
    d5bc:	244763d4 	addiu	a3,v0,25556
    d5c0:	24060062 	li	a2,98
    d5c4:	8fbc0020 	lw	gp,32(sp)
    d5c8:	0200c825 	move	t9,s0
    d5cc:	8fa414c0 	lw	a0,5312(sp)
    d5d0:	8fa514c4 	lw	a1,5316(sp)
    d5d4:	afbe0010 	sw	s8,16(sp)
    d5d8:	8f828038 	lw	v0,-32712(gp)
    d5dc:	0411f505 	bal	a9f4 <main@@Base+0x86b4>
    d5e0:	244763e4 	addiu	a3,v0,25572
    d5e4:	3c020001 	lui	v0,0x1
    d5e8:	8fbc0020 	lw	gp,32(sp)
    d5ec:	24425f90 	addiu	v0,v0,24464
    d5f0:	afb10010 	sw	s1,16(sp)
    d5f4:	afa20014 	sw	v0,20(sp)
    d5f8:	8f828038 	lw	v0,-32712(gp)
    d5fc:	1000feb1 	b	d0c4 <main@@Base+0xad84>
    d600:	24476450 	addiu	a3,v0,25680
    d604:	94630000 	lhu	v1,0(v1)
    d608:	0000000f 	sync
    d60c:	94420000 	lhu	v0,0(v0)
    d610:	0000000f 	sync
    d614:	3063ffff 	andi	v1,v1,0xffff
    d618:	3042ffff 	andi	v0,v0,0xffff
    d61c:	afa214d0 	sw	v0,5328(sp)
    d620:	2c620004 	sltiu	v0,v1,4
    d624:	1440004e 	bnez	v0,d760 <main@@Base+0xb420>
    d628:	02512821 	addu	a1,s2,s1
    d62c:	90a40107 	lbu	a0,263(a1)
    d630:	90a20108 	lbu	v0,264(a1)
    d634:	90a50109 	lbu	a1,265(a1)
    d638:	8f868038 	lw	a2,-32712(gp)
    d63c:	24070060 	li	a3,96
    d640:	afa50018 	sw	a1,24(sp)
    d644:	24050400 	li	a1,1024
    d648:	afa314cc 	sw	v1,5324(sp)
    d64c:	24c66464 	addiu	a2,a2,25700
    d650:	afa40010 	sw	a0,16(sp)
    d654:	afa20014 	sw	v0,20(sp)
    d658:	0320f809 	jalr	t9
    d65c:	02a02025 	move	a0,s5
    d660:	8fa314cc 	lw	v1,5324(sp)
    d664:	1060001c 	beqz	v1,d6d8 <main@@Base+0xb398>
    d668:	8fbc0020 	lw	gp,32(sp)
    d66c:	8fa214d0 	lw	v0,5328(sp)
    d670:	10400019 	beqz	v0,d6d8 <main@@Base+0xb398>
    d674:	8f998034 	lw	t9,-32716(gp)
    d678:	26240106 	addiu	a0,s1,262
    d67c:	24070200 	li	a3,512
    d680:	27a61028 	addiu	a2,sp,4136
    d684:	2739532c 	addiu	t9,t9,21292
    d688:	02442021 	addu	a0,s2,a0
    d68c:	0411df27 	bal	532c <main@@Base+0x2fec>
    d690:	00602825 	move	a1,v1
    d694:	26240206 	addiu	a0,s1,518
    d698:	27ad1228 	addiu	t5,sp,4648
    d69c:	8fa514d0 	lw	a1,5328(sp)
    d6a0:	24070080 	li	a3,128
    d6a4:	02442021 	addu	a0,s2,a0
    d6a8:	0411df20 	bal	532c <main@@Base+0x2fec>
    d6ac:	01a03025 	move	a2,t5
    d6b0:	27a71028 	addiu	a3,sp,4136
    d6b4:	8fbc0020 	lw	gp,32(sp)
    d6b8:	240503cc 	li	a1,972
    d6bc:	27a40c5c 	addiu	a0,sp,3164
    d6c0:	afad0010 	sw	t5,16(sp)
    d6c4:	8f868038 	lw	a2,-32712(gp)
    d6c8:	8f99834c 	lw	t9,-31924(gp)
    d6cc:	0320f809 	jalr	t9
    d6d0:	24c664a0 	addiu	a2,a2,25760
    d6d4:	8fbc0020 	lw	gp,32(sp)
    d6d8:	8f828038 	lw	v0,-32712(gp)
    d6dc:	24110060 	li	s1,96
    d6e0:	8fa414c0 	lw	a0,5312(sp)
    d6e4:	2406006d 	li	a2,109
    d6e8:	8fa514c4 	lw	a1,5316(sp)
    d6ec:	0200c825 	move	t9,s0
    d6f0:	244763c0 	addiu	a3,v0,25536
    d6f4:	0411f4bf 	bal	a9f4 <main@@Base+0x86b4>
    d6f8:	afb10010 	sw	s1,16(sp)
    d6fc:	24060063 	li	a2,99
    d700:	8fbc0020 	lw	gp,32(sp)
    d704:	0200c825 	move	t9,s0
    d708:	8fa414c0 	lw	a0,5312(sp)
    d70c:	8fa514c4 	lw	a1,5316(sp)
    d710:	8f828038 	lw	v0,-32712(gp)
    d714:	0411f4b7 	bal	a9f4 <main@@Base+0x86b4>
    d718:	244763d4 	addiu	a3,v0,25556
    d71c:	24060062 	li	a2,98
    d720:	8fbc0020 	lw	gp,32(sp)
    d724:	0200c825 	move	t9,s0
    d728:	8fa414c0 	lw	a0,5312(sp)
    d72c:	8fa514c4 	lw	a1,5316(sp)
    d730:	afbe0010 	sw	s8,16(sp)
    d734:	8f828038 	lw	v0,-32712(gp)
    d738:	0411f4ae 	bal	a9f4 <main@@Base+0x86b4>
    d73c:	244763e4 	addiu	a3,v0,25572
    d740:	3c020001 	lui	v0,0x1
    d744:	8fbc0020 	lw	gp,32(sp)
    d748:	24425f90 	addiu	v0,v0,24464
    d74c:	afb10010 	sw	s1,16(sp)
    d750:	afa20014 	sw	v0,20(sp)
    d754:	8f878038 	lw	a3,-32712(gp)
    d758:	1000ff78 	b	d53c <main@@Base+0xb1fc>
    d75c:	24e764bc 	addiu	a3,a3,25788
    d760:	26220084 	addiu	v0,s1,132
    d764:	0000000f 	sync
    d768:	02421021 	addu	v0,s2,v0
    d76c:	24040064 	li	a0,100
    d770:	90450000 	lbu	a1,0(v0)
    d774:	0000000f 	sync
    d778:	30a500ff 	andi	a1,a1,0xff
    d77c:	10a00006 	beqz	a1,d798 <main@@Base+0xb458>
    d780:	26260085 	addiu	a2,s1,133
    d784:	0000000f 	sync
    d788:	90440000 	lbu	a0,0(v0)
    d78c:	0000000f 	sync
    d790:	308400ff 	andi	a0,a0,0xff
    d794:	26260085 	addiu	a2,s1,133
    d798:	0000000f 	sync
    d79c:	02463021 	addu	a2,s2,a2
    d7a0:	24050028 	li	a1,40
    d7a4:	90c20000 	lbu	v0,0(a2)
    d7a8:	0000000f 	sync
    d7ac:	304200ff 	andi	v0,v0,0xff
    d7b0:	1040ffa1 	beqz	v0,d638 <main@@Base+0xb2f8>
    d7b4:	00000000 	nop
    d7b8:	0000000f 	sync
    d7bc:	90c50000 	lbu	a1,0(a2)
    d7c0:	00001025 	move	v0,zero
    d7c4:	0000000f 	sync
    d7c8:	1000ff9b 	b	d638 <main@@Base+0xb2f8>
    d7cc:	30a500ff 	andi	a1,a1,0xff
    d7d0:	24040008 	li	a0,8
    d7d4:	16440004 	bne	s2,a0,d7e8 <main@@Base+0xb4a8>
    d7d8:	240803e8 	li	t0,1000
    d7dc:	8f878038 	lw	a3,-32712(gp)
    d7e0:	1000fe6f 	b	d1a0 <main@@Base+0xae60>
    d7e4:	24e764fc 	addiu	a3,a3,25852
    d7e8:	010001f4 	teq	t0,zero,0x7
    d7ec:	0048001a 	div	zero,v0,t0
    d7f0:	24020061 	li	v0,97
    d7f4:	1642006b 	bne	s2,v0,d9a4 <main@@Base+0xb664>
    d7f8:	0000b012 	mflo	s6
    d7fc:	8e620000 	lw	v0,0(s3)
    d800:	0000000f 	sync
    d804:	24040002 	li	a0,2
    d808:	8f998144 	lw	t9,-32444(gp)
    d80c:	24030005 	li	v1,5
    d810:	27a71028 	addiu	a3,sp,4136
    d814:	8c42105c 	lw	v0,4188(v0)
    d818:	24060001 	li	a2,1
    d81c:	0000000f 	sync
    d820:	02202825 	move	a1,s1
    d824:	38420005 	xori	v0,v0,0x5
    d828:	0082180b 	movn	v1,a0,v0
    d82c:	00602025 	move	a0,v1
    d830:	0320f809 	jalr	t9
    d834:	00609025 	move	s2,v1
    d838:	8fbc0020 	lw	gp,32(sp)
    d83c:	04410014 	bgez	v0,d890 <main@@Base+0xb550>
    d840:	0040f025 	move	s8,v0
    d844:	8f878038 	lw	a3,-32712(gp)
    d848:	240601f2 	li	a2,498
    d84c:	8f858038 	lw	a1,-32712(gp)
    d850:	24040002 	li	a0,2
    d854:	8f998224 	lw	t9,-32220(gp)
    d858:	24e76510 	addiu	a3,a3,25872
    d85c:	afb10014 	sw	s1,20(sp)
    d860:	24a55b6c 	addiu	a1,a1,23404
    d864:	0320f809 	jalr	t9
    d868:	afb20010 	sw	s2,16(sp)
    d86c:	27a71028 	addiu	a3,sp,4136
    d870:	8fbc0020 	lw	gp,32(sp)
    d874:	24060001 	li	a2,1
    d878:	3405ac44 	li	a1,0xac44
    d87c:	8f998144 	lw	t9,-32444(gp)
    d880:	0320f809 	jalr	t9
    d884:	24040002 	li	a0,2
    d888:	8fbc0020 	lw	gp,32(sp)
    d88c:	0040f025 	move	s8,v0
    d890:	8f868038 	lw	a2,-32712(gp)
    d894:	00009025 	move	s2,zero
    d898:	a3a00c28 	sb	zero,3112(sp)
    d89c:	02a02025 	move	a0,s5
    d8a0:	24c66540 	addiu	a2,a2,25920
    d8a4:	025e102a 	slt	v0,s2,s8
    d8a8:	14400031 	bnez	v0,d970 <main@@Base+0xb630>
    d8ac:	8f99834c 	lw	t9,-31924(gp)
    d8b0:	8f878038 	lw	a3,-32712(gp)
    d8b4:	241e0061 	li	s8,97
    d8b8:	8fa414c0 	lw	a0,5312(sp)
    d8bc:	2406006d 	li	a2,109
    d8c0:	8fa514c4 	lw	a1,5316(sp)
    d8c4:	0200c825 	move	t9,s0
    d8c8:	24e76548 	addiu	a3,a3,25928
    d8cc:	0411f449 	bal	a9f4 <main@@Base+0x86b4>
    d8d0:	afbe0010 	sw	s8,16(sp)
    d8d4:	24060063 	li	a2,99
    d8d8:	8fbc0020 	lw	gp,32(sp)
    d8dc:	0200c825 	move	t9,s0
    d8e0:	8fa414c0 	lw	a0,5312(sp)
    d8e4:	8fa514c4 	lw	a1,5316(sp)
    d8e8:	8f878038 	lw	a3,-32712(gp)
    d8ec:	0411f441 	bal	a9f4 <main@@Base+0x86b4>
    d8f0:	24e763d4 	addiu	a3,a3,25556
    d8f4:	24060062 	li	a2,98
    d8f8:	8fbc0020 	lw	gp,32(sp)
    d8fc:	0200c825 	move	t9,s0
    d900:	8fa414c0 	lw	a0,5312(sp)
    d904:	8fa514c4 	lw	a1,5316(sp)
    d908:	afb60010 	sw	s6,16(sp)
    d90c:	8f878038 	lw	a3,-32712(gp)
    d910:	0411f438 	bal	a9f4 <main@@Base+0x86b4>
    d914:	24e763e4 	addiu	a3,a3,25572
    d918:	24060061 	li	a2,97
    d91c:	8fbc0020 	lw	gp,32(sp)
    d920:	0200c825 	move	t9,s0
    d924:	8fa414c0 	lw	a0,5312(sp)
    d928:	8fa514c4 	lw	a1,5316(sp)
    d92c:	afb10014 	sw	s1,20(sp)
    d930:	afbe0010 	sw	s8,16(sp)
    d934:	8f878038 	lw	a3,-32712(gp)
    d938:	0411f42e 	bal	a9f4 <main@@Base+0x86b4>
    d93c:	24e7655c 	addiu	a3,a3,25948
    d940:	24060061 	li	a2,97
    d944:	8fbc0020 	lw	gp,32(sp)
    d948:	0200c825 	move	t9,s0
    d94c:	8fa414c0 	lw	a0,5312(sp)
    d950:	8fa514c4 	lw	a1,5316(sp)
    d954:	afb50014 	sw	s5,20(sp)
    d958:	afbe0010 	sw	s8,16(sp)
    d95c:	8f878038 	lw	a3,-32712(gp)
    d960:	0411f424 	bal	a9f4 <main@@Base+0x86b4>
    d964:	24e7657c 	addiu	a3,a3,25980
    d968:	1000fe23 	b	d1f8 <main@@Base+0xaeb8>
    d96c:	8fbc0020 	lw	gp,32(sp)
    d970:	27a21028 	addiu	v0,sp,4136
    d974:	24050003 	li	a1,3
    d978:	afa614cc 	sw	a2,5324(sp)
    d97c:	00521021 	addu	v0,v0,s2
    d980:	afa414d0 	sw	a0,5328(sp)
    d984:	26520001 	addiu	s2,s2,1
    d988:	0320f809 	jalr	t9
    d98c:	90470000 	lbu	a3,0(v0)
    d990:	8fa414d0 	lw	a0,5328(sp)
    d994:	8fbc0020 	lw	gp,32(sp)
    d998:	8fa614cc 	lw	a2,5324(sp)
    d99c:	1000ffc1 	b	d8a4 <main@@Base+0xb564>
    d9a0:	24840002 	addiu	a0,a0,2
    d9a4:	8f838038 	lw	v1,-32712(gp)
    d9a8:	2402006f 	li	v0,111
    d9ac:	8f9e8038 	lw	s8,-32712(gp)
    d9b0:	8f878038 	lw	a3,-32712(gp)
    d9b4:	16420024 	bne	s2,v0,da48 <main@@Base+0xb708>
    d9b8:	afa314d0 	sw	v1,5328(sp)
    d9bc:	8fa414c0 	lw	a0,5312(sp)
    d9c0:	24e76548 	addiu	a3,a3,25928
    d9c4:	8fa514c4 	lw	a1,5316(sp)
    d9c8:	2406006d 	li	a2,109
    d9cc:	0200c825 	move	t9,s0
    d9d0:	0411f408 	bal	a9f4 <main@@Base+0x86b4>
    d9d4:	afb20010 	sw	s2,16(sp)
    d9d8:	27c763d4 	addiu	a3,s8,25556
    d9dc:	8fa414c0 	lw	a0,5312(sp)
    d9e0:	24060063 	li	a2,99
    d9e4:	0200c825 	move	t9,s0
    d9e8:	0411f402 	bal	a9f4 <main@@Base+0x86b4>
    d9ec:	8fa514c4 	lw	a1,5316(sp)
    d9f0:	24060062 	li	a2,98
    d9f4:	8fbc0020 	lw	gp,32(sp)
    d9f8:	0200c825 	move	t9,s0
    d9fc:	8fa414c0 	lw	a0,5312(sp)
    da00:	8fa514c4 	lw	a1,5316(sp)
    da04:	afb60010 	sw	s6,16(sp)
    da08:	8f828038 	lw	v0,-32712(gp)
    da0c:	0411f3f9 	bal	a9f4 <main@@Base+0x86b4>
    da10:	244763e4 	addiu	a3,v0,25572
    da14:	24060061 	li	a2,97
    da18:	8fbc0020 	lw	gp,32(sp)
    da1c:	0200c825 	move	t9,s0
    da20:	8fa414c0 	lw	a0,5312(sp)
    da24:	8fa514c4 	lw	a1,5316(sp)
    da28:	afb20010 	sw	s2,16(sp)
    da2c:	8f878038 	lw	a3,-32712(gp)
    da30:	0411f3f0 	bal	a9f4 <main@@Base+0x86b4>
    da34:	24e765ec 	addiu	a3,a3,26092
    da38:	8fbc0020 	lw	gp,32(sp)
    da3c:	8f828038 	lw	v0,-32712(gp)
    da40:	1000fdef 	b	d200 <main@@Base+0xaec0>
    da44:	244764ec 	addiu	a3,v0,25836
    da48:	8fa414c0 	lw	a0,5312(sp)
    da4c:	24120062 	li	s2,98
    da50:	8fa514c4 	lw	a1,5316(sp)
    da54:	24e76548 	addiu	a3,a3,25928
    da58:	2406006d 	li	a2,109
    da5c:	0200c825 	move	t9,s0
    da60:	0411f3e4 	bal	a9f4 <main@@Base+0x86b4>
    da64:	afb20010 	sw	s2,16(sp)
    da68:	27c763d4 	addiu	a3,s8,25556
    da6c:	8fa414c0 	lw	a0,5312(sp)
    da70:	24060063 	li	a2,99
    da74:	0200c825 	move	t9,s0
    da78:	0411f3de 	bal	a9f4 <main@@Base+0x86b4>
    da7c:	8fa514c4 	lw	a1,5316(sp)
    da80:	240803e8 	li	t0,1000
    da84:	00111100 	sll	v0,s1,0x4
    da88:	8fbc0020 	lw	gp,32(sp)
    da8c:	8fa414c0 	lw	a0,5312(sp)
    da90:	24060062 	li	a2,98
    da94:	010001f4 	teq	t0,zero,0x7
    da98:	0048001a 	div	zero,v0,t0
    da9c:	8fa514c4 	lw	a1,5316(sp)
    daa0:	0200c825 	move	t9,s0
    daa4:	00001012 	mflo	v0
    daa8:	afa20010 	sw	v0,16(sp)
    daac:	8f828038 	lw	v0,-32712(gp)
    dab0:	0411f3d0 	bal	a9f4 <main@@Base+0x86b4>
    dab4:	244763e4 	addiu	a3,v0,25572
    dab8:	24060061 	li	a2,97
    dabc:	8fbc0020 	lw	gp,32(sp)
    dac0:	0200c825 	move	t9,s0
    dac4:	8fa414c0 	lw	a0,5312(sp)
    dac8:	8fa514c4 	lw	a1,5316(sp)
    dacc:	afb10014 	sw	s1,20(sp)
    dad0:	afb20010 	sw	s2,16(sp)
    dad4:	8f878038 	lw	a3,-32712(gp)
    dad8:	0411f3c6 	bal	a9f4 <main@@Base+0x86b4>
    dadc:	24e76604 	addiu	a3,a3,26116
    dae0:	1000ffd6 	b	da3c <main@@Base+0xb6fc>
    dae4:	8fbc0020 	lw	gp,32(sp)
    dae8:	24840001 	addiu	a0,a0,1
    daec:	10920011 	beq	a0,s2,db34 <main@@Base+0xb7f4>
    daf0:	0080f025 	move	s8,a0
    daf4:	00e41021 	addu	v0,a3,a0
    daf8:	80420000 	lb	v0,0(v0)
    dafc:	1049fffa 	beq	v0,t1,dae8 <main@@Base+0xb7a8>
    db00:	00000000 	nop
    db04:	104afff8 	beq	v0,t2,dae8 <main@@Base+0xb7a8>
    db08:	00000000 	nop
    db0c:	104bfff7 	beq	v0,t3,daec <main@@Base+0xb7ac>
    db10:	24840001 	addiu	a0,a0,1
    db14:	2484ffff 	addiu	a0,a0,-1
    db18:	0080f025 	move	s8,a0
    db1c:	03d2102b 	sltu	v0,s8,s2
    db20:	10400004 	beqz	v0,db34 <main@@Base+0xb7f4>
    db24:	00fe1021 	addu	v0,a3,s8
    db28:	80420000 	lb	v0,0(v0)
    db2c:	144b001c 	bne	v0,t3,dba0 <main@@Base+0xb860>
    db30:	00000000 	nop
    db34:	03c01025 	move	v0,s8
    db38:	0082182b 	sltu	v1,a0,v0
    db3c:	10600008 	beqz	v1,db60 <main@@Base+0xb820>
    db40:	00000000 	nop
    db44:	2445ffff 	addiu	a1,v0,-1
    db48:	00e51821 	addu	v1,a3,a1
    db4c:	80630000 	lb	v1,0(v1)
    db50:	10690015 	beq	v1,t1,dba8 <main@@Base+0xb868>
    db54:	00000000 	nop
    db58:	106a0013 	beq	v1,t2,dba8 <main@@Base+0xb868>
    db5c:	00000000 	nop
    db60:	00441023 	subu	v0,v0,a0
    db64:	1622000c 	bne	s1,v0,db98 <main@@Base+0xb858>
    db68:	8f998390 	lw	t9,-31856(gp)
    db6c:	00e42021 	addu	a0,a3,a0
    db70:	afa714d0 	sw	a3,5328(sp)
    db74:	02203025 	move	a2,s1
    db78:	0320f809 	jalr	t9
    db7c:	02c02825 	move	a1,s6
    db80:	24090020 	li	t1,32
    db84:	8fbc0020 	lw	gp,32(sp)
    db88:	240a0009 	li	t2,9
    db8c:	8fa714d0 	lw	a3,5328(sp)
    db90:	10400007 	beqz	v0,dbb0 <main@@Base+0xb870>
    db94:	240b002c 	li	t3,44
    db98:	1000fdc5 	b	d2b0 <main@@Base+0xaf70>
    db9c:	03c02025 	move	a0,s8
    dba0:	1000ffde 	b	db1c <main@@Base+0xb7dc>
    dba4:	27de0001 	addiu	s8,s8,1
    dba8:	1000ffe3 	b	db38 <main@@Base+0xb7f8>
    dbac:	00a01025 	move	v0,a1
    dbb0:	8f998038 	lw	t9,-32712(gp)
    dbb4:	afa214cc 	sw	v0,5324(sp)
    dbb8:	8e620000 	lw	v0,0(s3)
    dbbc:	00009825 	move	s3,zero
    dbc0:	2739a054 	addiu	t9,t9,-24492
    dbc4:	0411f123 	bal	a054 <main@@Base+0x7d14>
    dbc8:	8c44000c 	lw	a0,12(v0)
    dbcc:	8fbc0020 	lw	gp,32(sp)
    dbd0:	00409025 	move	s2,v0
    dbd4:	8fa314cc 	lw	v1,5324(sp)
    dbd8:	a3a00c28 	sb	zero,3112(sp)
    dbdc:	8f918028 	lw	s1,-32728(gp)
    dbe0:	8f828038 	lw	v0,-32712(gp)
    dbe4:	8f9e8038 	lw	s8,-32712(gp)
    dbe8:	26318f0c 	addiu	s1,s1,-28916
    dbec:	8f888038 	lw	t0,-32712(gp)
    dbf0:	24426328 	addiu	v0,v0,25384
    dbf4:	2629003c 	addiu	t1,s1,60
    dbf8:	27de6270 	addiu	s8,s8,25200
    dbfc:	afa214d0 	sw	v0,5328(sp)
    dc00:	8e220000 	lw	v0,0(s1)
    dc04:	02421024 	and	v0,s2,v0
    dc08:	10400015 	beqz	v0,dc60 <main@@Base+0xb920>
    dc0c:	24050020 	li	a1,32
    dc10:	8fa714d0 	lw	a3,5328(sp)
    dc14:	92240004 	lbu	a0,4(s1)
    dc18:	2e620020 	sltiu	v0,s3,32
    dc1c:	00b32823 	subu	a1,a1,s3
    dc20:	8f99834c 	lw	t9,-31924(gp)
    dc24:	03c3380b 	movn	a3,s8,v1
    dc28:	25066640 	addiu	a2,t0,26176
    dc2c:	0002280a 	movz	a1,zero,v0
    dc30:	afa40010 	sw	a0,16(sp)
    dc34:	02b32021 	addu	a0,s5,s3
    dc38:	afa914dc 	sw	t1,5340(sp)
    dc3c:	afa314d8 	sw	v1,5336(sp)
    dc40:	0320f809 	jalr	t9
    dc44:	afa814cc 	sw	t0,5324(sp)
    dc48:	8fa314d8 	lw	v1,5336(sp)
    dc4c:	02629821 	addu	s3,s3,v0
    dc50:	8fbc0020 	lw	gp,32(sp)
    dc54:	8fa914dc 	lw	t1,5340(sp)
    dc58:	8fa814cc 	lw	t0,5324(sp)
    dc5c:	24630001 	addiu	v1,v1,1
    dc60:	2631000c 	addiu	s1,s1,12
    dc64:	1531ffe6 	bne	t1,s1,dc00 <main@@Base+0xb8c0>
    dc68:	8f878038 	lw	a3,-32712(gp)
    dc6c:	2406006d 	li	a2,109
    dc70:	8fa414c0 	lw	a0,5312(sp)
    dc74:	0200c825 	move	t9,s0
    dc78:	8fa514c4 	lw	a1,5316(sp)
    dc7c:	24e76648 	addiu	a3,a3,26184
    dc80:	0411f35c 	bal	a9f4 <main@@Base+0x86b4>
    dc84:	afb50010 	sw	s5,16(sp)
    dc88:	24060061 	li	a2,97
    dc8c:	8fbc0020 	lw	gp,32(sp)
    dc90:	0200c825 	move	t9,s0
    dc94:	8fa414c0 	lw	a0,5312(sp)
    dc98:	8fa514c4 	lw	a1,5316(sp)
    dc9c:	8f878038 	lw	a3,-32712(gp)
    dca0:	0411f354 	bal	a9f4 <main@@Base+0x86b4>
    dca4:	24e7665c 	addiu	a3,a3,26204
    dca8:	32420001 	andi	v0,s2,0x1
    dcac:	10400009 	beqz	v0,dcd4 <main@@Base+0xb994>
    dcb0:	8fbc0020 	lw	gp,32(sp)
    dcb4:	8f878038 	lw	a3,-32712(gp)
    dcb8:	24060061 	li	a2,97
    dcbc:	8fa414c0 	lw	a0,5312(sp)
    dcc0:	0200c825 	move	t9,s0
    dcc4:	8fa514c4 	lw	a1,5316(sp)
    dcc8:	0411f34a 	bal	a9f4 <main@@Base+0x86b4>
    dccc:	24e76670 	addiu	a3,a3,26224
    dcd0:	8fbc0020 	lw	gp,32(sp)
    dcd4:	32420002 	andi	v0,s2,0x2
    dcd8:	10400008 	beqz	v0,dcfc <main@@Base+0xb9bc>
    dcdc:	24060061 	li	a2,97
    dce0:	8f878038 	lw	a3,-32712(gp)
    dce4:	8fa414c0 	lw	a0,5312(sp)
    dce8:	0200c825 	move	t9,s0
    dcec:	8fa514c4 	lw	a1,5316(sp)
    dcf0:	0411f340 	bal	a9f4 <main@@Base+0x86b4>
    dcf4:	24e76684 	addiu	a3,a3,26244
    dcf8:	8fbc0020 	lw	gp,32(sp)
    dcfc:	32420004 	andi	v0,s2,0x4
    dd00:	10400013 	beqz	v0,dd50 <main@@Base+0xba10>
    dd04:	24110070 	li	s1,112
    dd08:	8f878038 	lw	a3,-32712(gp)
    dd0c:	8fa414c0 	lw	a0,5312(sp)
    dd10:	24060061 	li	a2,97
    dd14:	8fa514c4 	lw	a1,5316(sp)
    dd18:	0200c825 	move	t9,s0
    dd1c:	24e765ec 	addiu	a3,a3,26092
    dd20:	0411f334 	bal	a9f4 <main@@Base+0x86b4>
    dd24:	afb10010 	sw	s1,16(sp)
    dd28:	24060061 	li	a2,97
    dd2c:	8fbc0020 	lw	gp,32(sp)
    dd30:	0200c825 	move	t9,s0
    dd34:	8fa414c0 	lw	a0,5312(sp)
    dd38:	8fa514c4 	lw	a1,5316(sp)
    dd3c:	afb10010 	sw	s1,16(sp)
    dd40:	8f878038 	lw	a3,-32712(gp)
    dd44:	0411f32b 	bal	a9f4 <main@@Base+0x86b4>
    dd48:	24e76698 	addiu	a3,a3,26264
    dd4c:	8fbc0020 	lw	gp,32(sp)
    dd50:	32420008 	andi	v0,s2,0x8
    dd54:	10400015 	beqz	v0,ddac <main@@Base+0xba6c>
    dd58:	24023e80 	li	v0,16000
    dd5c:	8f878038 	lw	a3,-32712(gp)
    dd60:	8fa414c0 	lw	a0,5312(sp)
    dd64:	24110071 	li	s1,113
    dd68:	8fa514c4 	lw	a1,5316(sp)
    dd6c:	24060061 	li	a2,97
    dd70:	24e766c0 	addiu	a3,a3,26304
    dd74:	afa20014 	sw	v0,20(sp)
    dd78:	0200c825 	move	t9,s0
    dd7c:	0411f31d 	bal	a9f4 <main@@Base+0x86b4>
    dd80:	afb10010 	sw	s1,16(sp)
    dd84:	24060061 	li	a2,97
    dd88:	8fbc0020 	lw	gp,32(sp)
    dd8c:	0200c825 	move	t9,s0
    dd90:	8fa414c0 	lw	a0,5312(sp)
    dd94:	8fa514c4 	lw	a1,5316(sp)
    dd98:	afb10010 	sw	s1,16(sp)
    dd9c:	8f878038 	lw	a3,-32712(gp)
    dda0:	0411f314 	bal	a9f4 <main@@Base+0x86b4>
    dda4:	24e766e0 	addiu	a3,a3,26336
    dda8:	8fbc0020 	lw	gp,32(sp)
    ddac:	32520010 	andi	s2,s2,0x10
    ddb0:	1240000c 	beqz	s2,dde4 <main@@Base+0xbaa4>
    ddb4:	8f878038 	lw	a3,-32712(gp)
    ddb8:	24023e80 	li	v0,16000
    ddbc:	8fa414c0 	lw	a0,5312(sp)
    ddc0:	24060061 	li	a2,97
    ddc4:	8fa514c4 	lw	a1,5316(sp)
    ddc8:	0200c825 	move	t9,s0
    ddcc:	afa20014 	sw	v0,20(sp)
    ddd0:	24020072 	li	v0,114
    ddd4:	24e76604 	addiu	a3,a3,26116
    ddd8:	0411f306 	bal	a9f4 <main@@Base+0x86b4>
    dddc:	afa20010 	sw	v0,16(sp)
    dde0:	8fbc0020 	lw	gp,32(sp)
    dde4:	8f878038 	lw	a3,-32712(gp)
    dde8:	24060061 	li	a2,97
    ddec:	8fa414c0 	lw	a0,5312(sp)
    ddf0:	0200c825 	move	t9,s0
    ddf4:	8fa514c4 	lw	a1,5316(sp)
    ddf8:	0411f2fe 	bal	a9f4 <main@@Base+0x86b4>
    ddfc:	24e76758 	addiu	a3,a3,26456
    de00:	1000fd2e 	b	d2bc <main@@Base+0xaf7c>
    de04:	8fbc0020 	lw	gp,32(sp)
    de08:	3c1c0001 	lui	gp,0x1
    de0c:	279c31f8 	addiu	gp,gp,12792
    de10:	0399e021 	addu	gp,gp,t9
    de14:	8c820000 	lw	v0,0(a0)
    de18:	27bdfe58 	addiu	sp,sp,-424
    de1c:	afb00180 	sw	s0,384(sp)
    de20:	00808025 	move	s0,a0
    de24:	afbc0018 	sw	gp,24(sp)
    de28:	afb20188 	sw	s2,392(sp)
    de2c:	afbf01a4 	sw	ra,420(sp)
    de30:	afbe01a0 	sw	s8,416(sp)
    de34:	afb7019c 	sw	s7,412(sp)
    de38:	afb60198 	sw	s6,408(sp)
    de3c:	afb50194 	sw	s5,404(sp)
    de40:	afb40190 	sw	s4,400(sp)
    de44:	afb3018c 	sw	s3,396(sp)
    de48:	afb10184 	sw	s1,388(sp)
    de4c:	afa501ac 	sw	a1,428(sp)
    de50:	8c441084 	lw	a0,4228(v0)
    de54:	14800021 	bnez	a0,dedc <main@@Base+0xbb9c>
    de58:	00c09025 	move	s2,a2
    de5c:	8f828034 	lw	v0,-32716(gp)
    de60:	27a4014c 	addiu	a0,sp,332
    de64:	8f858038 	lw	a1,-32712(gp)
    de68:	24426134 	addiu	v0,v0,24884
    de6c:	24a56638 	addiu	a1,a1,26168
    de70:	0040c825 	move	t9,v0
    de74:	0411e0af 	bal	6134 <main@@Base+0x3df4>
    de78:	afa20168 	sw	v0,360(sp)
    de7c:	27a7015c 	addiu	a3,sp,348
    de80:	8fbc0018 	lw	gp,24(sp)
    de84:	26440014 	addiu	a0,s2,20
    de88:	8fa5014c 	lw	a1,332(sp)
    de8c:	8fa60150 	lw	a2,336(sp)
    de90:	8f998070 	lw	t9,-32656(gp)
    de94:	0411fa09 	bal	c6bc <main@@Base+0xa37c>
    de98:	afa0015c 	sw	zero,348(sp)
    de9c:	8fbc0018 	lw	gp,24(sp)
    dea0:	14400015 	bnez	v0,def8 <main@@Base+0xbbb8>
    dea4:	0040b025 	move	s6,v0
    dea8:	24020001 	li	v0,1
    deac:	8fbf01a4 	lw	ra,420(sp)
    deb0:	8fbe01a0 	lw	s8,416(sp)
    deb4:	8fb7019c 	lw	s7,412(sp)
    deb8:	8fb60198 	lw	s6,408(sp)
    debc:	8fb50194 	lw	s5,404(sp)
    dec0:	8fb40190 	lw	s4,400(sp)
    dec4:	8fb3018c 	lw	s3,396(sp)
    dec8:	8fb20188 	lw	s2,392(sp)
    decc:	8fb10184 	lw	s1,388(sp)
    ded0:	8fb00180 	lw	s0,384(sp)
    ded4:	03e00008 	jr	ra
    ded8:	27bd01a8 	addiu	sp,sp,424
    dedc:	8f998074 	lw	t9,-32652(gp)
    dee0:	04111485 	bal	130f8 <main@@Base+0x10db8>
    dee4:	00000000 	nop
    dee8:	1040ffdc 	beqz	v0,de5c <main@@Base+0xbb1c>
    deec:	8fbc0018 	lw	gp,24(sp)
    def0:	1000ffee 	b	deac <main@@Base+0xbb6c>
    def4:	00001025 	move	v0,zero
    def8:	8e020000 	lw	v0,0(s0)
    defc:	00003825 	move	a3,zero
    df00:	8f868038 	lw	a2,-32712(gp)
    df04:	00008825 	move	s1,zero
    df08:	8f858038 	lw	a1,-32712(gp)
    df0c:	0000f025 	move	s8,zero
    df10:	8f99823c 	lw	t9,-32196(gp)
    df14:	8c44000c 	lw	a0,12(v0)
    df18:	24c6662c 	addiu	a2,a2,26156
    df1c:	24a56008 	addiu	a1,a1,24584
    df20:	0320f809 	jalr	t9
    df24:	8fb3015c 	lw	s3,348(sp)
    df28:	27a40154 	addiu	a0,sp,340
    df2c:	8fbc0018 	lw	gp,24(sp)
    df30:	8fb90168 	lw	t9,360(sp)
    df34:	afa2017c 	sw	v0,380(sp)
    df38:	8f858038 	lw	a1,-32712(gp)
    df3c:	0320f809 	jalr	t9
    df40:	24a56328 	addiu	a1,a1,25384
    df44:	00002825 	move	a1,zero
    df48:	8fbc0018 	lw	gp,24(sp)
    df4c:	8fb50154 	lw	s5,340(sp)
    df50:	8fb20158 	lw	s2,344(sp)
    df54:	8f828034 	lw	v0,-32716(gp)
    df58:	244260dc 	addiu	v0,v0,24796
    df5c:	afa2016c 	sw	v0,364(sp)
    df60:	8f828038 	lw	v0,-32712(gp)
    df64:	24426618 	addiu	v0,v0,26136
    df68:	afa20178 	sw	v0,376(sp)
    df6c:	8fb00160 	lw	s0,352(sp)
    df70:	00b0102b 	sltu	v0,a1,s0
    df74:	10400075 	beqz	v0,e14c <main@@Base+0xbe0c>
    df78:	24080020 	li	t0,32
    df7c:	24060009 	li	a2,9
    df80:	10000004 	b	df94 <main@@Base+0xbc54>
    df84:	2404002c 	li	a0,44
    df88:	24a50001 	addiu	a1,a1,1
    df8c:	12050011 	beq	s0,a1,dfd4 <main@@Base+0xbc94>
    df90:	24090020 	li	t1,32
    df94:	02651021 	addu	v0,s3,a1
    df98:	80420000 	lb	v0,0(v0)
    df9c:	1048fffa 	beq	v0,t0,df88 <main@@Base+0xbc48>
    dfa0:	00000000 	nop
    dfa4:	1046fff8 	beq	v0,a2,df88 <main@@Base+0xbc48>
    dfa8:	00000000 	nop
    dfac:	1044fff7 	beq	v0,a0,df8c <main@@Base+0xbc4c>
    dfb0:	24a50001 	addiu	a1,a1,1
    dfb4:	24a5ffff 	addiu	a1,a1,-1
    dfb8:	2404002c 	li	a0,44
    dfbc:	00a01025 	move	v0,a1
    dfc0:	0050302b 	sltu	a2,v0,s0
    dfc4:	14c00034 	bnez	a2,e098 <main@@Base+0xbd58>
    dfc8:	02623021 	addu	a2,s3,v0
    dfcc:	00408025 	move	s0,v0
    dfd0:	24090020 	li	t1,32
    dfd4:	24080009 	li	t0,9
    dfd8:	02003025 	move	a2,s0
    dfdc:	00a6102b 	sltu	v0,a1,a2
    dfe0:	10400034 	beqz	v0,e0b4 <main@@Base+0xbd74>
    dfe4:	24c4ffff 	addiu	a0,a2,-1
    dfe8:	02641021 	addu	v0,s3,a0
    dfec:	80420000 	lb	v0,0(v0)
    dff0:	1049002e 	beq	v0,t1,e0ac <main@@Base+0xbd6c>
    dff4:	00000000 	nop
    dff8:	1048002c 	beq	v0,t0,e0ac <main@@Base+0xbd6c>
    dffc:	8fb9016c 	lw	t9,364(sp)
    e000:	00c53023 	subu	a2,a2,a1
    e004:	27a40138 	addiu	a0,sp,312
    e008:	0320f809 	jalr	t9
    e00c:	02652821 	addu	a1,s3,a1
    e010:	8fa2017c 	lw	v0,380(sp)
    e014:	8fbc0018 	lw	gp,24(sp)
    e018:	8fb70138 	lw	s7,312(sp)
    e01c:	14400029 	bnez	v0,e0c4 <main@@Base+0xbd84>
    e020:	8fb40140 	lw	s4,320(sp)
    e024:	0011102b 	sltu	v0,zero,s1
    e028:	029e900a 	movz	s2,s4,s8
    e02c:	00021040 	sll	v0,v0,0x1
    e030:	24040100 	li	a0,256
    e034:	02fea80a 	movz	s5,s7,s8
    e038:	02824021 	addu	t0,s4,v0
    e03c:	00912023 	subu	a0,a0,s1
    e040:	0088202b 	sltu	a0,a0,t0
    e044:	1480001d 	bnez	a0,e0bc <main@@Base+0xbd7c>
    e048:	02c0f025 	move	s8,s6
    e04c:	12200006 	beqz	s1,e068 <main@@Base+0xbd28>
    e050:	27a40020 	addiu	a0,sp,32
    e054:	00912821 	addu	a1,a0,s1
    e058:	2406002c 	li	a2,44
    e05c:	a0a60000 	sb	a2,0(a1)
    e060:	24060020 	li	a2,32
    e064:	a0a60001 	sb	a2,1(a1)
    e068:	02221021 	addu	v0,s1,v0
    e06c:	8f998120 	lw	t9,-32480(gp)
    e070:	afa80170 	sw	t0,368(sp)
    e074:	02803025 	move	a2,s4
    e078:	00822021 	addu	a0,a0,v0
    e07c:	0320f809 	jalr	t9
    e080:	02e02825 	move	a1,s7
    e084:	02c0f025 	move	s8,s6
    e088:	8fa80170 	lw	t0,368(sp)
    e08c:	8fbc0018 	lw	gp,24(sp)
    e090:	1000000a 	b	e0bc <main@@Base+0xbd7c>
    e094:	02288821 	addu	s1,s1,t0
    e098:	80c60000 	lb	a2,0(a2)
    e09c:	10c4ffcb 	beq	a2,a0,dfcc <main@@Base+0xbc8c>
    e0a0:	00000000 	nop
    e0a4:	1000ffc6 	b	dfc0 <main@@Base+0xbc80>
    e0a8:	24420001 	addiu	v0,v0,1
    e0ac:	1000ffcb 	b	dfdc <main@@Base+0xbc9c>
    e0b0:	00803025 	move	a2,a0
    e0b4:	14a6ffd2 	bne	a1,a2,e000 <main@@Base+0xbcc0>
    e0b8:	8fb9016c 	lw	t9,364(sp)
    e0bc:	1000ffab 	b	df6c <main@@Base+0xbc2c>
    e0c0:	02002825 	move	a1,s0
    e0c4:	8fa50178 	lw	a1,376(sp)
    e0c8:	8fb90168 	lw	t9,360(sp)
    e0cc:	0320f809 	jalr	t9
    e0d0:	27a40144 	addiu	a0,sp,324
    e0d4:	27a40120 	addiu	a0,sp,288
    e0d8:	8fa20144 	lw	v0,324(sp)
    e0dc:	02803025 	move	a2,s4
    e0e0:	8fb9016c 	lw	t9,364(sp)
    e0e4:	02e02825 	move	a1,s7
    e0e8:	afa20174 	sw	v0,372(sp)
    e0ec:	8fa20148 	lw	v0,328(sp)
    e0f0:	0320f809 	jalr	t9
    e0f4:	afa20170 	sw	v0,368(sp)
    e0f8:	27a4012c 	addiu	a0,sp,300
    e0fc:	8fa60170 	lw	a2,368(sp)
    e100:	8fb9016c 	lw	t9,364(sp)
    e104:	0320f809 	jalr	t9
    e108:	8fa50174 	lw	a1,372(sp)
    e10c:	8fa20128 	lw	v0,296(sp)
    e110:	8fa60124 	lw	a2,292(sp)
    e114:	8fa40134 	lw	a0,308(sp)
    e118:	70c23002 	mul	a2,a2,v0
    e11c:	8fa20130 	lw	v0,304(sp)
    e120:	70441002 	mul	v0,v0,a0
    e124:	14c2ffbf 	bne	a2,v0,e024 <main@@Base+0xbce4>
    e128:	8fbc0018 	lw	gp,24(sp)
    e12c:	8f998390 	lw	t9,-31856(gp)
    e130:	8fa5012c 	lw	a1,300(sp)
    e134:	0320f809 	jalr	t9
    e138:	8fa40120 	lw	a0,288(sp)
    e13c:	1040ffdf 	beqz	v0,e0bc <main@@Base+0xbd7c>
    e140:	8fbc0018 	lw	gp,24(sp)
    e144:	1000ffb8 	b	e028 <main@@Base+0xbce8>
    e148:	0011102b 	sltu	v0,zero,s1
    e14c:	13c0ff57 	beqz	s8,deac <main@@Base+0xbb6c>
    e150:	24020001 	li	v0,1
    e154:	1620000b 	bnez	s1,e184 <main@@Base+0xbe44>
    e158:	27a40020 	addiu	a0,sp,32
    e15c:	24030100 	li	v1,256
    e160:	8f998120 	lw	t9,-32480(gp)
    e164:	2e420101 	sltiu	v0,s2,257
    e168:	0242180b 	movn	v1,s2,v0
    e16c:	02a02825 	move	a1,s5
    e170:	00603025 	move	a2,v1
    e174:	0320f809 	jalr	t9
    e178:	00608825 	move	s1,v1
    e17c:	8fbc0018 	lw	gp,24(sp)
    e180:	00402025 	move	a0,v0
    e184:	8f858038 	lw	a1,-32712(gp)
    e188:	2402000b 	li	v0,11
    e18c:	8f878038 	lw	a3,-32712(gp)
    e190:	2406000b 	li	a2,11
    e194:	8f998048 	lw	t9,-32696(gp)
    e198:	24a567a4 	addiu	a1,a1,26532
    e19c:	afa40014 	sw	a0,20(sp)
    e1a0:	afa2013c 	sw	v0,316(sp)
    e1a4:	24e75adc 	addiu	a3,a3,23260
    e1a8:	afa50138 	sw	a1,312(sp)
    e1ac:	afb10010 	sw	s1,16(sp)
    e1b0:	04110fef 	bal	12170 <main@@Base+0xfe30>
    e1b4:	8fa401ac 	lw	a0,428(sp)
    e1b8:	24050227 	li	a1,551
    e1bc:	8fbc0018 	lw	gp,24(sp)
    e1c0:	8fa401ac 	lw	a0,428(sp)
    e1c4:	8f868038 	lw	a2,-32712(gp)
    e1c8:	8f99804c 	lw	t9,-32692(gp)
    e1cc:	04111021 	bal	12254 <main@@Base+0xff14>
    e1d0:	24c667b0 	addiu	a2,a2,26544
    e1d4:	1000ff35 	b	deac <main@@Base+0xbb6c>
    e1d8:	00001025 	move	v0,zero
    e1dc:	3c1c0001 	lui	gp,0x1
    e1e0:	279c2e24 	addiu	gp,gp,11812
    e1e4:	0399e021 	addu	gp,gp,t9
    e1e8:	27bdffb0 	addiu	sp,sp,-80
    e1ec:	8c820000 	lw	v0,0(a0)
    e1f0:	24030002 	li	v1,2
    e1f4:	afa20018 	sw	v0,24(sp)
    e1f8:	8c820004 	lw	v0,4(a0)
    e1fc:	afb10040 	sw	s1,64(sp)
    e200:	00008825 	move	s1,zero
    e204:	afb0003c 	sw	s0,60(sp)
    e208:	27b00018 	addiu	s0,sp,24
    e20c:	afa2001c 	sw	v0,28(sp)
    e210:	8f828038 	lw	v0,-32712(gp)
    e214:	afb30048 	sw	s3,72(sp)
    e218:	00a09825 	move	s3,a1
    e21c:	afb20044 	sw	s2,68(sp)
    e220:	00c09025 	move	s2,a2
    e224:	244267c8 	addiu	v0,v0,26568
    e228:	afbc0010 	sw	gp,16(sp)
    e22c:	afbf004c 	sw	ra,76(sp)
    e230:	afa20020 	sw	v0,32(sp)
    e234:	8c820008 	lw	v0,8(a0)
    e238:	afa50054 	sw	a1,84(sp)
    e23c:	afa60058 	sw	a2,88(sp)
    e240:	afa20028 	sw	v0,40(sp)
    e244:	8c82000c 	lw	v0,12(a0)
    e248:	afa30024 	sw	v1,36(sp)
    e24c:	afa30034 	sw	v1,52(sp)
    e250:	afa2002c 	sw	v0,44(sp)
    e254:	8f828038 	lw	v0,-32712(gp)
    e258:	244261f0 	addiu	v0,v0,25072
    e25c:	afa20030 	sw	v0,48(sp)
    e260:	8e590000 	lw	t9,0(s2)
    e264:	02602025 	move	a0,s3
    e268:	8e050000 	lw	a1,0(s0)
    e26c:	0320f809 	jalr	t9
    e270:	8e060004 	lw	a2,4(s0)
    e274:	04400006 	bltz	v0,e290 <main@@Base+0xbf50>
    e278:	8fbf004c 	lw	ra,76(sp)
    e27c:	02228821 	addu	s1,s1,v0
    e280:	26100008 	addiu	s0,s0,8
    e284:	27a20038 	addiu	v0,sp,56
    e288:	1602fff5 	bne	s0,v0,e260 <main@@Base+0xbf20>
    e28c:	00000000 	nop
    e290:	02201025 	move	v0,s1
    e294:	8fb30048 	lw	s3,72(sp)
    e298:	8fb20044 	lw	s2,68(sp)
    e29c:	8fb10040 	lw	s1,64(sp)
    e2a0:	8fb0003c 	lw	s0,60(sp)
    e2a4:	03e00008 	jr	ra
    e2a8:	27bd0050 	addiu	sp,sp,80
    e2ac:	24030002 	li	v1,2
    e2b0:	ac860008 	sw	a2,8(a0)
    e2b4:	00801025 	move	v0,a0
    e2b8:	ac87000c 	sw	a3,12(a0)
    e2bc:	ac830000 	sw	v1,0(a0)
    e2c0:	03e00008 	jr	ra
    e2c4:	ac850004 	sw	a1,4(a0)
    e2c8:	3c1c0001 	lui	gp,0x1
    e2cc:	279c2d38 	addiu	gp,gp,11576
    e2d0:	0399e021 	addu	gp,gp,t9
    e2d4:	27bdffd0 	addiu	sp,sp,-48
    e2d8:	00e0c825 	move	t9,a3
    e2dc:	afb10024 	sw	s1,36(sp)
    e2e0:	00008825 	move	s1,zero
    e2e4:	afb20028 	sw	s2,40(sp)
    e2e8:	00a09025 	move	s2,a1
    e2ec:	afb00020 	sw	s0,32(sp)
    e2f0:	00808025 	move	s0,a0
    e2f4:	afbc0010 	sw	gp,16(sp)
    e2f8:	afbf002c 	sw	ra,44(sp)
    e2fc:	afa50034 	sw	a1,52(sp)
    e300:	afa60038 	sw	a2,56(sp)
    e304:	16260007 	bne	s1,a2,e324 <main@@Base+0xbfe4>
    e308:	02511021 	addu	v0,s2,s1
    e30c:	8f998034 	lw	t9,-32716(gp)
    e310:	2739569c 	addiu	t9,t9,22172
    e314:	0411dce1 	bal	569c <main@@Base+0x335c>
    e318:	02002025 	move	a0,s0
    e31c:	1000000f 	b	e35c <main@@Base+0xc01c>
    e320:	8fbf002c 	lw	ra,44(sp)
    e324:	8fa50040 	lw	a1,64(sp)
    e328:	afa60018 	sw	a2,24(sp)
    e32c:	afb9003c 	sw	t9,60(sp)
    e330:	0320f809 	jalr	t9
    e334:	80440000 	lb	a0,0(v0)
    e338:	8fbc0010 	lw	gp,16(sp)
    e33c:	8fb9003c 	lw	t9,60(sp)
    e340:	1440000c 	bnez	v0,e374 <main@@Base+0xc034>
    e344:	8fa60018 	lw	a2,24(sp)
    e348:	8f998078 	lw	t9,-32648(gp)
    e34c:	02202825 	move	a1,s1
    e350:	0411f8ad 	bal	c608 <main@@Base+0xa2c8>
    e354:	02002025 	move	a0,s0
    e358:	8fbf002c 	lw	ra,44(sp)
    e35c:	02001025 	move	v0,s0
    e360:	8fb20028 	lw	s2,40(sp)
    e364:	8fb10024 	lw	s1,36(sp)
    e368:	8fb00020 	lw	s0,32(sp)
    e36c:	03e00008 	jr	ra
    e370:	27bd0030 	addiu	sp,sp,48
    e374:	1000ffe3 	b	e304 <main@@Base+0xbfc4>
    e378:	26310001 	addiu	s1,s1,1
    e37c:	3c1c0001 	lui	gp,0x1
    e380:	279c2c84 	addiu	gp,gp,11396
    e384:	0399e021 	addu	gp,gp,t9
    e388:	27bdff98 	addiu	sp,sp,-104
    e38c:	8f99810c 	lw	t9,-32500(gp)
    e390:	afbc0018 	sw	gp,24(sp)
    e394:	afbf0064 	sw	ra,100(sp)
    e398:	afb40060 	sw	s4,96(sp)
    e39c:	00a0a025 	move	s4,a1
    e3a0:	afb3005c 	sw	s3,92(sp)
    e3a4:	00e09825 	move	s3,a3
    e3a8:	afb20058 	sw	s2,88(sp)
    e3ac:	00c09025 	move	s2,a2
    e3b0:	afb10054 	sw	s1,84(sp)
    e3b4:	afb00050 	sw	s0,80(sp)
    e3b8:	00808025 	move	s0,a0
    e3bc:	0320f809 	jalr	t9
    e3c0:	00e02025 	move	a0,a3
    e3c4:	02602825 	move	a1,s3
    e3c8:	8fbc0018 	lw	gp,24(sp)
    e3cc:	00408825 	move	s1,v0
    e3d0:	02203025 	move	a2,s1
    e3d4:	0052102b 	sltu	v0,v0,s2
    e3d8:	0242300a 	movz	a2,s2,v0
    e3dc:	02802025 	move	a0,s4
    e3e0:	8f998390 	lw	t9,-31856(gp)
    e3e4:	0320f809 	jalr	t9
    e3e8:	afa60048 	sw	a2,72(sp)
    e3ec:	8fbc0018 	lw	gp,24(sp)
    e3f0:	10400021 	beqz	v0,e478 <main@@Base+0xc138>
    e3f4:	8fa60048 	lw	a2,72(sp)
    e3f8:	8f998120 	lw	t9,-32480(gp)
    e3fc:	24020001 	li	v0,1
    e400:	27a50020 	addiu	a1,sp,32
    e404:	afa60030 	sw	a2,48(sp)
    e408:	27a40034 	addiu	a0,sp,52
    e40c:	afb30024 	sw	s3,36(sp)
    e410:	24060014 	li	a2,20
    e414:	afb10028 	sw	s1,40(sp)
    e418:	afa20020 	sw	v0,32(sp)
    e41c:	0320f809 	jalr	t9
    e420:	afb4002c 	sw	s4,44(sp)
    e424:	02002025 	move	a0,s0
    e428:	8fbc0018 	lw	gp,24(sp)
    e42c:	8fa20040 	lw	v0,64(sp)
    e430:	8fa50034 	lw	a1,52(sp)
    e434:	8fa60038 	lw	a2,56(sp)
    e438:	8f998038 	lw	t9,-32712(gp)
    e43c:	8fa7003c 	lw	a3,60(sp)
    e440:	afa20010 	sw	v0,16(sp)
    e444:	8fa20044 	lw	v0,68(sp)
    e448:	2739c650 	addiu	t9,t9,-14768
    e44c:	0411f880 	bal	c650 <main@@Base+0xa310>
    e450:	afa20014 	sw	v0,20(sp)
    e454:	8fbf0064 	lw	ra,100(sp)
    e458:	02001025 	move	v0,s0
    e45c:	8fb40060 	lw	s4,96(sp)
    e460:	8fb3005c 	lw	s3,92(sp)
    e464:	8fb20058 	lw	s2,88(sp)
    e468:	8fb10054 	lw	s1,84(sp)
    e46c:	8fb00050 	lw	s0,80(sp)
    e470:	03e00008 	jr	ra
    e474:	27bd0068 	addiu	sp,sp,104
    e478:	0251902b 	sltu	s2,s2,s1
    e47c:	12400007 	beqz	s2,e49c <main@@Base+0xc15c>
    e480:	8f998078 	lw	t9,-32648(gp)
    e484:	8f998034 	lw	t9,-32716(gp)
    e488:	2739569c 	addiu	t9,t9,22172
    e48c:	0411dc83 	bal	569c <main@@Base+0x335c>
    e490:	02002025 	move	a0,s0
    e494:	1000fff0 	b	e458 <main@@Base+0xc118>
    e498:	8fbf0064 	lw	ra,100(sp)
    e49c:	02202825 	move	a1,s1
    e4a0:	0411f859 	bal	c608 <main@@Base+0xa2c8>
    e4a4:	02002025 	move	a0,s0
    e4a8:	1000ffeb 	b	e458 <main@@Base+0xc118>
    e4ac:	8fbf0064 	lw	ra,100(sp)
    e4b0:	3c1c0001 	lui	gp,0x1
    e4b4:	279c2b50 	addiu	gp,gp,11088
    e4b8:	0399e021 	addu	gp,gp,t9
    e4bc:	27bdffb8 	addiu	sp,sp,-72
    e4c0:	8f878034 	lw	a3,-32716(gp)
    e4c4:	afa60050 	sw	a2,80(sp)
    e4c8:	00a03025 	move	a2,a1
    e4cc:	afbc0018 	sw	gp,24(sp)
    e4d0:	24e75ab0 	addiu	a3,a3,23216
    e4d4:	afb00040 	sw	s0,64(sp)
    e4d8:	00808025 	move	s0,a0
    e4dc:	afbf0044 	sw	ra,68(sp)
    e4e0:	00e0c825 	move	t9,a3
    e4e4:	afa5004c 	sw	a1,76(sp)
    e4e8:	00002825 	move	a1,zero
    e4ec:	afa6003c 	sw	a2,60(sp)
    e4f0:	afa70038 	sw	a3,56(sp)
    e4f4:	0411dd6e 	bal	5ab0 <main@@Base+0x3770>
    e4f8:	80c40000 	lb	a0,0(a2)
    e4fc:	8fbc0018 	lw	gp,24(sp)
    e500:	8fa70038 	lw	a3,56(sp)
    e504:	14400017 	bnez	v0,e564 <main@@Base+0xc224>
    e508:	8fa6003c 	lw	a2,60(sp)
    e50c:	8f99807c 	lw	t9,-32644(gp)
    e510:	00002825 	move	a1,zero
    e514:	8fa70050 	lw	a3,80(sp)
    e518:	0411ff64 	bal	e2ac <main@@Base+0xbf6c>
    e51c:	27a40020 	addiu	a0,sp,32
    e520:	02002025 	move	a0,s0
    e524:	8fbc0018 	lw	gp,24(sp)
    e528:	8fa2002c 	lw	v0,44(sp)
    e52c:	8fa50020 	lw	a1,32(sp)
    e530:	8fa60024 	lw	a2,36(sp)
    e534:	8f998038 	lw	t9,-32712(gp)
    e538:	8fa70028 	lw	a3,40(sp)
    e53c:	afa20010 	sw	v0,16(sp)
    e540:	8fa20030 	lw	v0,48(sp)
    e544:	2739c650 	addiu	t9,t9,-14768
    e548:	0411f841 	bal	c650 <main@@Base+0xa310>
    e54c:	afa20014 	sw	v0,20(sp)
    e550:	8fbf0044 	lw	ra,68(sp)
    e554:	02001025 	move	v0,s0
    e558:	8fb00040 	lw	s0,64(sp)
    e55c:	03e00008 	jr	ra
    e560:	27bd0048 	addiu	sp,sp,72
    e564:	00c02825 	move	a1,a2
    e568:	8f998080 	lw	t9,-32640(gp)
    e56c:	8fa60050 	lw	a2,80(sp)
    e570:	02002025 	move	a0,s0
    e574:	0411ff54 	bal	e2c8 <main@@Base+0xbf88>
    e578:	afa00010 	sw	zero,16(sp)
    e57c:	1000fff5 	b	e554 <main@@Base+0xc214>
    e580:	8fbf0044 	lw	ra,68(sp)
    e584:	3c1c0001 	lui	gp,0x1
    e588:	279c2a7c 	addiu	gp,gp,10876
    e58c:	0399e021 	addu	gp,gp,t9
    e590:	27bdffd8 	addiu	sp,sp,-40
    e594:	8f998120 	lw	t9,-32480(gp)
    e598:	00c01825 	move	v1,a2
    e59c:	00a03025 	move	a2,a1
    e5a0:	afbf0024 	sw	ra,36(sp)
    e5a4:	afbc0010 	sw	gp,16(sp)
    e5a8:	afa50018 	sw	a1,24(sp)
    e5ac:	00802825 	move	a1,a0
    e5b0:	0320f809 	jalr	t9
    e5b4:	00602025 	move	a0,v1
    e5b8:	8fa60018 	lw	a2,24(sp)
    e5bc:	00463021 	addu	a2,v0,a2
    e5c0:	a0c00000 	sb	zero,0(a2)
    e5c4:	8fbf0024 	lw	ra,36(sp)
    e5c8:	03e00008 	jr	ra
    e5cc:	27bd0028 	addiu	sp,sp,40
    e5d0:	3c1c0001 	lui	gp,0x1
    e5d4:	279c2a30 	addiu	gp,gp,10800
    e5d8:	0399e021 	addu	gp,gp,t9
    e5dc:	24c20008 	addiu	v0,a2,8
    e5e0:	27bdff58 	addiu	sp,sp,-168
    e5e4:	7c021004 	ins	v0,zero,0x0,0x3
    e5e8:	00c01825 	move	v1,a2
    e5ec:	afbf00a4 	sw	ra,164(sp)
    e5f0:	afbe00a0 	sw	s8,160(sp)
    e5f4:	03a0f025 	move	s8,sp
    e5f8:	afb10084 	sw	s1,132(sp)
    e5fc:	afbc0010 	sw	gp,16(sp)
    e600:	afb7009c 	sw	s7,156(sp)
    e604:	afb60098 	sw	s6,152(sp)
    e608:	afb50094 	sw	s5,148(sp)
    e60c:	afb40090 	sw	s4,144(sp)
    e610:	afb3008c 	sw	s3,140(sp)
    e614:	afb20088 	sw	s2,136(sp)
    e618:	afb00080 	sw	s0,128(sp)
    e61c:	03a2e823 	subu	sp,sp,v0
    e620:	8f828038 	lw	v0,-32712(gp)
    e624:	27a60010 	addiu	a2,sp,16
    e628:	afc400a8 	sw	a0,168(s8)
    e62c:	00a02025 	move	a0,a1
    e630:	2442e584 	addiu	v0,v0,-6780
    e634:	00602825 	move	a1,v1
    e638:	0040c825 	move	t9,v0
    e63c:	0411ffd1 	bal	e584 <main@@Base+0xc244>
    e640:	afc20064 	sw	v0,100(s8)
    e644:	24060007 	li	a2,7
    e648:	8fdc0010 	lw	gp,16(s8)
    e64c:	00402025 	move	a0,v0
    e650:	00408825 	move	s1,v0
    e654:	8f858038 	lw	a1,-32712(gp)
    e658:	8f9982ec 	lw	t9,-32020(gp)
    e65c:	0320f809 	jalr	t9
    e660:	24a567cc 	addiu	a1,a1,26572
    e664:	8fdc0010 	lw	gp,16(s8)
    e668:	10400011 	beqz	v0,e6b0 <main@@Base+0xc370>
    e66c:	afc20060 	sw	v0,96(s8)
    e670:	2402ffff 	li	v0,-1
    e674:	afc20060 	sw	v0,96(s8)
    e678:	8fc20060 	lw	v0,96(s8)
    e67c:	03c0e825 	move	sp,s8
    e680:	8fbf00a4 	lw	ra,164(sp)
    e684:	8fbe00a0 	lw	s8,160(sp)
    e688:	8fb7009c 	lw	s7,156(sp)
    e68c:	8fb60098 	lw	s6,152(sp)
    e690:	8fb50094 	lw	s5,148(sp)
    e694:	8fb40090 	lw	s4,144(sp)
    e698:	8fb3008c 	lw	s3,140(sp)
    e69c:	8fb20088 	lw	s2,136(sp)
    e6a0:	8fb10084 	lw	s1,132(sp)
    e6a4:	8fb00080 	lw	s0,128(sp)
    e6a8:	03e00008 	jr	ra
    e6ac:	27bd00a8 	addiu	sp,sp,168
    e6b0:	8f858038 	lw	a1,-32712(gp)
    e6b4:	24060004 	li	a2,4
    e6b8:	8f9982ec 	lw	t9,-32020(gp)
    e6bc:	26240007 	addiu	a0,s1,7
    e6c0:	0320f809 	jalr	t9
    e6c4:	24a567d4 	addiu	a1,a1,26580
    e6c8:	2405003b 	li	a1,59
    e6cc:	8fdc0010 	lw	gp,16(s8)
    e6d0:	0002102b 	sltu	v0,zero,v0
    e6d4:	afc20068 	sw	v0,104(s8)
    e6d8:	8f99825c 	lw	t9,-32164(gp)
    e6dc:	0320f809 	jalr	t9
    e6e0:	02202025 	move	a0,s1
    e6e4:	10400098 	beqz	v0,e948 <main@@Base+0xc608>
    e6e8:	8fdc0010 	lw	gp,16(s8)
    e6ec:	24440001 	addiu	a0,v0,1
    e6f0:	24020001 	li	v0,1
    e6f4:	00008825 	move	s1,zero
    e6f8:	afc2005c 	sw	v0,92(s8)
    e6fc:	00009025 	move	s2,zero
    e700:	afc20058 	sw	v0,88(s8)
    e704:	00009825 	move	s3,zero
    e708:	8f828038 	lw	v0,-32712(gp)
    e70c:	24150001 	li	s5,1
    e710:	0000b025 	move	s6,zero
    e714:	0000b825 	move	s7,zero
    e718:	244267dc 	addiu	v0,v0,26588
    e71c:	afc2006c 	sw	v0,108(s8)
    e720:	8f828038 	lw	v0,-32712(gp)
    e724:	244267e4 	addiu	v0,v0,26596
    e728:	afc20070 	sw	v0,112(s8)
    e72c:	8f828038 	lw	v0,-32712(gp)
    e730:	244267f0 	addiu	v0,v0,26608
    e734:	afc20074 	sw	v0,116(s8)
    e738:	8f99825c 	lw	t9,-32164(gp)
    e73c:	2405003b 	li	a1,59
    e740:	0320f809 	jalr	t9
    e744:	afc40078 	sw	a0,120(s8)
    e748:	8fc40078 	lw	a0,120(s8)
    e74c:	0040a025 	move	s4,v0
    e750:	8fdc0010 	lw	gp,16(s8)
    e754:	14400006 	bnez	v0,e770 <main@@Base+0xc430>
    e758:	00442823 	subu	a1,v0,a0
    e75c:	8f99810c 	lw	t9,-32500(gp)
    e760:	0320f809 	jalr	t9
    e764:	00000000 	nop
    e768:	8fc40078 	lw	a0,120(s8)
    e76c:	00402825 	move	a1,v0
    e770:	24a20008 	addiu	v0,a1,8
    e774:	8fd90064 	lw	t9,100(s8)
    e778:	7c021004 	ins	v0,zero,0x0,0x3
    e77c:	03a2e823 	subu	sp,sp,v0
    e780:	0320f809 	jalr	t9
    e784:	27a60010 	addiu	a2,sp,16
    e788:	24060007 	li	a2,7
    e78c:	8fdc0010 	lw	gp,16(s8)
    e790:	00402025 	move	a0,v0
    e794:	8fc5006c 	lw	a1,108(s8)
    e798:	8f9982ec 	lw	t9,-32020(gp)
    e79c:	0320f809 	jalr	t9
    e7a0:	00408025 	move	s0,v0
    e7a4:	10400064 	beqz	v0,e938 <main@@Base+0xc5f8>
    e7a8:	8fdc0010 	lw	gp,16(s8)
    e7ac:	8f9982ec 	lw	t9,-32020(gp)
    e7b0:	24060009 	li	a2,9
    e7b4:	8fc50070 	lw	a1,112(s8)
    e7b8:	0320f809 	jalr	t9
    e7bc:	02002025 	move	a0,s0
    e7c0:	1040005f 	beqz	v0,e940 <main@@Base+0xc600>
    e7c4:	8fdc0010 	lw	gp,16(s8)
    e7c8:	8f9982ec 	lw	t9,-32020(gp)
    e7cc:	2406000b 	li	a2,11
    e7d0:	8fc50074 	lw	a1,116(s8)
    e7d4:	0320f809 	jalr	t9
    e7d8:	02002025 	move	a0,s0
    e7dc:	1440001a 	bnez	v0,e848 <main@@Base+0xc508>
    e7e0:	8fdc0010 	lw	gp,16(s8)
    e7e4:	8f858038 	lw	a1,-32712(gp)
    e7e8:	27c70051 	addiu	a3,s8,81
    e7ec:	8f998358 	lw	t9,-31912(gp)
    e7f0:	27c60050 	addiu	a2,s8,80
    e7f4:	02002025 	move	a0,s0
    e7f8:	0320f809 	jalr	t9
    e7fc:	24a567fc 	addiu	a1,a1,26620
    e800:	24030002 	li	v1,2
    e804:	1443ff9a 	bne	v0,v1,e670 <main@@Base+0xc330>
    e808:	8fdc0010 	lw	gp,16(s8)
    e80c:	97c20050 	lhu	v0,80(s8)
    e810:	0000a825 	move	s5,zero
    e814:	83d30050 	lb	s3,80(s8)
    e818:	afc00040 	sw	zero,64(s8)
    e81c:	a7c20044 	sh	v0,68(s8)
    e820:	a3d30044 	sb	s3,68(s8)
    e824:	afc00038 	sw	zero,56(s8)
    e828:	afc00020 	sw	zero,32(s8)
    e82c:	8fc20044 	lw	v0,68(s8)
    e830:	afc2003c 	sw	v0,60(s8)
    e834:	afc20024 	sw	v0,36(s8)
    e838:	1280004c 	beqz	s4,e96c <main@@Base+0xc62c>
    e83c:	26840001 	addiu	a0,s4,1
    e840:	1000ffbe 	b	e73c <main@@Base+0xc3fc>
    e844:	8f99825c 	lw	t9,-32164(gp)
    e848:	8f858038 	lw	a1,-32712(gp)
    e84c:	2406000b 	li	a2,11
    e850:	8f9982ec 	lw	t9,-32020(gp)
    e854:	02002025 	move	a0,s0
    e858:	0320f809 	jalr	t9
    e85c:	24a56810 	addiu	a1,a1,26640
    e860:	14400017 	bnez	v0,e8c0 <main@@Base+0xc580>
    e864:	8fdc0010 	lw	gp,16(s8)
    e868:	8f858038 	lw	a1,-32712(gp)
    e86c:	27c70052 	addiu	a3,s8,82
    e870:	8f998358 	lw	t9,-31912(gp)
    e874:	27c60050 	addiu	a2,s8,80
    e878:	02002025 	move	a0,s0
    e87c:	0320f809 	jalr	t9
    e880:	24a5681c 	addiu	a1,a1,26652
    e884:	24030002 	li	v1,2
    e888:	1443ff79 	bne	v0,v1,e670 <main@@Base+0xc330>
    e88c:	8fdc0010 	lw	gp,16(s8)
    e890:	8fc20050 	lw	v0,80(s8)
    e894:	83d20050 	lb	s2,80(s8)
    e898:	afc00040 	sw	zero,64(s8)
    e89c:	afc20044 	sw	v0,68(s8)
    e8a0:	a3d20044 	sb	s2,68(s8)
    e8a4:	afc00038 	sw	zero,56(s8)
    e8a8:	afc00028 	sw	zero,40(s8)
    e8ac:	afc00058 	sw	zero,88(s8)
    e8b0:	8fc20044 	lw	v0,68(s8)
    e8b4:	afc2003c 	sw	v0,60(s8)
    e8b8:	1000ffdf 	b	e838 <main@@Base+0xc4f8>
    e8bc:	afc2002c 	sw	v0,44(s8)
    e8c0:	8f858038 	lw	a1,-32712(gp)
    e8c4:	2406000b 	li	a2,11
    e8c8:	8f9982ec 	lw	t9,-32020(gp)
    e8cc:	02002025 	move	a0,s0
    e8d0:	0320f809 	jalr	t9
    e8d4:	24a5682c 	addiu	a1,a1,26668
    e8d8:	1440ffd7 	bnez	v0,e838 <main@@Base+0xc4f8>
    e8dc:	8fdc0010 	lw	gp,16(s8)
    e8e0:	8f858038 	lw	a1,-32712(gp)
    e8e4:	27c70052 	addiu	a3,s8,82
    e8e8:	8f998358 	lw	t9,-31912(gp)
    e8ec:	27c60050 	addiu	a2,s8,80
    e8f0:	02002025 	move	a0,s0
    e8f4:	0320f809 	jalr	t9
    e8f8:	24a5681c 	addiu	a1,a1,26652
    e8fc:	24030002 	li	v1,2
    e900:	1443ff5b 	bne	v0,v1,e670 <main@@Base+0xc330>
    e904:	8fdc0010 	lw	gp,16(s8)
    e908:	8fc20050 	lw	v0,80(s8)
    e90c:	83d10050 	lb	s1,80(s8)
    e910:	afc00040 	sw	zero,64(s8)
    e914:	afc20044 	sw	v0,68(s8)
    e918:	a3d10044 	sb	s1,68(s8)
    e91c:	afc00038 	sw	zero,56(s8)
    e920:	afc00030 	sw	zero,48(s8)
    e924:	afc0005c 	sw	zero,92(s8)
    e928:	8fc20044 	lw	v0,68(s8)
    e92c:	afc2003c 	sw	v0,60(s8)
    e930:	1000ffc1 	b	e838 <main@@Base+0xc4f8>
    e934:	afc20034 	sw	v0,52(s8)
    e938:	1000ffbf 	b	e838 <main@@Base+0xc4f8>
    e93c:	24170001 	li	s7,1
    e940:	1000ffbd 	b	e838 <main@@Base+0xc4f8>
    e944:	24160001 	li	s6,1
    e948:	24020001 	li	v0,1
    e94c:	00008825 	move	s1,zero
    e950:	00009025 	move	s2,zero
    e954:	afc2005c 	sw	v0,92(s8)
    e958:	00009825 	move	s3,zero
    e95c:	afc20058 	sw	v0,88(s8)
    e960:	24150001 	li	s5,1
    e964:	0000b025 	move	s6,zero
    e968:	0000b825 	move	s7,zero
    e96c:	8fc20068 	lw	v0,104(s8)
    e970:	24060020 	li	a2,32
    e974:	8f998120 	lw	t9,-32480(gp)
    e978:	27c50018 	addiu	a1,s8,24
    e97c:	8fc400a8 	lw	a0,168(s8)
    e980:	afc20018 	sw	v0,24(s8)
    e984:	8fc20058 	lw	v0,88(s8)
    e988:	a3d7001c 	sb	s7,28(s8)
    e98c:	a3d6001d 	sb	s6,29(s8)
    e990:	afc20028 	sw	v0,40(s8)
    e994:	afd50020 	sw	s5,32(s8)
    e998:	a3d30024 	sb	s3,36(s8)
    e99c:	a3d2002c 	sb	s2,44(s8)
    e9a0:	a3d10034 	sb	s1,52(s8)
    e9a4:	8fc2005c 	lw	v0,92(s8)
    e9a8:	0320f809 	jalr	t9
    e9ac:	afc20030 	sw	v0,48(s8)
    e9b0:	1000ff32 	b	e67c <main@@Base+0xc33c>
    e9b4:	8fc20060 	lw	v0,96(s8)
    e9b8:	3c1c0001 	lui	gp,0x1
    e9bc:	279c2648 	addiu	gp,gp,9800
    e9c0:	0399e021 	addu	gp,gp,t9
    e9c4:	27bdfe88 	addiu	sp,sp,-376
    e9c8:	8f828034 	lw	v0,-32716(gp)
    e9cc:	afb00150 	sw	s0,336(sp)
    e9d0:	00a08025 	move	s0,a1
    e9d4:	afb3015c 	sw	s3,348(sp)
    e9d8:	24426134 	addiu	v0,v0,24884
    e9dc:	afbf0174 	sw	ra,372(sp)
    e9e0:	00809825 	move	s3,a0
    e9e4:	afa20140 	sw	v0,320(sp)
    e9e8:	27a40120 	addiu	a0,sp,288
    e9ec:	afbc0028 	sw	gp,40(sp)
    e9f0:	0040c825 	move	t9,v0
    e9f4:	afbe0170 	sw	s8,368(sp)
    e9f8:	afb7016c 	sw	s7,364(sp)
    e9fc:	afb60168 	sw	s6,360(sp)
    ea00:	afb50164 	sw	s5,356(sp)
    ea04:	afb40160 	sw	s4,352(sp)
    ea08:	afb20158 	sw	s2,344(sp)
    ea0c:	afb10154 	sw	s1,340(sp)
    ea10:	00c08825 	move	s1,a2
    ea14:	8f858038 	lw	a1,-32712(gp)
    ea18:	0411ddc6 	bal	6134 <main@@Base+0x3df4>
    ea1c:	24a56274 	addiu	a1,a1,25204
    ea20:	27a400d0 	addiu	a0,sp,208
    ea24:	8fbc0028 	lw	gp,40(sp)
    ea28:	8e36000c 	lw	s6,12(s1)
    ea2c:	8e3e0008 	lw	s8,8(s1)
    ea30:	8fb20120 	lw	s2,288(sp)
    ea34:	8f958034 	lw	s5,-32716(gp)
    ea38:	02c03025 	move	a2,s6
    ea3c:	8fb40124 	lw	s4,292(sp)
    ea40:	26b960dc 	addiu	t9,s5,24796
    ea44:	0320f809 	jalr	t9
    ea48:	03c02825 	move	a1,s8
    ea4c:	27a400dc 	addiu	a0,sp,220
    ea50:	26b960dc 	addiu	t9,s5,24796
    ea54:	02803025 	move	a2,s4
    ea58:	0320f809 	jalr	t9
    ea5c:	02402825 	move	a1,s2
    ea60:	8fbc0028 	lw	gp,40(sp)
    ea64:	8fa200e0 	lw	v0,224(sp)
    ea68:	8fa700dc 	lw	a3,220(sp)
    ea6c:	8fa600d8 	lw	a2,216(sp)
    ea70:	8f928034 	lw	s2,-32716(gp)
    ea74:	8fa400d0 	lw	a0,208(sp)
    ea78:	8fa500d4 	lw	a1,212(sp)
    ea7c:	afa20010 	sw	v0,16(sp)
    ea80:	26596184 	addiu	t9,s2,24964
    ea84:	8fa200e4 	lw	v0,228(sp)
    ea88:	0320f809 	jalr	t9
    ea8c:	afa20014 	sw	v0,20(sp)
    ea90:	27a40118 	addiu	a0,sp,280
    ea94:	8fbc0028 	lw	gp,40(sp)
    ea98:	0040a025 	move	s4,v0
    ea9c:	8fb90140 	lw	t9,320(sp)
    eaa0:	8f858038 	lw	a1,-32712(gp)
    eaa4:	0320f809 	jalr	t9
    eaa8:	24a5627c 	addiu	a1,a1,25212
    eaac:	27a400e8 	addiu	a0,sp,232
    eab0:	8fa20118 	lw	v0,280(sp)
    eab4:	26b960dc 	addiu	t9,s5,24796
    eab8:	8fb7011c 	lw	s7,284(sp)
    eabc:	02c03025 	move	a2,s6
    eac0:	03c02825 	move	a1,s8
    eac4:	0320f809 	jalr	t9
    eac8:	afa20144 	sw	v0,324(sp)
    eacc:	27a400f4 	addiu	a0,sp,244
    ead0:	8fa50144 	lw	a1,324(sp)
    ead4:	26b960dc 	addiu	t9,s5,24796
    ead8:	0320f809 	jalr	t9
    eadc:	02e03025 	move	a2,s7
    eae0:	26596184 	addiu	t9,s2,24964
    eae4:	8fa200f8 	lw	v0,248(sp)
    eae8:	8fa700f4 	lw	a3,244(sp)
    eaec:	8fa600f0 	lw	a2,240(sp)
    eaf0:	8fa400e8 	lw	a0,232(sp)
    eaf4:	8fa500ec 	lw	a1,236(sp)
    eaf8:	afa20010 	sw	v0,16(sp)
    eafc:	8fa200fc 	lw	v0,252(sp)
    eb00:	0320f809 	jalr	t9
    eb04:	afa20014 	sw	v0,20(sp)
    eb08:	27a40110 	addiu	a0,sp,272
    eb0c:	8fbc0028 	lw	gp,40(sp)
    eb10:	0040b025 	move	s6,v0
    eb14:	8fb90140 	lw	t9,320(sp)
    eb18:	8f978038 	lw	s7,-32712(gp)
    eb1c:	0320f809 	jalr	t9
    eb20:	26e56838 	addiu	a1,s7,26680
    eb24:	27a70130 	addiu	a3,sp,304
    eb28:	8fbc0028 	lw	gp,40(sp)
    eb2c:	26240014 	addiu	a0,s1,20
    eb30:	8fa50110 	lw	a1,272(sp)
    eb34:	8f998070 	lw	t9,-32656(gp)
    eb38:	0411f6e0 	bal	c6bc <main@@Base+0xa37c>
    eb3c:	8fa60114 	lw	a2,276(sp)
    eb40:	14400013 	bnez	v0,eb90 <main@@Base+0xc850>
    eb44:	8fbc0028 	lw	gp,40(sp)
    eb48:	8f868038 	lw	a2,-32712(gp)
    eb4c:	24c66844 	addiu	a2,a2,26692
    eb50:	24050190 	li	a1,400
    eb54:	8f99804c 	lw	t9,-32692(gp)
    eb58:	04110dbe 	bal	12254 <main@@Base+0xff14>
    eb5c:	02002025 	move	a0,s0
    eb60:	8fbf0174 	lw	ra,372(sp)
    eb64:	8fbe0170 	lw	s8,368(sp)
    eb68:	8fb7016c 	lw	s7,364(sp)
    eb6c:	8fb60168 	lw	s6,360(sp)
    eb70:	8fb50164 	lw	s5,356(sp)
    eb74:	8fb40160 	lw	s4,352(sp)
    eb78:	8fb3015c 	lw	s3,348(sp)
    eb7c:	8fb20158 	lw	s2,344(sp)
    eb80:	8fb10154 	lw	s1,340(sp)
    eb84:	8fb00150 	lw	s0,336(sp)
    eb88:	03e00008 	jr	ra
    eb8c:	27bd0178 	addiu	sp,sp,376
    eb90:	8f998038 	lw	t9,-32712(gp)
    eb94:	27a400b0 	addiu	a0,sp,176
    eb98:	8fa50130 	lw	a1,304(sp)
    eb9c:	2739e5d0 	addiu	t9,t9,-6704
    eba0:	0411fe8b 	bal	e5d0 <main@@Base+0xc290>
    eba4:	8fa60134 	lw	a2,308(sp)
    eba8:	2403ffff 	li	v1,-1
    ebac:	14430004 	bne	v0,v1,ebc0 <main@@Base+0xc880>
    ebb0:	8fbc0028 	lw	gp,40(sp)
    ebb4:	8f868038 	lw	a2,-32712(gp)
    ebb8:	1000ffe5 	b	eb50 <main@@Base+0xc810>
    ebbc:	24c6685c 	addiu	a2,a2,26716
    ebc0:	16c00017 	bnez	s6,ec20 <main@@Base+0xc8e0>
    ebc4:	00000000 	nop
    ebc8:	0000000f 	sync
    ebcc:	1280000d 	beqz	s4,ec04 <main@@Base+0xc8c4>
    ebd0:	00000000 	nop
    ebd4:	926200d0 	lbu	v0,208(s3)
    ebd8:	0000000f 	sync
    ebdc:	304200ff 	andi	v0,v0,0xff
    ebe0:	10400274 	beqz	v0,f5b4 <main@@Base+0xd274>
    ebe4:	00000000 	nop
    ebe8:	8e6200b8 	lw	v0,184(s3)
    ebec:	0002102b 	sltu	v0,zero,v0
    ebf0:	10400280 	beqz	v0,f5f4 <main@@Base+0xd2b4>
    ebf4:	8f868038 	lw	a2,-32712(gp)
    ebf8:	240501c7 	li	a1,455
    ebfc:	1000ffd5 	b	eb54 <main@@Base+0xc814>
    ec00:	24c66874 	addiu	a2,a2,26740
    ec04:	926200b0 	lbu	v0,176(s3)
    ec08:	0000000f 	sync
    ec0c:	304200ff 	andi	v0,v0,0xff
    ec10:	1040027a 	beqz	v0,f5fc <main@@Base+0xd2bc>
    ec14:	00000000 	nop
    ec18:	1000fff4 	b	ebec <main@@Base+0xc8ac>
    ec1c:	8e620098 	lw	v0,152(s3)
    ec20:	8e640114 	lw	a0,276(s3)
    ec24:	10800261 	beqz	a0,f5ac <main@@Base+0xd26c>
    ec28:	8f99805c 	lw	t9,-32676(gp)
    ec2c:	04110913 	bal	1107c <main@@Base+0xed3c>
    ec30:	00000000 	nop
    ec34:	8e64011c 	lw	a0,284(s3)
    ec38:	8fbc0028 	lw	gp,40(sp)
    ec3c:	10800006 	beqz	a0,ec58 <main@@Base+0xc918>
    ec40:	ae600114 	sw	zero,276(s3)
    ec44:	8f998038 	lw	t9,-32712(gp)
    ec48:	27398e1c 	addiu	t9,t9,-29156
    ec4c:	0411e873 	bal	8e1c <main@@Base+0x6adc>
    ec50:	24840008 	addiu	a0,a0,8
    ec54:	8fbc0028 	lw	gp,40(sp)
    ec58:	8f998150 	lw	t9,-32432(gp)
    ec5c:	0320f809 	jalr	t9
    ec60:	8e64011c 	lw	a0,284(s3)
    ec64:	92620128 	lbu	v0,296(s3)
    ec68:	8fbc0028 	lw	gp,40(sp)
    ec6c:	10400008 	beqz	v0,ec90 <main@@Base+0xc950>
    ec70:	ae60011c 	sw	zero,284(s3)
    ec74:	8e620124 	lw	v0,292(s3)
    ec78:	8c420008 	lw	v0,8(v0)
    ec7c:	8c590000 	lw	t9,0(v0)
    ec80:	0320f809 	jalr	t9
    ec84:	8e640120 	lw	a0,288(s3)
    ec88:	8fbc0028 	lw	gp,40(sp)
    ec8c:	a2600128 	sb	zero,296(s3)
    ec90:	8fa200b0 	lw	v0,176(sp)
    ec94:	1440007c 	bnez	v0,ee88 <main@@Base+0xcb48>
    ec98:	8fa200b8 	lw	v0,184(sp)
    ec9c:	14400061 	bnez	v0,ee24 <main@@Base+0xcae4>
    eca0:	24120001 	li	s2,1
    eca4:	93b500bc 	lbu	s5,188(sp)
    eca8:	93b200bd 	lbu	s2,189(sp)
    ecac:	8e020000 	lw	v0,0(s0)
    ecb0:	24040010 	li	a0,16
    ecb4:	8f998310 	lw	t9,-31984(gp)
    ecb8:	afa20144 	sw	v0,324(sp)
    ecbc:	8e020004 	lw	v0,4(s0)
    ecc0:	0320f809 	jalr	t9
    ecc4:	afa20148 	sw	v0,328(sp)
    ecc8:	24040010 	li	a0,16
    eccc:	8fbc0028 	lw	gp,40(sp)
    ecd0:	0040f025 	move	s8,v0
    ecd4:	8fa20144 	lw	v0,324(sp)
    ecd8:	afd50008 	sw	s5,8(s8)
    ecdc:	afc0000c 	sw	zero,12(s8)
    ece0:	afc20000 	sw	v0,0(s8)
    ece4:	8fa20148 	lw	v0,328(sp)
    ece8:	8f998310 	lw	t9,-31984(gp)
    ecec:	0320f809 	jalr	t9
    ecf0:	afc20004 	sw	v0,4(s8)
    ecf4:	26e56838 	addiu	a1,s7,26680
    ecf8:	00408825 	move	s1,v0
    ecfc:	8fa20144 	lw	v0,324(sp)
    ed00:	8fb90140 	lw	t9,320(sp)
    ed04:	27a40108 	addiu	a0,sp,264
    ed08:	ae320008 	sw	s2,8(s1)
    ed0c:	ae220000 	sw	v0,0(s1)
    ed10:	8fa20148 	lw	v0,328(sp)
    ed14:	ae20000c 	sw	zero,12(s1)
    ed18:	ae220004 	sw	v0,4(s1)
    ed1c:	24020001 	li	v0,1
    ed20:	0320f809 	jalr	t9
    ed24:	a2620109 	sb	v0,265(s3)
    ed28:	02002025 	move	a0,s0
    ed2c:	8fbc0028 	lw	gp,40(sp)
    ed30:	8fa50108 	lw	a1,264(sp)
    ed34:	8fa6010c 	lw	a2,268(sp)
    ed38:	afb20014 	sw	s2,20(sp)
    ed3c:	afb50010 	sw	s5,16(sp)
    ed40:	8f878038 	lw	a3,-32712(gp)
    ed44:	8f998048 	lw	t9,-32696(gp)
    ed48:	04110d09 	bal	12170 <main@@Base+0xfe30>
    ed4c:	24e76894 	addiu	a3,a3,26772
    ed50:	240602b8 	li	a2,696
    ed54:	8fbc0028 	lw	gp,40(sp)
    ed58:	24040004 	li	a0,4
    ed5c:	afb20018 	sw	s2,24(sp)
    ed60:	afb50014 	sw	s5,20(sp)
    ed64:	8f828038 	lw	v0,-32712(gp)
    ed68:	8f838038 	lw	v1,-32712(gp)
    ed6c:	8f878038 	lw	a3,-32712(gp)
    ed70:	244264f4 	addiu	v0,v0,25844
    ed74:	8f858038 	lw	a1,-32712(gp)
    ed78:	24636408 	addiu	v1,v1,25608
    ed7c:	8f998224 	lw	t9,-32220(gp)
    ed80:	24e768bc 	addiu	a3,a3,26812
    ed84:	0054180b 	movn	v1,v0,s4
    ed88:	24a55b6c 	addiu	a1,a1,23404
    ed8c:	8f828038 	lw	v0,-32712(gp)
    ed90:	2442662c 	addiu	v0,v0,26156
    ed94:	0076100a 	movz	v0,v1,s6
    ed98:	0320f809 	jalr	t9
    ed9c:	afa20010 	sw	v0,16(sp)
    eda0:	8fbc0028 	lw	gp,40(sp)
    eda4:	16c000fd 	bnez	s6,f19c <main@@Base+0xce5c>
    eda8:	8f858028 	lw	a1,-32728(gp)
    edac:	1280001f 	beqz	s4,ee2c <main@@Base+0xcaec>
    edb0:	00000000 	nop
    edb4:	a2720139 	sb	s2,313(s3)
    edb8:	24b28eb8 	addiu	s2,a1,-29000
    edbc:	8e620000 	lw	v0,0(s3)
    edc0:	90431068 	lbu	v1,4200(v0)
    edc4:	1460017e 	bnez	v1,f3c0 <main@@Base+0xd080>
    edc8:	00000000 	nop
    edcc:	8e420008 	lw	v0,8(s2)
    edd0:	8c590000 	lw	t9,0(v0)
    edd4:	0320f809 	jalr	t9
    edd8:	03c02025 	move	a0,s8
    eddc:	8e420008 	lw	v0,8(s2)
    ede0:	8c590000 	lw	t9,0(v0)
    ede4:	0320f809 	jalr	t9
    ede8:	02202025 	move	a0,s1
    edec:	8fbc0028 	lw	gp,40(sp)
    edf0:	8f868038 	lw	a2,-32712(gp)
    edf4:	24c669b0 	addiu	a2,a2,27056
    edf8:	1000ff56 	b	eb54 <main@@Base+0xc814>
    edfc:	24050194 	li	a1,404
    ee00:	8e64009c 	lw	a0,156(s3)
    ee04:	10800206 	beqz	a0,f620 <main@@Base+0xd2e0>
    ee08:	8f998034 	lw	t9,-32716(gp)
    ee0c:	2739590c 	addiu	t9,t9,22796
    ee10:	0411dabe 	bal	590c <main@@Base+0x35cc>
    ee14:	00000000 	nop
    ee18:	8fbc0028 	lw	gp,40(sp)
    ee1c:	100001ff 	b	f61c <main@@Base+0xd2dc>
    ee20:	ae60009c 	sw	zero,156(s3)
    ee24:	1000ffa1 	b	ecac <main@@Base+0xc96c>
    ee28:	0000a825 	move	s5,zero
    ee2c:	24b58eb8 	addiu	s5,a1,-29000
    ee30:	a2720138 	sb	s2,312(s3)
    ee34:	8e63010c 	lw	v1,268(s3)
    ee38:	8e620000 	lw	v0,0(s3)
    ee3c:	0000000f 	sync
    ee40:	00031a40 	sll	v1,v1,0x9
    ee44:	00431021 	addu	v0,v0,v1
    ee48:	8c420074 	lw	v0,116(v0)
    ee4c:	0000000f 	sync
    ee50:	1440018d 	bnez	v0,f488 <main@@Base+0xd148>
    ee54:	3c070001 	lui	a3,0x1
    ee58:	8ea20008 	lw	v0,8(s5)
    ee5c:	8c590000 	lw	t9,0(v0)
    ee60:	0320f809 	jalr	t9
    ee64:	03c02025 	move	a0,s8
    ee68:	8ea20008 	lw	v0,8(s5)
    ee6c:	8c590000 	lw	t9,0(v0)
    ee70:	0320f809 	jalr	t9
    ee74:	02202025 	move	a0,s1
    ee78:	8fbc0028 	lw	gp,40(sp)
    ee7c:	8f868038 	lw	a2,-32712(gp)
    ee80:	1000ffdd 	b	edf8 <main@@Base+0xcab8>
    ee84:	24c669c4 	addiu	a2,a2,27076
    ee88:	8fa200c0 	lw	v0,192(sp)
    ee8c:	1440000a 	bnez	v0,eeb8 <main@@Base+0xcb78>
    ee90:	8f868038 	lw	a2,-32712(gp)
    ee94:	96620008 	lhu	v0,8(s3)
    ee98:	24030002 	li	v1,2
    ee9c:	10430008 	beq	v0,v1,eec0 <main@@Base+0xcb80>
    eea0:	2403000a 	li	v1,10
    eea4:	10430007 	beq	v0,v1,eec4 <main@@Base+0xcb84>
    eea8:	26710010 	addiu	s1,s3,16
    eeac:	8f868038 	lw	a2,-32712(gp)
    eeb0:	1000ff27 	b	eb50 <main@@Base+0xc810>
    eeb4:	24c668fc 	addiu	a2,a2,26876
    eeb8:	1000ff25 	b	eb50 <main@@Base+0xc810>
    eebc:	24c668e4 	addiu	a2,a2,26852
    eec0:	2671000c 	addiu	s1,s3,12
    eec4:	97a200c4 	lhu	v0,196(sp)
    eec8:	afa20144 	sw	v0,324(sp)
    eecc:	97a200c6 	lhu	v0,198(sp)
    eed0:	12c00040 	beqz	s6,efd4 <main@@Base+0xcc94>
    eed4:	afa20148 	sw	v0,328(sp)
    eed8:	26720154 	addiu	s2,s3,340
    eedc:	26750158 	addiu	s5,s3,344
    eee0:	2669015d 	addiu	t1,s3,349
    eee4:	267e015c 	addiu	s8,s3,348
    eee8:	8ea60000 	lw	a2,0(s5)
    eeec:	04c00014 	bltz	a2,ef40 <main@@Base+0xcc00>
    eef0:	00000000 	nop
    eef4:	91220000 	lbu	v0,0(t1)
    eef8:	1040000c 	beqz	v0,ef2c <main@@Base+0xcbec>
    eefc:	8f9981d8 	lw	t9,-32296(gp)
    ef00:	8e620000 	lw	v0,0(s3)
    ef04:	00003825 	move	a3,zero
    ef08:	8f9981d4 	lw	t9,-32300(gp)
    ef0c:	24050002 	li	a1,2
    ef10:	afa9014c 	sw	t1,332(sp)
    ef14:	0320f809 	jalr	t9
    ef18:	8c440004 	lw	a0,4(v0)
    ef1c:	8fa9014c 	lw	t1,332(sp)
    ef20:	8fbc0028 	lw	gp,40(sp)
    ef24:	a1200000 	sb	zero,0(t1)
    ef28:	8f9981d8 	lw	t9,-32296(gp)
    ef2c:	0320f809 	jalr	t9
    ef30:	8ea40000 	lw	a0,0(s5)
    ef34:	2402ffff 	li	v0,-1
    ef38:	8fbc0028 	lw	gp,40(sp)
    ef3c:	aea20000 	sw	v0,0(s5)
    ef40:	8e460000 	lw	a2,0(s2)
    ef44:	04c00014 	bltz	a2,ef98 <main@@Base+0xcc58>
    ef48:	8f998038 	lw	t9,-32712(gp)
    ef4c:	13c0000c 	beqz	s8,ef80 <main@@Base+0xcc40>
    ef50:	8f9981d8 	lw	t9,-32296(gp)
    ef54:	93c20000 	lbu	v0,0(s8)
    ef58:	10400009 	beqz	v0,ef80 <main@@Base+0xcc40>
    ef5c:	00003825 	move	a3,zero
    ef60:	8e620000 	lw	v0,0(s3)
    ef64:	8f9981d4 	lw	t9,-32300(gp)
    ef68:	24050002 	li	a1,2
    ef6c:	0320f809 	jalr	t9
    ef70:	8c440004 	lw	a0,4(v0)
    ef74:	8fbc0028 	lw	gp,40(sp)
    ef78:	a3c00000 	sb	zero,0(s8)
    ef7c:	8f9981d8 	lw	t9,-32296(gp)
    ef80:	0320f809 	jalr	t9
    ef84:	8e440000 	lw	a0,0(s2)
    ef88:	2402ffff 	li	v0,-1
    ef8c:	8fbc0028 	lw	gp,40(sp)
    ef90:	ae420000 	sw	v0,0(s2)
    ef94:	8f998038 	lw	t9,-32712(gp)
    ef98:	02202825 	move	a1,s1
    ef9c:	8fa60144 	lw	a2,324(sp)
    efa0:	273ead70 	addiu	s8,t9,-21136
    efa4:	03c0c825 	move	t9,s8
    efa8:	0411ef71 	bal	ad70 <main@@Base+0x8a30>
    efac:	96640008 	lhu	a0,8(s3)
    efb0:	8fbc0028 	lw	gp,40(sp)
    efb4:	04410011 	bgez	v0,effc <main@@Base+0xccbc>
    efb8:	ae420000 	sw	v0,0(s2)
    efbc:	8f998084 	lw	t9,-32636(gp)
    efc0:	02002025 	move	a0,s0
    efc4:	0320f809 	jalr	t9
    efc8:	00000000 	nop
    efcc:	1000fee5 	b	eb64 <main@@Base+0xc824>
    efd0:	8fbf0174 	lw	ra,372(sp)
    efd4:	12800005 	beqz	s4,efec <main@@Base+0xccac>
    efd8:	26720148 	addiu	s2,s3,328
    efdc:	2675014c 	addiu	s5,s3,332
    efe0:	26690150 	addiu	t1,s3,336
    efe4:	1000ffc0 	b	eee8 <main@@Base+0xcba8>
    efe8:	0000f025 	move	s8,zero
    efec:	2672013c 	addiu	s2,s3,316
    eff0:	26750140 	addiu	s5,s3,320
    eff4:	1000fffb 	b	efe4 <main@@Base+0xcca4>
    eff8:	26690144 	addiu	t1,s3,324
    effc:	8fa60148 	lw	a2,328(sp)
    f000:	02202825 	move	a1,s1
    f004:	03c0c825 	move	t9,s8
    f008:	0411ef59 	bal	ad70 <main@@Base+0x8a30>
    f00c:	96640008 	lhu	a0,8(s3)
    f010:	8fbc0028 	lw	gp,40(sp)
    f014:	aea20000 	sw	v0,0(s5)
    f018:	04410008 	bgez	v0,f03c <main@@Base+0xccfc>
    f01c:	8e510000 	lw	s1,0(s2)
    f020:	8f9981d8 	lw	t9,-32296(gp)
    f024:	0320f809 	jalr	t9
    f028:	02202025 	move	a0,s1
    f02c:	2402ffff 	li	v0,-1
    f030:	8fbc0028 	lw	gp,40(sp)
    f034:	1000ffe1 	b	efbc <main@@Base+0xcc7c>
    f038:	ae420000 	sw	v0,0(s2)
    f03c:	8f998310 	lw	t9,-31984(gp)
    f040:	0320f809 	jalr	t9
    f044:	24040004 	li	a0,4
    f048:	24040004 	li	a0,4
    f04c:	8fbc0028 	lw	gp,40(sp)
    f050:	0040f025 	move	s8,v0
    f054:	ac510000 	sw	s1,0(v0)
    f058:	8ea30000 	lw	v1,0(s5)
    f05c:	8f998310 	lw	t9,-31984(gp)
    f060:	0320f809 	jalr	t9
    f064:	afa3014c 	sw	v1,332(sp)
    f068:	27a60108 	addiu	a2,sp,264
    f06c:	8fa3014c 	lw	v1,332(sp)
    f070:	00408825 	move	s1,v0
    f074:	8fbc0028 	lw	gp,40(sp)
    f078:	27a50030 	addiu	a1,sp,48
    f07c:	ac430000 	sw	v1,0(v0)
    f080:	24020080 	li	v0,128
    f084:	a2600109 	sb	zero,265(s3)
    f088:	afa20108 	sw	v0,264(sp)
    f08c:	8f998264 	lw	t9,-32156(gp)
    f090:	8e440000 	lw	a0,0(s2)
    f094:	0320f809 	jalr	t9
    f098:	00009025 	move	s2,zero
    f09c:	14400004 	bnez	v0,f0b0 <main@@Base+0xcd70>
    f0a0:	8fbc0028 	lw	gp,40(sp)
    f0a4:	97b20032 	lhu	s2,50(sp)
    f0a8:	7c1290a0 	wsbh	s2,s2
    f0ac:	3252ffff 	andi	s2,s2,0xffff
    f0b0:	24020080 	li	v0,128
    f0b4:	8f998264 	lw	t9,-32156(gp)
    f0b8:	27a60108 	addiu	a2,sp,264
    f0bc:	afa20108 	sw	v0,264(sp)
    f0c0:	27a50030 	addiu	a1,sp,48
    f0c4:	8ea40000 	lw	a0,0(s5)
    f0c8:	0320f809 	jalr	t9
    f0cc:	0000a825 	move	s5,zero
    f0d0:	14400004 	bnez	v0,f0e4 <main@@Base+0xcda4>
    f0d4:	8fb90140 	lw	t9,320(sp)
    f0d8:	97b50032 	lhu	s5,50(sp)
    f0dc:	7c15a8a0 	wsbh	s5,s5
    f0e0:	32b5ffff 	andi	s5,s5,0xffff
    f0e4:	26e56838 	addiu	a1,s7,26680
    f0e8:	0320f809 	jalr	t9
    f0ec:	27a40100 	addiu	a0,sp,256
    f0f0:	02002025 	move	a0,s0
    f0f4:	8fbc0028 	lw	gp,40(sp)
    f0f8:	8fa20148 	lw	v0,328(sp)
    f0fc:	8fa50100 	lw	a1,256(sp)
    f100:	8fa60104 	lw	a2,260(sp)
    f104:	8f878038 	lw	a3,-32712(gp)
    f108:	8f998048 	lw	t9,-32696(gp)
    f10c:	afa20014 	sw	v0,20(sp)
    f110:	afb5001c 	sw	s5,28(sp)
    f114:	24e76918 	addiu	a3,a3,26904
    f118:	afb20018 	sw	s2,24(sp)
    f11c:	8fa20144 	lw	v0,324(sp)
    f120:	04110c13 	bal	12170 <main@@Base+0xfe30>
    f124:	afa20010 	sw	v0,16(sp)
    f128:	2406032f 	li	a2,815
    f12c:	8fbc0028 	lw	gp,40(sp)
    f130:	24040004 	li	a0,4
    f134:	afb50020 	sw	s5,32(sp)
    f138:	afb2001c 	sw	s2,28(sp)
    f13c:	8f838038 	lw	v1,-32712(gp)
    f140:	8f828038 	lw	v0,-32712(gp)
    f144:	8f878038 	lw	a3,-32712(gp)
    f148:	246364f4 	addiu	v1,v1,25844
    f14c:	8f858038 	lw	a1,-32712(gp)
    f150:	24426408 	addiu	v0,v0,25608
    f154:	8f998224 	lw	t9,-32220(gp)
    f158:	24e76950 	addiu	a3,a3,26960
    f15c:	0074100b 	movn	v0,v1,s4
    f160:	24a55b6c 	addiu	a1,a1,23404
    f164:	8fa30148 	lw	v1,328(sp)
    f168:	afa20010 	sw	v0,16(sp)
    f16c:	afa30018 	sw	v1,24(sp)
    f170:	8fa30144 	lw	v1,324(sp)
    f174:	0320f809 	jalr	t9
    f178:	afa30014 	sw	v1,20(sp)
    f17c:	8fbc0028 	lw	gp,40(sp)
    f180:	8f928028 	lw	s2,-32728(gp)
    f184:	16c00006 	bnez	s6,f1a0 <main@@Base+0xce60>
    f188:	26558ec4 	addiu	s5,s2,-28988
    f18c:	1280ff29 	beqz	s4,ee34 <main@@Base+0xcaf4>
    f190:	02a09025 	move	s2,s5
    f194:	1000ff09 	b	edbc <main@@Base+0xca7c>
    f198:	00000000 	nop
    f19c:	24b58eb8 	addiu	s5,a1,-29000
    f1a0:	8f9981c4 	lw	t9,-32316(gp)
    f1a4:	24050640 	li	a1,1600
    f1a8:	24040001 	li	a0,1
    f1ac:	0320f809 	jalr	t9
    f1b0:	afa00128 	sw	zero,296(sp)
    f1b4:	8fbc0028 	lw	gp,40(sp)
    f1b8:	1440000b 	bnez	v0,f1e8 <main@@Base+0xcea8>
    f1bc:	0040b025 	move	s6,v0
    f1c0:	8ea20008 	lw	v0,8(s5)
    f1c4:	8c590000 	lw	t9,0(v0)
    f1c8:	0320f809 	jalr	t9
    f1cc:	03c02025 	move	a0,s8
    f1d0:	8ea20008 	lw	v0,8(s5)
    f1d4:	8c590000 	lw	t9,0(v0)
    f1d8:	0320f809 	jalr	t9
    f1dc:	02202025 	move	a0,s1
    f1e0:	1000ff76 	b	efbc <main@@Base+0xcc7c>
    f1e4:	8fbc0028 	lw	gp,40(sp)
    f1e8:	26620118 	addiu	v0,s3,280
    f1ec:	8f998038 	lw	t9,-32712(gp)
    f1f0:	24171f40 	li	s7,8000
    f1f4:	aec20000 	sw	v0,0(s6)
    f1f8:	8e620000 	lw	v0,0(s3)
    f1fc:	2739a054 	addiu	t9,t9,-24492
    f200:	0411eb94 	bal	a054 <main@@Base+0x7d14>
    f204:	8c44000c 	lw	a0,12(v0)
    f208:	24060638 	li	a2,1592
    f20c:	8fbc0028 	lw	gp,40(sp)
    f210:	00002825 	move	a1,zero
    f214:	26c40008 	addiu	a0,s6,8
    f218:	8f99831c 	lw	t9,-31972(gp)
    f21c:	0320f809 	jalr	t9
    f220:	00409025 	move	s2,v0
    f224:	2404000c 	li	a0,12
    f228:	8fbc0028 	lw	gp,40(sp)
    f22c:	8fa20128 	lw	v0,296(sp)
    f230:	aed20008 	sw	s2,8(s6)
    f234:	ae76011c 	sw	s6,284(s3)
    f238:	afb7012c 	sw	s7,300(sp)
    f23c:	afa20030 	sw	v0,48(sp)
    f240:	8f998310 	lw	t9,-31984(gp)
    f244:	0320f809 	jalr	t9
    f248:	afb70034 	sw	s7,52(sp)
    f24c:	24040058 	li	a0,88
    f250:	00409025 	move	s2,v0
    f254:	8fa20030 	lw	v0,48(sp)
    f258:	8fbc0028 	lw	gp,40(sp)
    f25c:	ae420000 	sw	v0,0(s2)
    f260:	8fa20034 	lw	v0,52(sp)
    f264:	8f998310 	lw	t9,-31984(gp)
    f268:	0320f809 	jalr	t9
    f26c:	ae420004 	sw	v0,4(s2)
    f270:	24060040 	li	a2,64
    f274:	8fbc0028 	lw	gp,40(sp)
    f278:	0040a025 	move	s4,v0
    f27c:	ac400000 	sw	zero,0(v0)
    f280:	00002825 	move	a1,zero
    f284:	ac560004 	sw	s6,4(v0)
    f288:	26840010 	addiu	a0,s4,16
    f28c:	8f828028 	lw	v0,-32728(gp)
    f290:	8f99831c 	lw	t9,-31972(gp)
    f294:	24428ed0 	addiu	v0,v0,-28976
    f298:	0320f809 	jalr	t9
    f29c:	ae820008 	sw	v0,8(s4)
    f2a0:	24020001 	li	v0,1
    f2a4:	8fbc0028 	lw	gp,40(sp)
    f2a8:	ae970050 	sw	s7,80(s4)
    f2ac:	ae540008 	sw	s4,8(s2)
    f2b0:	ae720114 	sw	s2,276(s3)
    f2b4:	ae710120 	sw	s1,288(s3)
    f2b8:	ae750124 	sw	s5,292(s3)
    f2bc:	8f9981b4 	lw	t9,-32332(gp)
    f2c0:	0320f809 	jalr	t9
    f2c4:	a2620128 	sb	v0,296(s3)
    f2c8:	ae620130 	sw	v0,304(s3)
    f2cc:	8ea20008 	lw	v0,8(s5)
    f2d0:	ae630134 	sw	v1,308(s3)
    f2d4:	8c590000 	lw	t9,0(v0)
    f2d8:	0320f809 	jalr	t9
    f2dc:	03c02025 	move	a0,s8
    f2e0:	27a50030 	addiu	a1,sp,48
    f2e4:	8fbc0028 	lw	gp,40(sp)
    f2e8:	8f998034 	lw	t9,-32716(gp)
    f2ec:	27395ed4 	addiu	t9,t9,24276
    f2f0:	0411daf8 	bal	5ed4 <main@@Base+0x3b94>
    f2f4:	8ec40008 	lw	a0,8(s6)
    f2f8:	2406034a 	li	a2,842
    f2fc:	8fbc0028 	lw	gp,40(sp)
    f300:	24040003 	li	a0,3
    f304:	afa20010 	sw	v0,16(sp)
    f308:	8f878038 	lw	a3,-32712(gp)
    f30c:	8f858038 	lw	a1,-32712(gp)
    f310:	8f998224 	lw	t9,-32220(gp)
    f314:	24e76980 	addiu	a3,a3,27008
    f318:	0320f809 	jalr	t9
    f31c:	24a55b6c 	addiu	a1,a1,23404
    f320:	8fbc0028 	lw	gp,40(sp)
    f324:	8e720090 	lw	s2,144(s3)
    f328:	8e710094 	lw	s1,148(s3)
    f32c:	02511025 	or	v0,s2,s1
    f330:	14400088 	bnez	v0,f554 <main@@Base+0xd214>
    f334:	8f858038 	lw	a1,-32712(gp)
    f338:	8f848038 	lw	a0,-32712(gp)
    f33c:	8f998234 	lw	t9,-32204(gp)
    f340:	24a55784 	addiu	a1,a1,22404
    f344:	0320f809 	jalr	t9
    f348:	24845b7c 	addiu	a0,a0,23420
    f34c:	8fbc0028 	lw	gp,40(sp)
    f350:	10400012 	beqz	v0,f39c <main@@Base+0xd05c>
    f354:	00408825 	move	s1,v0
    f358:	8f9981e0 	lw	t9,-32288(gp)
    f35c:	24060001 	li	a2,1
    f360:	24050008 	li	a1,8
    f364:	26640090 	addiu	a0,s3,144
    f368:	0320f809 	jalr	t9
    f36c:	00403825 	move	a3,v0
    f370:	24030001 	li	v1,1
    f374:	10430005 	beq	v0,v1,f38c <main@@Base+0xd04c>
    f378:	8fbc0028 	lw	gp,40(sp)
    f37c:	00001025 	move	v0,zero
    f380:	00001825 	move	v1,zero
    f384:	ae620090 	sw	v0,144(s3)
    f388:	ae630094 	sw	v1,148(s3)
    f38c:	8f9982bc 	lw	t9,-32068(gp)
    f390:	0320f809 	jalr	t9
    f394:	02202025 	move	a0,s1
    f398:	8fbc0028 	lw	gp,40(sp)
    f39c:	8e720090 	lw	s2,144(s3)
    f3a0:	8e710094 	lw	s1,148(s3)
    f3a4:	02511025 	or	v0,s2,s1
    f3a8:	1440006b 	bnez	v0,f558 <main@@Base+0xd218>
    f3ac:	8f858038 	lw	a1,-32712(gp)
    f3b0:	8f868038 	lw	a2,-32712(gp)
    f3b4:	240501f4 	li	a1,500
    f3b8:	1000fde6 	b	eb54 <main@@Base+0xc814>
    f3bc:	24c669d8 	addiu	a2,a2,27096
    f3c0:	0000000f 	sync
    f3c4:	8c421054 	lw	v0,4180(v0)
    f3c8:	0000000f 	sync
    f3cc:	8e630000 	lw	v1,0(s3)
    f3d0:	0000000f 	sync
    f3d4:	24071f40 	li	a3,8000
    f3d8:	8c631058 	lw	v1,4184(v1)
    f3dc:	0000000f 	sync
    f3e0:	10600005 	beqz	v1,f3f8 <main@@Base+0xd0b8>
    f3e4:	00000000 	nop
    f3e8:	8e630000 	lw	v1,0(s3)
    f3ec:	0000000f 	sync
    f3f0:	8c671058 	lw	a3,4184(v1)
    f3f4:	0000000f 	sync
    f3f8:	24030061 	li	v1,97
    f3fc:	10430008 	beq	v0,v1,f420 <main@@Base+0xd0e0>
    f400:	24060061 	li	a2,97
    f404:	2c430062 	sltiu	v1,v0,98
    f408:	10600018 	beqz	v1,f46c <main@@Base+0xd12c>
    f40c:	24030008 	li	v1,8
    f410:	24060062 	li	a2,98
    f414:	38440008 	xori	a0,v0,0x8
    f418:	0064300a 	movz	a2,v1,a0
    f41c:	0002300a 	movz	a2,zero,v0
    f420:	03c02025 	move	a0,s8
    f424:	8f998034 	lw	t9,-32716(gp)
    f428:	02402825 	move	a1,s2
    f42c:	afbe0128 	sw	s8,296(sp)
    f430:	273974c4 	addiu	t9,t9,29892
    f434:	0411e023 	bal	74c4 <main@@Base+0x5184>
    f438:	afb2012c 	sw	s2,300(sp)
    f43c:	02202825 	move	a1,s1
    f440:	8fbc0028 	lw	gp,40(sp)
    f444:	02403025 	move	a2,s2
    f448:	ae6200b8 	sw	v0,184(s3)
    f44c:	00402025 	move	a0,v0
    f450:	afb10138 	sw	s1,312(sp)
    f454:	8f998088 	lw	t9,-32632(gp)
    f458:	04110bc1 	bal	12360 <main@@Base+0x10020>
    f45c:	afb2013c 	sw	s2,316(sp)
    f460:	8fbc0028 	lw	gp,40(sp)
    f464:	1000ffaf 	b	f324 <main@@Base+0xcfe4>
    f468:	ae6200c4 	sw	v0,196(s3)
    f46c:	2403006f 	li	v1,111
    f470:	24060062 	li	a2,98
    f474:	3404bb80 	li	a0,0xbb80
    f478:	00432826 	xor	a1,v0,v1
    f47c:	0085380a 	movz	a3,a0,a1
    f480:	1000ffe7 	b	f420 <main@@Base+0xd0e0>
    f484:	0065300a 	movz	a2,v1,a1
    f488:	8e620110 	lw	v0,272(s3)
    f48c:	8f998034 	lw	t9,-32716(gp)
    f490:	24e75f90 	addiu	a3,a3,24464
    f494:	afbe0128 	sw	s8,296(sp)
    f498:	2442fffe 	addiu	v0,v0,-2
    f49c:	afb5012c 	sw	s5,300(sp)
    f4a0:	2c420002 	sltiu	v0,v0,2
    f4a4:	1040001a 	beqz	v0,f510 <main@@Base+0xd1d0>
    f4a8:	273974c4 	addiu	t9,t9,29892
    f4ac:	2406001a 	li	a2,26
    f4b0:	03c02025 	move	a0,s8
    f4b4:	0411e003 	bal	74c4 <main@@Base+0x5184>
    f4b8:	02a02825 	move	a1,s5
    f4bc:	24040008 	li	a0,8
    f4c0:	8fbc0028 	lw	gp,40(sp)
    f4c4:	00409025 	move	s2,v0
    f4c8:	8f998310 	lw	t9,-31984(gp)
    f4cc:	0320f809 	jalr	t9
    f4d0:	ae620098 	sw	v0,152(s3)
    f4d4:	240304b0 	li	v1,1200
    f4d8:	8fbc0028 	lw	gp,40(sp)
    f4dc:	ac520000 	sw	s2,0(v0)
    f4e0:	ac430004 	sw	v1,4(v0)
    f4e4:	ae6200a0 	sw	v0,160(s3)
    f4e8:	8f998088 	lw	t9,-32632(gp)
    f4ec:	02202825 	move	a1,s1
    f4f0:	8e640098 	lw	a0,152(s3)
    f4f4:	02a03025 	move	a2,s5
    f4f8:	afb10138 	sw	s1,312(sp)
    f4fc:	04110b98 	bal	12360 <main@@Base+0x10020>
    f500:	afb5013c 	sw	s5,316(sp)
    f504:	8fbc0028 	lw	gp,40(sp)
    f508:	1000ff86 	b	f324 <main@@Base+0xcfe4>
    f50c:	ae6200a4 	sw	v0,164(s3)
    f510:	24060060 	li	a2,96
    f514:	03c02025 	move	a0,s8
    f518:	0411dfea 	bal	74c4 <main@@Base+0x5184>
    f51c:	02a02825 	move	a1,s5
    f520:	2404000c 	li	a0,12
    f524:	8fbc0028 	lw	gp,40(sp)
    f528:	00409025 	move	s2,v0
    f52c:	8f998310 	lw	t9,-31984(gp)
    f530:	0320f809 	jalr	t9
    f534:	ae620098 	sw	v0,152(s3)
    f538:	240304b0 	li	v1,1200
    f53c:	8fbc0028 	lw	gp,40(sp)
    f540:	ac520000 	sw	s2,0(v0)
    f544:	ac430004 	sw	v1,4(v0)
    f548:	ac430008 	sw	v1,8(v0)
    f54c:	1000ffe6 	b	f4e8 <main@@Base+0xd1a8>
    f550:	ae62009c 	sw	v0,156(s3)
    f554:	8f858038 	lw	a1,-32712(gp)
    f558:	27a40030 	addiu	a0,sp,48
    f55c:	8fb90140 	lw	t9,320(sp)
    f560:	0320f809 	jalr	t9
    f564:	24a55b4c 	addiu	a1,a1,23372
    f568:	02002025 	move	a0,s0
    f56c:	8fbc0028 	lw	gp,40(sp)
    f570:	8e620000 	lw	v0,0(s3)
    f574:	8fa50030 	lw	a1,48(sp)
    f578:	8fa60034 	lw	a2,52(sp)
    f57c:	8f878038 	lw	a3,-32712(gp)
    f580:	8c421078 	lw	v0,4216(v0)
    f584:	8f998048 	lw	t9,-32696(gp)
    f588:	24e769e8 	addiu	a3,a3,27112
    f58c:	afb20010 	sw	s2,16(sp)
    f590:	afa20018 	sw	v0,24(sp)
    f594:	04110af6 	bal	12170 <main@@Base+0xfe30>
    f598:	afb10014 	sw	s1,20(sp)
    f59c:	02002025 	move	a0,s0
    f5a0:	8fbc0028 	lw	gp,40(sp)
    f5a4:	1000fe87 	b	efc4 <main@@Base+0xcc84>
    f5a8:	8f998044 	lw	t9,-32700(gp)
    f5ac:	1280fdb9 	beqz	s4,ec94 <main@@Base+0xc954>
    f5b0:	8fa200b0 	lw	v0,176(sp)
    f5b4:	8e6400b8 	lw	a0,184(s3)
    f5b8:	10800006 	beqz	a0,f5d4 <main@@Base+0xd294>
    f5bc:	8f998034 	lw	t9,-32716(gp)
    f5c0:	273958b8 	addiu	t9,t9,22712
    f5c4:	0411d8bc 	bal	58b8 <main@@Base+0x3578>
    f5c8:	00000000 	nop
    f5cc:	8fbc0028 	lw	gp,40(sp)
    f5d0:	ae6000b8 	sw	zero,184(s3)
    f5d4:	8e6400c4 	lw	a0,196(s3)
    f5d8:	1080fdad 	beqz	a0,ec90 <main@@Base+0xc950>
    f5dc:	8f998058 	lw	t9,-32680(gp)
    f5e0:	041106bf 	bal	110e0 <main@@Base+0xeda0>
    f5e4:	00000000 	nop
    f5e8:	8fbc0028 	lw	gp,40(sp)
    f5ec:	1000fda8 	b	ec90 <main@@Base+0xc950>
    f5f0:	ae6000c4 	sw	zero,196(s3)
    f5f4:	1680ffef 	bnez	s4,f5b4 <main@@Base+0xd274>
    f5f8:	00000000 	nop
    f5fc:	8e6400a0 	lw	a0,160(s3)
    f600:	1080fdff 	beqz	a0,ee00 <main@@Base+0xcac0>
    f604:	8f998034 	lw	t9,-32716(gp)
    f608:	27395958 	addiu	t9,t9,22872
    f60c:	0411d8d2 	bal	5958 <main@@Base+0x3618>
    f610:	00000000 	nop
    f614:	8fbc0028 	lw	gp,40(sp)
    f618:	ae6000a0 	sw	zero,160(s3)
    f61c:	ae600098 	sw	zero,152(s3)
    f620:	8e6400a4 	lw	a0,164(s3)
    f624:	1080fd9a 	beqz	a0,ec90 <main@@Base+0xc950>
    f628:	8f998058 	lw	t9,-32680(gp)
    f62c:	041106ac 	bal	110e0 <main@@Base+0xeda0>
    f630:	00000000 	nop
    f634:	8fbc0028 	lw	gp,40(sp)
    f638:	1000fd95 	b	ec90 <main@@Base+0xc950>
    f63c:	ae6000a4 	sw	zero,164(s3)
    f640:	3c1c0001 	lui	gp,0x1
    f644:	279c19c0 	addiu	gp,gp,6592
    f648:	0399e021 	addu	gp,gp,t9
    f64c:	27bdfed0 	addiu	sp,sp,-304
    f650:	afbe0128 	sw	s8,296(sp)
    f654:	03a0f025 	move	s8,sp
    f658:	afb20110 	sw	s2,272(sp)
    f65c:	00a09025 	move	s2,a1
    f660:	afb1010c 	sw	s1,268(sp)
    f664:	00e08825 	move	s1,a3
    f668:	afb00108 	sw	s0,264(sp)
    f66c:	00c08025 	move	s0,a2
    f670:	afbf012c 	sw	ra,300(sp)
    f674:	afb70124 	sw	s7,292(sp)
    f678:	afb60120 	sw	s6,288(sp)
    f67c:	afb5011c 	sw	s5,284(sp)
    f680:	afb40118 	sw	s4,280(sp)
    f684:	afb30114 	sw	s3,276(sp)
    f688:	afbc0018 	sw	gp,24(sp)
    f68c:	afc40130 	sw	a0,304(s8)
    f690:	24040024 	li	a0,36
    f694:	afc60138 	sw	a2,312(s8)
    f698:	afc7013c 	sw	a3,316(s8)
    f69c:	afc600f8 	sw	a2,248(s8)
    f6a0:	2e220004 	sltiu	v0,s1,4
    f6a4:	10400013 	beqz	v0,f6f4 <main@@Base+0xd3b4>
    f6a8:	00000000 	nop
    f6ac:	8f998034 	lw	t9,-32716(gp)
    f6b0:	2739569c 	addiu	t9,t9,22172
    f6b4:	0411d7f9 	bal	569c <main@@Base+0x335c>
    f6b8:	8fc40130 	lw	a0,304(s8)
    f6bc:	8fc20130 	lw	v0,304(s8)
    f6c0:	03c0e825 	move	sp,s8
    f6c4:	8fbf012c 	lw	ra,300(sp)
    f6c8:	8fbe0128 	lw	s8,296(sp)
    f6cc:	8fb70124 	lw	s7,292(sp)
    f6d0:	8fb60120 	lw	s6,288(sp)
    f6d4:	8fb5011c 	lw	s5,284(sp)
    f6d8:	8fb40118 	lw	s4,280(sp)
    f6dc:	8fb30114 	lw	s3,276(sp)
    f6e0:	8fb20110 	lw	s2,272(sp)
    f6e4:	8fb1010c 	lw	s1,268(sp)
    f6e8:	8fb00108 	lw	s0,264(sp)
    f6ec:	03e00008 	jr	ra
    f6f0:	27bd0130 	addiu	sp,sp,304
    f6f4:	82020000 	lb	v0,0(s0)
    f6f8:	1444000f 	bne	v0,a0,f738 <main@@Base+0xd3f8>
    f6fc:	8f938080 	lw	s3,-32640(gp)
    f700:	92020002 	lbu	v0,2(s0)
    f704:	2631fffc 	addiu	s1,s1,-4
    f708:	a3c20020 	sb	v0,32(s8)
    f70c:	92020003 	lbu	v0,3(s0)
    f710:	a3c20021 	sb	v0,33(s8)
    f714:	97c20020 	lhu	v0,32(s8)
    f718:	7c0210a0 	wsbh	v0,v0
    f71c:	3042ffff 	andi	v0,v0,0xffff
    f720:	0222182b 	sltu	v1,s1,v0
    f724:	1460ffe1 	bnez	v1,f6ac <main@@Base+0xd36c>
    f728:	24430004 	addiu	v1,v0,4
    f72c:	02228823 	subu	s1,s1,v0
    f730:	1000ffdb 	b	f6a0 <main@@Base+0xd360>
    f734:	02038021 	addu	s0,s0,v1
    f738:	27c40020 	addiu	a0,s8,32
    f73c:	8f87808c 	lw	a3,-32628(gp)
    f740:	02002825 	move	a1,s0
    f744:	afd00138 	sw	s0,312(s8)
    f748:	02203025 	move	a2,s1
    f74c:	afd1013c 	sw	s1,316(s8)
    f750:	0260c825 	move	t9,s3
    f754:	0411fadc 	bal	e2c8 <main@@Base+0xbf88>
    f758:	afa00010 	sw	zero,16(sp)
    f75c:	8fc20020 	lw	v0,32(s8)
    f760:	8fdc0018 	lw	gp,24(s8)
    f764:	10400032 	beqz	v0,f830 <main@@Base+0xd4f0>
    f768:	afd300e8 	sw	s3,232(s8)
    f76c:	24030001 	li	v1,1
    f770:	10430035 	beq	v0,v1,f848 <main@@Base+0xd508>
    f774:	02209825 	move	s3,s1
    f778:	0200a825 	move	s5,s0
    f77c:	8f968034 	lw	s6,-32716(gp)
    f780:	00002825 	move	a1,zero
    f784:	82a40000 	lb	a0,0(s5)
    f788:	afd50050 	sw	s5,80(s8)
    f78c:	26d65afc 	addiu	s6,s6,23292
    f790:	02c0c825 	move	t9,s6
    f794:	0411d8d9 	bal	5afc <main@@Base+0x37bc>
    f798:	afd30054 	sw	s3,84(s8)
    f79c:	14400093 	bnez	v0,f9ec <main@@Base+0xd6ac>
    f7a0:	8fdc0018 	lw	gp,24(s8)
    f7a4:	8f99807c 	lw	t9,-32644(gp)
    f7a8:	24050001 	li	a1,1
    f7ac:	27c40068 	addiu	a0,s8,104
    f7b0:	02a03025 	move	a2,s5
    f7b4:	0411fabd 	bal	e2ac <main@@Base+0xbf6c>
    f7b8:	02603825 	move	a3,s3
    f7bc:	27c40020 	addiu	a0,s8,32
    f7c0:	8fc20074 	lw	v0,116(s8)
    f7c4:	8fdc0018 	lw	gp,24(s8)
    f7c8:	afa20010 	sw	v0,16(sp)
    f7cc:	8fc20078 	lw	v0,120(s8)
    f7d0:	8f998038 	lw	t9,-32712(gp)
    f7d4:	afa20014 	sw	v0,20(sp)
    f7d8:	8fc50068 	lw	a1,104(s8)
    f7dc:	2739c650 	addiu	t9,t9,-14768
    f7e0:	8fc6006c 	lw	a2,108(s8)
    f7e4:	0411f39a 	bal	c650 <main@@Base+0xa310>
    f7e8:	8fc70070 	lw	a3,112(s8)
    f7ec:	8fdc0018 	lw	gp,24(s8)
    f7f0:	8fc20020 	lw	v0,32(s8)
    f7f4:	8fd60024 	lw	s6,36(s8)
    f7f8:	10400085 	beqz	v0,fa10 <main@@Base+0xd6d0>
    f7fc:	8fd30028 	lw	s3,40(s8)
    f800:	24030001 	li	v1,1
    f804:	144300a0 	bne	v0,v1,fa88 <main@@Base+0xd748>
    f808:	02a02825 	move	a1,s5
    f80c:	8fc20030 	lw	v0,48(s8)
    f810:	02c02825 	move	a1,s6
    f814:	afd60024 	sw	s6,36(s8)
    f818:	02603025 	move	a2,s3
    f81c:	afd30028 	sw	s3,40(s8)
    f820:	afa20010 	sw	v0,16(sp)
    f824:	8fc20034 	lw	v0,52(s8)
    f828:	1000000d 	b	f860 <main@@Base+0xd520>
    f82c:	afa20014 	sw	v0,20(sp)
    f830:	8fd60024 	lw	s6,36(s8)
    f834:	16c0007b 	bnez	s6,fa24 <main@@Base+0xd6e4>
    f838:	8fd30028 	lw	s3,40(s8)
    f83c:	0213a821 	addu	s5,s0,s3
    f840:	1000ffce 	b	f77c <main@@Base+0xd43c>
    f844:	02339823 	subu	s3,s1,s3
    f848:	8fc20030 	lw	v0,48(s8)
    f84c:	afa20010 	sw	v0,16(sp)
    f850:	8fc20034 	lw	v0,52(s8)
    f854:	afa20014 	sw	v0,20(sp)
    f858:	8fc50024 	lw	a1,36(s8)
    f85c:	8fc60028 	lw	a2,40(s8)
    f860:	8f998038 	lw	t9,-32712(gp)
    f864:	27c40038 	addiu	a0,s8,56
    f868:	2739c650 	addiu	t9,t9,-14768
    f86c:	0411f378 	bal	c650 <main@@Base+0xa310>
    f870:	8fc7002c 	lw	a3,44(s8)
    f874:	8fdc0018 	lw	gp,24(s8)
    f878:	8fc20038 	lw	v0,56(s8)
    f87c:	8fd6003c 	lw	s6,60(s8)
    f880:	1040008a 	beqz	v0,faac <main@@Base+0xd76c>
    f884:	8fd30040 	lw	s3,64(s8)
    f888:	24030001 	li	v1,1
    f88c:	104300a2 	beq	v0,v1,fb18 <main@@Base+0xd7d8>
    f890:	0220a025 	move	s4,s1
    f894:	0200b825 	move	s7,s0
    f898:	8f87808c 	lw	a3,-32628(gp)
    f89c:	27c40020 	addiu	a0,s8,32
    f8a0:	afd700b4 	sw	s7,180(s8)
    f8a4:	02e02825 	move	a1,s7
    f8a8:	afd400b8 	sw	s4,184(s8)
    f8ac:	afa00010 	sw	zero,16(sp)
    f8b0:	8fd900e8 	lw	t9,232(s8)
    f8b4:	0320f809 	jalr	t9
    f8b8:	02803025 	move	a2,s4
    f8bc:	8fc20020 	lw	v0,32(s8)
    f8c0:	1040007e 	beqz	v0,fabc <main@@Base+0xd77c>
    f8c4:	8fdc0018 	lw	gp,24(s8)
    f8c8:	24040001 	li	a0,1
    f8cc:	10440011 	beq	v0,a0,f914 <main@@Base+0xd5d4>
    f8d0:	02803025 	move	a2,s4
    f8d4:	02e0a825 	move	s5,s7
    f8d8:	8f878034 	lw	a3,-32716(gp)
    f8dc:	27c40020 	addiu	a0,s8,32
    f8e0:	afd50050 	sw	s5,80(s8)
    f8e4:	02a02825 	move	a1,s5
    f8e8:	afc60054 	sw	a2,84(s8)
    f8ec:	afa00010 	sw	zero,16(sp)
    f8f0:	8fd900e8 	lw	t9,232(s8)
    f8f4:	0320f809 	jalr	t9
    f8f8:	24e756f4 	addiu	a3,a3,22260
    f8fc:	8fc20020 	lw	v0,32(s8)
    f900:	10400074 	beqz	v0,fad4 <main@@Base+0xd794>
    f904:	8fdc0018 	lw	gp,24(s8)
    f908:	24040001 	li	a0,1
    f90c:	14440075 	bne	v0,a0,fae4 <main@@Base+0xd7a4>
    f910:	02a02825 	move	a1,s5
    f914:	8fc20030 	lw	v0,48(s8)
    f918:	27c40038 	addiu	a0,s8,56
    f91c:	8f998038 	lw	t9,-32712(gp)
    f920:	afa20010 	sw	v0,16(sp)
    f924:	8fc20034 	lw	v0,52(s8)
    f928:	2739c650 	addiu	t9,t9,-14768
    f92c:	afa20014 	sw	v0,20(sp)
    f930:	8fc50024 	lw	a1,36(s8)
    f934:	8fc60028 	lw	a2,40(s8)
    f938:	0411f345 	bal	c650 <main@@Base+0xa310>
    f93c:	8fc7002c 	lw	a3,44(s8)
    f940:	8fdc0018 	lw	gp,24(s8)
    f944:	8fc20038 	lw	v0,56(s8)
    f948:	8fd6003c 	lw	s6,60(s8)
    f94c:	1040006e 	beqz	v0,fb08 <main@@Base+0xd7c8>
    f950:	8fd30040 	lw	s3,64(s8)
    f954:	24040001 	li	a0,1
    f958:	10440070 	beq	v0,a0,fb1c <main@@Base+0xd7dc>
    f95c:	8fc20048 	lw	v0,72(s8)
    f960:	8f998090 	lw	t9,-32624(gp)
    f964:	26450010 	addiu	a1,s2,16
    f968:	27c40020 	addiu	a0,s8,32
    f96c:	afd700b4 	sw	s7,180(s8)
    f970:	afd400b8 	sw	s4,184(s8)
    f974:	02e03025 	move	a2,s7
    f978:	04110faa 	bal	13824 <main@@Base+0x114e4>
    f97c:	02803825 	move	a3,s4
    f980:	8fc20020 	lw	v0,32(s8)
    f984:	104000ca 	beqz	v0,fcb0 <main@@Base+0xd970>
    f988:	8fdc0018 	lw	gp,24(s8)
    f98c:	24040001 	li	a0,1
    f990:	104400d4 	beq	v0,a0,fce4 <main@@Base+0xd9a4>
    f994:	8fc20030 	lw	v0,48(s8)
    f998:	8f878038 	lw	a3,-32712(gp)
    f99c:	27c40020 	addiu	a0,s8,32
    f9a0:	8f998094 	lw	t9,-32620(gp)
    f9a4:	02e02825 	move	a1,s7
    f9a8:	afd700b4 	sw	s7,180(s8)
    f9ac:	02803025 	move	a2,s4
    f9b0:	24e761f0 	addiu	a3,a3,25072
    f9b4:	0411fa71 	bal	e37c <main@@Base+0xc03c>
    f9b8:	afd400b8 	sw	s4,184(s8)
    f9bc:	8fc20020 	lw	v0,32(s8)
    f9c0:	104000c1 	beqz	v0,fcc8 <main@@Base+0xd988>
    f9c4:	8fdc0018 	lw	gp,24(s8)
    f9c8:	24030001 	li	v1,1
    f9cc:	104300c5 	beq	v0,v1,fce4 <main@@Base+0xd9a4>
    f9d0:	8fc20030 	lw	v0,48(s8)
    f9d4:	8f998078 	lw	t9,-32648(gp)
    f9d8:	02f02823 	subu	a1,s7,s0
    f9dc:	0411f30a 	bal	c608 <main@@Base+0xa2c8>
    f9e0:	27c40050 	addiu	a0,s8,80
    f9e4:	1000005a 	b	fb50 <main@@Base+0xd810>
    f9e8:	8fdc0018 	lw	gp,24(s8)
    f9ec:	afa00010 	sw	zero,16(sp)
    f9f0:	27c40020 	addiu	a0,s8,32
    f9f4:	8fd900e8 	lw	t9,232(s8)
    f9f8:	02c03825 	move	a3,s6
    f9fc:	02a02825 	move	a1,s5
    fa00:	0320f809 	jalr	t9
    fa04:	02603025 	move	a2,s3
    fa08:	1000ff79 	b	f7f0 <main@@Base+0xd4b0>
    fa0c:	8fdc0018 	lw	gp,24(s8)
    fa10:	12c0001d 	beqz	s6,fa88 <main@@Base+0xd748>
    fa14:	02b32821 	addu	a1,s5,s3
    fa18:	afc00020 	sw	zero,32(s8)
    fa1c:	afd60024 	sw	s6,36(s8)
    fa20:	afd30028 	sw	s3,40(s8)
    fa24:	8f998120 	lw	t9,-32480(gp)
    fa28:	24060018 	li	a2,24
    fa2c:	27c50020 	addiu	a1,s8,32
    fa30:	0320f809 	jalr	t9
    fa34:	27c40038 	addiu	a0,s8,56
    fa38:	8fdc0018 	lw	gp,24(s8)
    fa3c:	24060018 	li	a2,24
    fa40:	afc00038 	sw	zero,56(s8)
    fa44:	27c50038 	addiu	a1,s8,56
    fa48:	afd6003c 	sw	s6,60(s8)
    fa4c:	afd30040 	sw	s3,64(s8)
    fa50:	8f998120 	lw	t9,-32480(gp)
    fa54:	0320f809 	jalr	t9
    fa58:	27c40050 	addiu	a0,s8,80
    fa5c:	8fdc0018 	lw	gp,24(s8)
    fa60:	24060018 	li	a2,24
    fa64:	afc00050 	sw	zero,80(s8)
    fa68:	27c50050 	addiu	a1,s8,80
    fa6c:	afd60054 	sw	s6,84(s8)
    fa70:	afd30058 	sw	s3,88(s8)
    fa74:	8f998120 	lw	t9,-32480(gp)
    fa78:	0320f809 	jalr	t9
    fa7c:	8fc40130 	lw	a0,304(s8)
    fa80:	1000ff0f 	b	f6c0 <main@@Base+0xd380>
    fa84:	8fc20130 	lw	v0,304(s8)
    fa88:	8f998078 	lw	t9,-32648(gp)
    fa8c:	27c40038 	addiu	a0,s8,56
    fa90:	ae550000 	sw	s5,0(s2)
    fa94:	00b5a823 	subu	s5,a1,s5
    fa98:	00b02823 	subu	a1,a1,s0
    fa9c:	0411f2da 	bal	c608 <main@@Base+0xa2c8>
    faa0:	ae550004 	sw	s5,4(s2)
    faa4:	1000ff74 	b	f878 <main@@Base+0xd538>
    faa8:	8fdc0018 	lw	gp,24(s8)
    faac:	16c0ffe3 	bnez	s6,fa3c <main@@Base+0xd6fc>
    fab0:	0213b821 	addu	s7,s0,s3
    fab4:	1000ff78 	b	f898 <main@@Base+0xd558>
    fab8:	0233a023 	subu	s4,s1,s3
    fabc:	8fd60024 	lw	s6,36(s8)
    fac0:	16c0ffd8 	bnez	s6,fa24 <main@@Base+0xd6e4>
    fac4:	8fd30028 	lw	s3,40(s8)
    fac8:	02f3a821 	addu	s5,s7,s3
    facc:	1000ff82 	b	f8d8 <main@@Base+0xd598>
    fad0:	02933023 	subu	a2,s4,s3
    fad4:	8fd30028 	lw	s3,40(s8)
    fad8:	8fd60024 	lw	s6,36(s8)
    fadc:	16c0ffd1 	bnez	s6,fa24 <main@@Base+0xd6e4>
    fae0:	02b32821 	addu	a1,s5,s3
    fae4:	8f998078 	lw	t9,-32648(gp)
    fae8:	27c40038 	addiu	a0,s8,56
    faec:	ae550008 	sw	s5,8(s2)
    faf0:	00b5a823 	subu	s5,a1,s5
    faf4:	00b72823 	subu	a1,a1,s7
    faf8:	0411f2c3 	bal	c608 <main@@Base+0xa2c8>
    fafc:	ae55000c 	sw	s5,12(s2)
    fb00:	1000ff90 	b	f944 <main@@Base+0xd604>
    fb04:	8fdc0018 	lw	gp,24(s8)
    fb08:	16c0ffcc 	bnez	s6,fa3c <main@@Base+0xd6fc>
    fb0c:	02f3b821 	addu	s7,s7,s3
    fb10:	1000ff93 	b	f960 <main@@Base+0xd620>
    fb14:	0293a023 	subu	s4,s4,s3
    fb18:	8fc20048 	lw	v0,72(s8)
    fb1c:	02c02825 	move	a1,s6
    fb20:	afd6003c 	sw	s6,60(s8)
    fb24:	02603025 	move	a2,s3
    fb28:	afd30040 	sw	s3,64(s8)
    fb2c:	afa20010 	sw	v0,16(sp)
    fb30:	8fc2004c 	lw	v0,76(s8)
    fb34:	afa20014 	sw	v0,20(sp)
    fb38:	8fc70044 	lw	a3,68(s8)
    fb3c:	8f998038 	lw	t9,-32712(gp)
    fb40:	2739c650 	addiu	t9,t9,-14768
    fb44:	0411f2c2 	bal	c650 <main@@Base+0xa310>
    fb48:	27c40050 	addiu	a0,s8,80
    fb4c:	8fdc0018 	lw	gp,24(s8)
    fb50:	8fc20050 	lw	v0,80(s8)
    fb54:	8fd60054 	lw	s6,84(s8)
    fb58:	10400069 	beqz	v0,fd00 <main@@Base+0xd9c0>
    fb5c:	8fd30058 	lw	s3,88(s8)
    fb60:	24030001 	li	v1,1
    fb64:	1043006b 	beq	v0,v1,fd14 <main@@Base+0xd9d4>
    fb68:	8fc20060 	lw	v0,96(s8)
    fb6c:	26420014 	addiu	v0,s2,20
    fb70:	ae400214 	sw	zero,532(s2)
    fb74:	afd100e4 	sw	s1,228(s8)
    fb78:	afc200f0 	sw	v0,240(s8)
    fb7c:	8f828038 	lw	v0,-32712(gp)
    fb80:	afd000e0 	sw	s0,224(s8)
    fb84:	244261f0 	addiu	v0,v0,25072
    fb88:	afc200fc 	sw	v0,252(s8)
    fb8c:	8f828034 	lw	v0,-32716(gp)
    fb90:	24425b54 	addiu	v0,v0,23380
    fb94:	afc200f4 	sw	v0,244(s8)
    fb98:	8fc200e4 	lw	v0,228(s8)
    fb9c:	1040007d 	beqz	v0,fd94 <main@@Base+0xda54>
    fba0:	8fc300e4 	lw	v1,228(s8)
    fba4:	8fc200e0 	lw	v0,224(s8)
    fba8:	00431021 	addu	v0,v0,v1
    fbac:	2403000d 	li	v1,13
    fbb0:	9042ffff 	lbu	v0,-1(v0)
    fbb4:	14430065 	bne	v0,v1,fd4c <main@@Base+0xda0c>
    fbb8:	8f998034 	lw	t9,-32716(gp)
    fbbc:	2739569c 	addiu	t9,t9,22172
    fbc0:	0411d6b6 	bal	569c <main@@Base+0x335c>
    fbc4:	27c40020 	addiu	a0,s8,32
    fbc8:	8fdc0018 	lw	gp,24(s8)
    fbcc:	8fc20020 	lw	v0,32(s8)
    fbd0:	8fd70024 	lw	s7,36(s8)
    fbd4:	1040019a 	beqz	v0,10240 <main@@Base+0xdf00>
    fbd8:	8fd40028 	lw	s4,40(s8)
    fbdc:	24030001 	li	v1,1
    fbe0:	1043019b 	beq	v0,v1,10250 <main@@Base+0xdf10>
    fbe4:	8fc20030 	lw	v0,48(s8)
    fbe8:	8f858038 	lw	a1,-32712(gp)
    fbec:	27c700cc 	addiu	a3,s8,204
    fbf0:	8f998070 	lw	t9,-32656(gp)
    fbf4:	2406000e 	li	a2,14
    fbf8:	8fc400f0 	lw	a0,240(s8)
    fbfc:	24a569f8 	addiu	a1,a1,27128
    fc00:	afc000d4 	sw	zero,212(s8)
    fc04:	0411f2ad 	bal	c6bc <main@@Base+0xa37c>
    fc08:	afc000d0 	sw	zero,208(s8)
    fc0c:	10400199 	beqz	v0,10274 <main@@Base+0xdf34>
    fc10:	8fdc0018 	lw	gp,24(s8)
    fc14:	8fc500d0 	lw	a1,208(s8)
    fc18:	8f998098 	lw	t9,-32616(gp)
    fc1c:	8fc400cc 	lw	a0,204(s8)
    fc20:	24a20008 	addiu	v0,a1,8
    fc24:	7c021004 	ins	v0,zero,0x0,0x3
    fc28:	03a2e823 	subu	sp,sp,v0
    fc2c:	0411fa55 	bal	e584 <main@@Base+0xc244>
    fc30:	27a60018 	addiu	a2,sp,24
    fc34:	27c600d4 	addiu	a2,s8,212
    fc38:	8fdc0018 	lw	gp,24(s8)
    fc3c:	00402025 	move	a0,v0
    fc40:	8f858038 	lw	a1,-32712(gp)
    fc44:	8f998358 	lw	t9,-31912(gp)
    fc48:	0320f809 	jalr	t9
    fc4c:	24a56a08 	addiu	a1,a1,27144
    fc50:	24030001 	li	v1,1
    fc54:	10430187 	beq	v0,v1,10274 <main@@Base+0xdf34>
    fc58:	8fdc0018 	lw	gp,24(s8)
    fc5c:	8fc300cc 	lw	v1,204(s8)
    fc60:	24060014 	li	a2,20
    fc64:	83c200cc 	lb	v0,204(s8)
    fc68:	27c50020 	addiu	a1,s8,32
    fc6c:	8f998120 	lw	t9,-32480(gp)
    fc70:	27c40090 	addiu	a0,s8,144
    fc74:	afc30024 	sw	v1,36(s8)
    fc78:	afc00020 	sw	zero,32(s8)
    fc7c:	a3c20024 	sb	v0,36(s8)
    fc80:	8fc300d0 	lw	v1,208(s8)
    fc84:	0320f809 	jalr	t9
    fc88:	afc30028 	sw	v1,40(s8)
    fc8c:	8fc2009c 	lw	v0,156(s8)
    fc90:	8fdc0018 	lw	gp,24(s8)
    fc94:	afa20010 	sw	v0,16(sp)
    fc98:	8fc200a0 	lw	v0,160(s8)
    fc9c:	afa20014 	sw	v0,20(sp)
    fca0:	8fc50090 	lw	a1,144(s8)
    fca4:	8fc60094 	lw	a2,148(s8)
    fca8:	10000022 	b	fd34 <main@@Base+0xd9f4>
    fcac:	8fc70098 	lw	a3,152(s8)
    fcb0:	8fd60024 	lw	s6,36(s8)
    fcb4:	16c00008 	bnez	s6,fcd8 <main@@Base+0xd998>
    fcb8:	8fd30028 	lw	s3,40(s8)
    fcbc:	02f3b821 	addu	s7,s7,s3
    fcc0:	1000ff35 	b	f998 <main@@Base+0xd658>
    fcc4:	0293a023 	subu	s4,s4,s3
    fcc8:	8fd30028 	lw	s3,40(s8)
    fccc:	8fd60024 	lw	s6,36(s8)
    fcd0:	12c0ff40 	beqz	s6,f9d4 <main@@Base+0xd694>
    fcd4:	02f3b821 	addu	s7,s7,s3
    fcd8:	24060018 	li	a2,24
    fcdc:	1000ff5c 	b	fa50 <main@@Base+0xd710>
    fce0:	27c50020 	addiu	a1,s8,32
    fce4:	afa20010 	sw	v0,16(sp)
    fce8:	8fc20034 	lw	v0,52(s8)
    fcec:	afa20014 	sw	v0,20(sp)
    fcf0:	8fc50024 	lw	a1,36(s8)
    fcf4:	8fc60028 	lw	a2,40(s8)
    fcf8:	1000ff90 	b	fb3c <main@@Base+0xd7fc>
    fcfc:	8fc7002c 	lw	a3,44(s8)
    fd00:	16c0ff58 	bnez	s6,fa64 <main@@Base+0xd724>
    fd04:	24060018 	li	a2,24
    fd08:	02138021 	addu	s0,s0,s3
    fd0c:	1000ff97 	b	fb6c <main@@Base+0xd82c>
    fd10:	02338823 	subu	s1,s1,s3
    fd14:	02c02825 	move	a1,s6
    fd18:	afd60054 	sw	s6,84(s8)
    fd1c:	02603025 	move	a2,s3
    fd20:	afd30058 	sw	s3,88(s8)
    fd24:	afa20010 	sw	v0,16(sp)
    fd28:	8fc20064 	lw	v0,100(s8)
    fd2c:	afa20014 	sw	v0,20(sp)
    fd30:	8fc7005c 	lw	a3,92(s8)
    fd34:	8f998038 	lw	t9,-32712(gp)
    fd38:	2739c650 	addiu	t9,t9,-14768
    fd3c:	0411f244 	bal	c650 <main@@Base+0xa310>
    fd40:	8fc40130 	lw	a0,304(s8)
    fd44:	1000fe5e 	b	f6c0 <main@@Base+0xd380>
    fd48:	8fc20130 	lw	v0,304(s8)
    fd4c:	8fc300e4 	lw	v1,228(s8)
    fd50:	24020001 	li	v0,1
    fd54:	1062000f 	beq	v1,v0,fd94 <main@@Base+0xda54>
    fd58:	8f998390 	lw	t9,-31856(gp)
    fd5c:	24060002 	li	a2,2
    fd60:	8fc500fc 	lw	a1,252(s8)
    fd64:	0320f809 	jalr	t9
    fd68:	8fc400e0 	lw	a0,224(s8)
    fd6c:	14400009 	bnez	v0,fd94 <main@@Base+0xda54>
    fd70:	8fdc0018 	lw	gp,24(s8)
    fd74:	8fc200e0 	lw	v0,224(s8)
    fd78:	27c40020 	addiu	a0,s8,32
    fd7c:	8f998078 	lw	t9,-32648(gp)
    fd80:	00502823 	subu	a1,v0,s0
    fd84:	0411f220 	bal	c608 <main@@Base+0xa2c8>
    fd88:	24a50002 	addiu	a1,a1,2
    fd8c:	1000ff8f 	b	fbcc <main@@Base+0xd88c>
    fd90:	8fdc0018 	lw	gp,24(s8)
    fd94:	8e430214 	lw	v1,532(s2)
    fd98:	24020020 	li	v0,32
    fd9c:	14620010 	bne	v1,v0,fde0 <main@@Base+0xdaa0>
    fda0:	27c40020 	addiu	a0,s8,32
    fda4:	24020003 	li	v0,3
    fda8:	a3c0003c 	sb	zero,60(s8)
    fdac:	24050003 	li	a1,3
    fdb0:	afc20038 	sw	v0,56(s8)
    fdb4:	8fc20044 	lw	v0,68(s8)
    fdb8:	afa20010 	sw	v0,16(sp)
    fdbc:	8fc20048 	lw	v0,72(s8)
    fdc0:	afa20014 	sw	v0,20(sp)
    fdc4:	8fc6003c 	lw	a2,60(s8)
    fdc8:	8fc70040 	lw	a3,64(s8)
    fdcc:	8f99809c 	lw	t9,-32612(gp)
    fdd0:	0411f21f 	bal	c650 <main@@Base+0xa310>
    fdd4:	27c40020 	addiu	a0,s8,32
    fdd8:	1000ff7c 	b	fbcc <main@@Base+0xd88c>
    fddc:	8fdc0018 	lw	gp,24(s8)
    fde0:	8fc200e0 	lw	v0,224(s8)
    fde4:	8f87808c 	lw	a3,-32628(gp)
    fde8:	afc200ac 	sw	v0,172(s8)
    fdec:	8fc200e4 	lw	v0,228(s8)
    fdf0:	afc200b0 	sw	v0,176(s8)
    fdf4:	00403025 	move	a2,v0
    fdf8:	afa00010 	sw	zero,16(sp)
    fdfc:	8fd900e8 	lw	t9,232(s8)
    fe00:	0320f809 	jalr	t9
    fe04:	8fc500e0 	lw	a1,224(s8)
    fe08:	8fc20020 	lw	v0,32(s8)
    fe0c:	10400078 	beqz	v0,fff0 <main@@Base+0xdcb0>
    fe10:	8fdc0018 	lw	gp,24(s8)
    fe14:	24030001 	li	v1,1
    fe18:	104300b5 	beq	v0,v1,100f0 <main@@Base+0xddb0>
    fe1c:	8fd500e4 	lw	s5,228(s8)
    fe20:	8fd300e0 	lw	s3,224(s8)
    fe24:	82640000 	lb	a0,0(s3)
    fe28:	8fd900f4 	lw	t9,244(s8)
    fe2c:	0320f809 	jalr	t9
    fe30:	00002825 	move	a1,zero
    fe34:	8fdc0018 	lw	gp,24(s8)
    fe38:	afd300a4 	sw	s3,164(s8)
    fe3c:	14400074 	bnez	v0,10010 <main@@Base+0xdcd0>
    fe40:	afd500a8 	sw	s5,168(s8)
    fe44:	8f99807c 	lw	t9,-32644(gp)
    fe48:	24050002 	li	a1,2
    fe4c:	27c40050 	addiu	a0,s8,80
    fe50:	02603025 	move	a2,s3
    fe54:	0411f915 	bal	e2ac <main@@Base+0xbf6c>
    fe58:	02a03825 	move	a3,s5
    fe5c:	27c40020 	addiu	a0,s8,32
    fe60:	8fc2005c 	lw	v0,92(s8)
    fe64:	8fdc0018 	lw	gp,24(s8)
    fe68:	afa20010 	sw	v0,16(sp)
    fe6c:	8fc20060 	lw	v0,96(s8)
    fe70:	8f998038 	lw	t9,-32712(gp)
    fe74:	afa20014 	sw	v0,20(sp)
    fe78:	8fc50050 	lw	a1,80(s8)
    fe7c:	2739c650 	addiu	t9,t9,-14768
    fe80:	8fc60054 	lw	a2,84(s8)
    fe84:	0411f1f2 	bal	c650 <main@@Base+0xa310>
    fe88:	8fc70058 	lw	a3,88(s8)
    fe8c:	8fdc0018 	lw	gp,24(s8)
    fe90:	8fc20020 	lw	v0,32(s8)
    fe94:	8fd70024 	lw	s7,36(s8)
    fe98:	10400066 	beqz	v0,10034 <main@@Base+0xdcf4>
    fe9c:	8fd40028 	lw	s4,40(s8)
    fea0:	24030001 	li	v1,1
    fea4:	10430049 	beq	v0,v1,ffcc <main@@Base+0xdc8c>
    fea8:	00000000 	nop
    feac:	afd300ec 	sw	s3,236(s8)
    feb0:	8fc200ec 	lw	v0,236(s8)
    feb4:	27c40020 	addiu	a0,s8,32
    feb8:	8f87808c 	lw	a3,-32628(gp)
    febc:	02a03025 	move	a2,s5
    fec0:	afd500a8 	sw	s5,168(s8)
    fec4:	afc200a4 	sw	v0,164(s8)
    fec8:	afa00010 	sw	zero,16(sp)
    fecc:	8fd900e8 	lw	t9,232(s8)
    fed0:	0320f809 	jalr	t9
    fed4:	00402825 	move	a1,v0
    fed8:	8fc20020 	lw	v0,32(s8)
    fedc:	10400072 	beqz	v0,100a8 <main@@Base+0xdd68>
    fee0:	8fdc0018 	lw	gp,24(s8)
    fee4:	24030001 	li	v1,1
    fee8:	10430081 	beq	v0,v1,100f0 <main@@Base+0xddb0>
    feec:	8fd600ec 	lw	s6,236(s8)
    fef0:	2402003a 	li	v0,58
    fef4:	8f8780a0 	lw	a3,-32608(gp)
    fef8:	afd60038 	sw	s6,56(s8)
    fefc:	27c40020 	addiu	a0,s8,32
    ff00:	a3c2007c 	sb	v0,124(s8)
    ff04:	27c2007c 	addiu	v0,s8,124
    ff08:	afd5003c 	sw	s5,60(s8)
    ff0c:	02c02825 	move	a1,s6
    ff10:	afa20010 	sw	v0,16(sp)
    ff14:	8fd900e8 	lw	t9,232(s8)
    ff18:	0320f809 	jalr	t9
    ff1c:	02a03025 	move	a2,s5
    ff20:	8fc20020 	lw	v0,32(s8)
    ff24:	8fdc0018 	lw	gp,24(s8)
    ff28:	8fd70024 	lw	s7,36(s8)
    ff2c:	10400065 	beqz	v0,100c4 <main@@Base+0xdd84>
    ff30:	8fd40028 	lw	s4,40(s8)
    ff34:	24030001 	li	v1,1
    ff38:	10430027 	beq	v0,v1,ffd8 <main@@Base+0xdc98>
    ff3c:	8fc20030 	lw	v0,48(s8)
    ff40:	8f87808c 	lw	a3,-32628(gp)
    ff44:	27c40020 	addiu	a0,s8,32
    ff48:	afd600a4 	sw	s6,164(s8)
    ff4c:	02c02825 	move	a1,s6
    ff50:	afd500a8 	sw	s5,168(s8)
    ff54:	afa00010 	sw	zero,16(sp)
    ff58:	8fd900e8 	lw	t9,232(s8)
    ff5c:	0320f809 	jalr	t9
    ff60:	02a03025 	move	a2,s5
    ff64:	8fc20020 	lw	v0,32(s8)
    ff68:	1040005b 	beqz	v0,100d8 <main@@Base+0xdd98>
    ff6c:	8fdc0018 	lw	gp,24(s8)
    ff70:	24030001 	li	v1,1
    ff74:	1043005f 	beq	v0,v1,100f4 <main@@Base+0xddb4>
    ff78:	8fc20030 	lw	v0,48(s8)
    ff7c:	8f858038 	lw	a1,-32712(gp)
    ff80:	26b7ffff 	addiu	s7,s5,-1
    ff84:	0000a025 	move	s4,zero
    ff88:	24a561f0 	addiu	a1,a1,25072
    ff8c:	12b40004 	beq	s5,s4,ffa0 <main@@Base+0xdc60>
    ff90:	8f998034 	lw	t9,-32716(gp)
    ff94:	16970078 	bne	s4,s7,10178 <main@@Base+0xde38>
    ff98:	8f998390 	lw	t9,-31856(gp)
    ff9c:	8f998034 	lw	t9,-32716(gp)
    ffa0:	2739569c 	addiu	t9,t9,22172
    ffa4:	0411d5bd 	bal	569c <main@@Base+0x335c>
    ffa8:	27c40020 	addiu	a0,s8,32
    ffac:	8fdc0018 	lw	gp,24(s8)
    ffb0:	8fc20020 	lw	v0,32(s8)
    ffb4:	8fd70024 	lw	s7,36(s8)
    ffb8:	1040007e 	beqz	v0,101b4 <main@@Base+0xde74>
    ffbc:	8fd40028 	lw	s4,40(s8)
    ffc0:	24030001 	li	v1,1
    ffc4:	1443007d 	bne	v0,v1,101bc <main@@Base+0xde7c>
    ffc8:	02c02825 	move	a1,s6
    ffcc:	afd70024 	sw	s7,36(s8)
    ffd0:	afd40028 	sw	s4,40(s8)
    ffd4:	8fc20030 	lw	v0,48(s8)
    ffd8:	02e02825 	move	a1,s7
    ffdc:	02803025 	move	a2,s4
    ffe0:	afa20010 	sw	v0,16(sp)
    ffe4:	8fc20034 	lw	v0,52(s8)
    ffe8:	10000047 	b	10108 <main@@Base+0xddc8>
    ffec:	afa20014 	sw	v0,20(sp)
    fff0:	8fd70024 	lw	s7,36(s8)
    fff4:	16e00017 	bnez	s7,10054 <main@@Base+0xdd14>
    fff8:	8fd40028 	lw	s4,40(s8)
    fffc:	8fc200e0 	lw	v0,224(s8)
   10000:	00549821 	addu	s3,v0,s4
   10004:	8fc200e4 	lw	v0,228(s8)
   10008:	1000ff86 	b	fe24 <main@@Base+0xdae4>
   1000c:	0054a823 	subu	s5,v0,s4
   10010:	afa00010 	sw	zero,16(sp)
   10014:	27c40020 	addiu	a0,s8,32
   10018:	8fc700f4 	lw	a3,244(s8)
   1001c:	02602825 	move	a1,s3
   10020:	8fd900e8 	lw	t9,232(s8)
   10024:	0320f809 	jalr	t9
   10028:	02a03025 	move	a2,s5
   1002c:	1000ff98 	b	fe90 <main@@Base+0xdb50>
   10030:	8fdc0018 	lw	gp,24(s8)
   10034:	16e00004 	bnez	s7,10048 <main@@Base+0xdd08>
   10038:	02741021 	addu	v0,s3,s4
   1003c:	02b4a823 	subu	s5,s5,s4
   10040:	1000ff9b 	b	feb0 <main@@Base+0xdb70>
   10044:	afc200ec 	sw	v0,236(s8)
   10048:	afc00020 	sw	zero,32(s8)
   1004c:	afd70024 	sw	s7,36(s8)
   10050:	afd40028 	sw	s4,40(s8)
   10054:	8f998120 	lw	t9,-32480(gp)
   10058:	24060018 	li	a2,24
   1005c:	27c50020 	addiu	a1,s8,32
   10060:	0320f809 	jalr	t9
   10064:	27c40038 	addiu	a0,s8,56
   10068:	8fdc0018 	lw	gp,24(s8)
   1006c:	8f998120 	lw	t9,-32480(gp)
   10070:	24060018 	li	a2,24
   10074:	27c50038 	addiu	a1,s8,56
   10078:	afc00038 	sw	zero,56(s8)
   1007c:	27c40020 	addiu	a0,s8,32
   10080:	afd7003c 	sw	s7,60(s8)
   10084:	0320f809 	jalr	t9
   10088:	afd40040 	sw	s4,64(s8)
   1008c:	8fdc0018 	lw	gp,24(s8)
   10090:	afc00020 	sw	zero,32(s8)
   10094:	afd70024 	sw	s7,36(s8)
   10098:	afd40028 	sw	s4,40(s8)
   1009c:	24060018 	li	a2,24
   100a0:	1000fe74 	b	fa74 <main@@Base+0xd734>
   100a4:	27c50020 	addiu	a1,s8,32
   100a8:	8fd70024 	lw	s7,36(s8)
   100ac:	16e0ffe9 	bnez	s7,10054 <main@@Base+0xdd14>
   100b0:	8fd40028 	lw	s4,40(s8)
   100b4:	8fc200ec 	lw	v0,236(s8)
   100b8:	02b4a823 	subu	s5,s5,s4
   100bc:	1000ff8c 	b	fef0 <main@@Base+0xdbb0>
   100c0:	0054b021 	addu	s6,v0,s4
   100c4:	16e0ffe4 	bnez	s7,10058 <main@@Base+0xdd18>
   100c8:	8f998120 	lw	t9,-32480(gp)
   100cc:	02d4b021 	addu	s6,s6,s4
   100d0:	1000ff9b 	b	ff40 <main@@Base+0xdc00>
   100d4:	02b4a823 	subu	s5,s5,s4
   100d8:	8fd70024 	lw	s7,36(s8)
   100dc:	16e0ffdd 	bnez	s7,10054 <main@@Base+0xdd14>
   100e0:	8fd40028 	lw	s4,40(s8)
   100e4:	02d4b021 	addu	s6,s6,s4
   100e8:	1000ffa4 	b	ff7c <main@@Base+0xdc3c>
   100ec:	02b4a823 	subu	s5,s5,s4
   100f0:	8fc20030 	lw	v0,48(s8)
   100f4:	afa20010 	sw	v0,16(sp)
   100f8:	8fc20034 	lw	v0,52(s8)
   100fc:	afa20014 	sw	v0,20(sp)
   10100:	8fc50024 	lw	a1,36(s8)
   10104:	8fc60028 	lw	a2,40(s8)
   10108:	8f998038 	lw	t9,-32712(gp)
   1010c:	27c40038 	addiu	a0,s8,56
   10110:	8fc7002c 	lw	a3,44(s8)
   10114:	0000b025 	move	s6,zero
   10118:	0000a825 	move	s5,zero
   1011c:	2739c650 	addiu	t9,t9,-14768
   10120:	0411f14b 	bal	c650 <main@@Base+0xa310>
   10124:	00009825 	move	s3,zero
   10128:	00001025 	move	v0,zero
   1012c:	8fdc0018 	lw	gp,24(s8)
   10130:	8fc30038 	lw	v1,56(s8)
   10134:	8fd7003c 	lw	s7,60(s8)
   10138:	8fd40040 	lw	s4,64(s8)
   1013c:	1060002f 	beqz	v1,101fc <main@@Base+0xdebc>
   10140:	24040001 	li	a0,1
   10144:	10640035 	beq	v1,a0,1021c <main@@Base+0xdedc>
   10148:	02e02825 	move	a1,s7
   1014c:	8e440214 	lw	a0,532(s2)
   10150:	8fc500f0 	lw	a1,240(s8)
   10154:	00041900 	sll	v1,a0,0x4
   10158:	24840001 	addiu	a0,a0,1
   1015c:	00a31821 	addu	v1,a1,v1
   10160:	ac730000 	sw	s3,0(v1)
   10164:	ac750004 	sw	s5,4(v1)
   10168:	ac760008 	sw	s6,8(v1)
   1016c:	ac62000c 	sw	v0,12(v1)
   10170:	1000fe89 	b	fb98 <main@@Base+0xd858>
   10174:	ae440214 	sw	a0,532(s2)
   10178:	24060002 	li	a2,2
   1017c:	02d42021 	addu	a0,s6,s4
   10180:	0320f809 	jalr	t9
   10184:	afc50100 	sw	a1,256(s8)
   10188:	8fdc0018 	lw	gp,24(s8)
   1018c:	14400007 	bnez	v0,101ac <main@@Base+0xde6c>
   10190:	8fc50100 	lw	a1,256(s8)
   10194:	8f998078 	lw	t9,-32648(gp)
   10198:	26850002 	addiu	a1,s4,2
   1019c:	0411f11a 	bal	c608 <main@@Base+0xa2c8>
   101a0:	27c40020 	addiu	a0,s8,32
   101a4:	1000ff82 	b	ffb0 <main@@Base+0xdc70>
   101a8:	8fdc0018 	lw	gp,24(s8)
   101ac:	1000ff77 	b	ff8c <main@@Base+0xdc4c>
   101b0:	26940001 	addiu	s4,s4,1
   101b4:	16e0ffa4 	bnez	s7,10048 <main@@Base+0xdd08>
   101b8:	02d42821 	addu	a1,s6,s4
   101bc:	8fc200ec 	lw	v0,236(s8)
   101c0:	27c40038 	addiu	a0,s8,56
   101c4:	8f998078 	lw	t9,-32648(gp)
   101c8:	0053a823 	subu	s5,v0,s3
   101cc:	24a2fffe 	addiu	v0,a1,-2
   101d0:	00561023 	subu	v0,v0,s6
   101d4:	afc200ec 	sw	v0,236(s8)
   101d8:	8fc200e0 	lw	v0,224(s8)
   101dc:	0411f10a 	bal	c608 <main@@Base+0xa2c8>
   101e0:	00a22823 	subu	a1,a1,v0
   101e4:	8fdc0018 	lw	gp,24(s8)
   101e8:	8fc30038 	lw	v1,56(s8)
   101ec:	8fd7003c 	lw	s7,60(s8)
   101f0:	8fd40040 	lw	s4,64(s8)
   101f4:	1000ffd1 	b	1013c <main@@Base+0xddfc>
   101f8:	8fc200ec 	lw	v0,236(s8)
   101fc:	16e0ff9b 	bnez	s7,1006c <main@@Base+0xdd2c>
   10200:	8fc300e0 	lw	v1,224(s8)
   10204:	00741821 	addu	v1,v1,s4
   10208:	afc300e0 	sw	v1,224(s8)
   1020c:	8fc300e4 	lw	v1,228(s8)
   10210:	00741823 	subu	v1,v1,s4
   10214:	1000ffcd 	b	1014c <main@@Base+0xde0c>
   10218:	afc300e4 	sw	v1,228(s8)
   1021c:	8fc20048 	lw	v0,72(s8)
   10220:	afd7003c 	sw	s7,60(s8)
   10224:	02803025 	move	a2,s4
   10228:	afd40040 	sw	s4,64(s8)
   1022c:	afa20010 	sw	v0,16(sp)
   10230:	8fc2004c 	lw	v0,76(s8)
   10234:	afa20014 	sw	v0,20(sp)
   10238:	1000fee4 	b	fdcc <main@@Base+0xda8c>
   1023c:	8fc70044 	lw	a3,68(s8)
   10240:	16e0ff93 	bnez	s7,10090 <main@@Base+0xdd50>
   10244:	02148021 	addu	s0,s0,s4
   10248:	1000fe67 	b	fbe8 <main@@Base+0xd8a8>
   1024c:	02348823 	subu	s1,s1,s4
   10250:	02e02825 	move	a1,s7
   10254:	afd70024 	sw	s7,36(s8)
   10258:	02803025 	move	a2,s4
   1025c:	afd40028 	sw	s4,40(s8)
   10260:	afa20010 	sw	v0,16(sp)
   10264:	8fc20034 	lw	v0,52(s8)
   10268:	afa20014 	sw	v0,20(sp)
   1026c:	1000feb1 	b	fd34 <main@@Base+0xd9f4>
   10270:	8fc7002c 	lw	a3,44(s8)
   10274:	8fc500d4 	lw	a1,212(s8)
   10278:	0225882b 	sltu	s1,s1,a1
   1027c:	12200020 	beqz	s1,10300 <main@@Base+0xdfc0>
   10280:	00000000 	nop
   10284:	8f998034 	lw	t9,-32716(gp)
   10288:	2739569c 	addiu	t9,t9,22172
   1028c:	0411d503 	bal	569c <main@@Base+0x335c>
   10290:	27c40020 	addiu	a0,s8,32
   10294:	8fdc0018 	lw	gp,24(s8)
   10298:	8fc20020 	lw	v0,32(s8)
   1029c:	10400025 	beqz	v0,10334 <main@@Base+0xdff4>
   102a0:	24030001 	li	v1,1
   102a4:	10430029 	beq	v0,v1,1034c <main@@Base+0xe00c>
   102a8:	8fc20030 	lw	v0,48(s8)
   102ac:	8f858038 	lw	a1,-32712(gp)
   102b0:	27c70090 	addiu	a3,s8,144
   102b4:	8f998070 	lw	t9,-32656(gp)
   102b8:	24060004 	li	a2,4
   102bc:	8fc400f0 	lw	a0,240(s8)
   102c0:	24a56a0c 	addiu	a1,a1,27148
   102c4:	0411f0fd 	bal	c6bc <main@@Base+0xa37c>
   102c8:	afc00094 	sw	zero,148(s8)
   102cc:	14400025 	bnez	v0,10364 <main@@Base+0xe024>
   102d0:	8fdc0018 	lw	gp,24(s8)
   102d4:	24020004 	li	v0,4
   102d8:	a3c00024 	sb	zero,36(s8)
   102dc:	24050004 	li	a1,4
   102e0:	afc20020 	sw	v0,32(s8)
   102e4:	8fc2002c 	lw	v0,44(s8)
   102e8:	afa20010 	sw	v0,16(sp)
   102ec:	8fc20030 	lw	v0,48(s8)
   102f0:	afa20014 	sw	v0,20(sp)
   102f4:	8fc60024 	lw	a2,36(s8)
   102f8:	1000fe8e 	b	fd34 <main@@Base+0xd9f4>
   102fc:	8fc70028 	lw	a3,40(s8)
   10300:	14a00009 	bnez	a1,10328 <main@@Base+0xdfe8>
   10304:	8f998078 	lw	t9,-32648(gp)
   10308:	8f828038 	lw	v0,-32712(gp)
   1030c:	ae40021c 	sw	zero,540(s2)
   10310:	24426328 	addiu	v0,v0,25384
   10314:	ae420218 	sw	v0,536(s2)
   10318:	0411f0bb 	bal	c608 <main@@Base+0xa2c8>
   1031c:	27c40020 	addiu	a0,s8,32
   10320:	1000ffdd 	b	10298 <main@@Base+0xdf58>
   10324:	8fdc0018 	lw	gp,24(s8)
   10328:	ae500218 	sw	s0,536(s2)
   1032c:	1000fffa 	b	10318 <main@@Base+0xdfd8>
   10330:	ae45021c 	sw	a1,540(s2)
   10334:	8fc20024 	lw	v0,36(s8)
   10338:	1440ff59 	bnez	v0,100a0 <main@@Base+0xdd60>
   1033c:	24060018 	li	a2,24
   10340:	8fc20028 	lw	v0,40(s8)
   10344:	1000ffd9 	b	102ac <main@@Base+0xdf6c>
   10348:	02028021 	addu	s0,s0,v0
   1034c:	afa20010 	sw	v0,16(sp)
   10350:	8fc20034 	lw	v0,52(s8)
   10354:	afa20014 	sw	v0,20(sp)
   10358:	8fc50024 	lw	a1,36(s8)
   1035c:	1000ffc3 	b	1026c <main@@Base+0xdf2c>
   10360:	8fc60028 	lw	a2,40(s8)
   10364:	8fc50094 	lw	a1,148(s8)
   10368:	8f998098 	lw	t9,-32616(gp)
   1036c:	8fc40090 	lw	a0,144(s8)
   10370:	24a20008 	addiu	v0,a1,8
   10374:	7c021004 	ins	v0,zero,0x0,0x3
   10378:	03a2e823 	subu	sp,sp,v0
   1037c:	0411f881 	bal	e584 <main@@Base+0xc244>
   10380:	27a60018 	addiu	a2,sp,24
   10384:	27c600d8 	addiu	a2,s8,216
   10388:	8fdc0018 	lw	gp,24(s8)
   1038c:	00402025 	move	a0,v0
   10390:	8f858038 	lw	a1,-32712(gp)
   10394:	8f998358 	lw	t9,-31912(gp)
   10398:	0320f809 	jalr	t9
   1039c:	24a568e0 	addiu	a1,a1,26848
   103a0:	24030001 	li	v1,1
   103a4:	10430017 	beq	v0,v1,10404 <main@@Base+0xe0c4>
   103a8:	8fdc0018 	lw	gp,24(s8)
   103ac:	8fc30090 	lw	v1,144(s8)
   103b0:	24060014 	li	a2,20
   103b4:	83c20090 	lb	v0,144(s8)
   103b8:	27c50020 	addiu	a1,s8,32
   103bc:	8f998120 	lw	t9,-32480(gp)
   103c0:	27c4007c 	addiu	a0,s8,124
   103c4:	afc30024 	sw	v1,36(s8)
   103c8:	8fc30094 	lw	v1,148(s8)
   103cc:	a3c20024 	sb	v0,36(s8)
   103d0:	afc30028 	sw	v1,40(s8)
   103d4:	24030005 	li	v1,5
   103d8:	0320f809 	jalr	t9
   103dc:	afc30020 	sw	v1,32(s8)
   103e0:	8fc20088 	lw	v0,136(s8)
   103e4:	8fdc0018 	lw	gp,24(s8)
   103e8:	afa20010 	sw	v0,16(sp)
   103ec:	8fc2008c 	lw	v0,140(s8)
   103f0:	afa20014 	sw	v0,20(sp)
   103f4:	8fc5007c 	lw	a1,124(s8)
   103f8:	8fc60080 	lw	a2,128(s8)
   103fc:	1000fe4d 	b	fd34 <main@@Base+0xd9f4>
   10400:	8fc70084 	lw	a3,132(s8)
   10404:	8fc200d8 	lw	v0,216(s8)
   10408:	8fc40130 	lw	a0,304(s8)
   1040c:	8f998078 	lw	t9,-32648(gp)
   10410:	ae420220 	sw	v0,544(s2)
   10414:	8fc200f8 	lw	v0,248(s8)
   10418:	0411f07b 	bal	c608 <main@@Base+0xa2c8>
   1041c:	02022823 	subu	a1,s0,v0
   10420:	1000fca7 	b	f6c0 <main@@Base+0xd380>
   10424:	8fc20130 	lw	v0,304(s8)
	...
   10430:	27bdff88 	addiu	sp,sp,-120
   10434:	8c820000 	lw	v0,0(a0)
   10438:	8c880004 	lw	t0,4(a0)
   1043c:	24a70040 	addiu	a3,a1,64
   10440:	27a30008 	addiu	v1,sp,8
   10444:	afb70070 	sw	s7,112(sp)
   10448:	afb6006c 	sw	s6,108(sp)
   1044c:	afbe0074 	sw	s8,116(sp)
   10450:	afb50068 	sw	s5,104(sp)
   10454:	afb40064 	sw	s4,100(sp)
   10458:	afb30060 	sw	s3,96(sp)
   1045c:	afb2005c 	sw	s2,92(sp)
   10460:	afb10058 	sw	s1,88(sp)
   10464:	afb00054 	sw	s0,84(sp)
   10468:	afa20048 	sw	v0,72(sp)
   1046c:	8c960008 	lw	s6,8(a0)
   10470:	8c97000c 	lw	s7,12(a0)
   10474:	90a20001 	lbu	v0,1(a1)
   10478:	24a50004 	addiu	a1,a1,4
   1047c:	90a6fffe 	lbu	a2,-2(a1)
   10480:	24630004 	addiu	v1,v1,4
   10484:	00021200 	sll	v0,v0,0x8
   10488:	00063400 	sll	a2,a2,0x10
   1048c:	00461025 	or	v0,v0,a2
   10490:	90a6fffc 	lbu	a2,-4(a1)
   10494:	00461025 	or	v0,v0,a2
   10498:	90a6ffff 	lbu	a2,-1(a1)
   1049c:	00063600 	sll	a2,a2,0x18
   104a0:	00461025 	or	v0,v0,a2
   104a4:	14e5fff3 	bne	a3,a1,10474 <main@@Base+0xe134>
   104a8:	ac62fffc 	sw	v0,-4(v1)
   104ac:	8fb50008 	lw	s5,8(sp)
   104b0:	3c03d76a 	lui	v1,0xd76a
   104b4:	8fa20048 	lw	v0,72(sp)
   104b8:	01162826 	xor	a1,t0,s6
   104bc:	3463a478 	ori	v1,v1,0xa478
   104c0:	8fb8000c 	lw	t8,12(sp)
   104c4:	02a31821 	addu	v1,s5,v1
   104c8:	8fa90010 	lw	t1,16(sp)
   104cc:	8fb00014 	lw	s0,20(sp)
   104d0:	3c07c1bd 	lui	a3,0xc1bd
   104d4:	00621821 	addu	v1,v1,v0
   104d8:	8fab0018 	lw	t3,24(sp)
   104dc:	02d71026 	xor	v0,s6,s7
   104e0:	8fb2001c 	lw	s2,28(sp)
   104e4:	00481024 	and	v0,v0,t0
   104e8:	8fad0020 	lw	t5,32(sp)
   104ec:	00571026 	xor	v0,v0,s7
   104f0:	8fb40024 	lw	s4,36(sp)
   104f4:	00431021 	addu	v0,v0,v1
   104f8:	8faf0028 	lw	t7,40(sp)
   104fc:	3c03e8c7 	lui	v1,0xe8c7
   10500:	8faa002c 	lw	t2,44(sp)
   10504:	00221642 	ror	v0,v0,0x19
   10508:	8fb90030 	lw	t9,48(sp)
   1050c:	3463b756 	ori	v1,v1,0xb756
   10510:	8fb10038 	lw	s1,56(sp)
   10514:	01021021 	addu	v0,t0,v0
   10518:	8fac003c 	lw	t4,60(sp)
   1051c:	03031821 	addu	v1,t8,v1
   10520:	8fb30040 	lw	s3,64(sp)
   10524:	00a22824 	and	a1,a1,v0
   10528:	8fae0044 	lw	t6,68(sp)
   1052c:	00771821 	addu	v1,v1,s7
   10530:	8fbe002c 	lw	s8,44(sp)
   10534:	00b62826 	xor	a1,a1,s6
   10538:	00a32821 	addu	a1,a1,v1
   1053c:	3c032420 	lui	v1,0x2420
   10540:	00252d02 	ror	a1,a1,0x14
   10544:	246370db 	addiu	v1,v1,28891
   10548:	00452821 	addu	a1,v0,a1
   1054c:	01231821 	addu	v1,t1,v1
   10550:	01023026 	xor	a2,t0,v0
   10554:	00761821 	addu	v1,v1,s6
   10558:	00c53024 	and	a2,a2,a1
   1055c:	00c83026 	xor	a2,a2,t0
   10560:	00c33021 	addu	a2,a2,v1
   10564:	34e7ceee 	ori	a3,a3,0xceee
   10568:	002633c2 	ror	a2,a2,0xf
   1056c:	02073821 	addu	a3,s0,a3
   10570:	00a63021 	addu	a2,a1,a2
   10574:	00451826 	xor	v1,v0,a1
   10578:	00e83821 	addu	a3,a3,t0
   1057c:	00661824 	and	v1,v1,a2
   10580:	00621826 	xor	v1,v1,v0
   10584:	00671821 	addu	v1,v1,a3
   10588:	3c07f57c 	lui	a3,0xf57c
   1058c:	00231a82 	ror	v1,v1,0xa
   10590:	24e70faf 	addiu	a3,a3,4015
   10594:	00c31821 	addu	v1,a2,v1
   10598:	01673821 	addu	a3,t3,a3
   1059c:	00e23821 	addu	a3,a3,v0
   105a0:	00a61026 	xor	v0,a1,a2
   105a4:	00431024 	and	v0,v0,v1
   105a8:	00451026 	xor	v0,v0,a1
   105ac:	00471021 	addu	v0,v0,a3
   105b0:	3c074787 	lui	a3,0x4787
   105b4:	00221642 	ror	v0,v0,0x19
   105b8:	34e7c62a 	ori	a3,a3,0xc62a
   105bc:	02473821 	addu	a3,s2,a3
   105c0:	00621021 	addu	v0,v1,v0
   105c4:	00e53821 	addu	a3,a3,a1
   105c8:	00c32826 	xor	a1,a2,v1
   105cc:	00a22824 	and	a1,a1,v0
   105d0:	00a62826 	xor	a1,a1,a2
   105d4:	00a72821 	addu	a1,a1,a3
   105d8:	3c07a830 	lui	a3,0xa830
   105dc:	00252d02 	ror	a1,a1,0x14
   105e0:	24e74613 	addiu	a3,a3,17939
   105e4:	00452821 	addu	a1,v0,a1
   105e8:	01a73821 	addu	a3,t5,a3
   105ec:	00e63821 	addu	a3,a3,a2
   105f0:	00623026 	xor	a2,v1,v0
   105f4:	00c53024 	and	a2,a2,a1
   105f8:	00c33026 	xor	a2,a2,v1
   105fc:	00c73021 	addu	a2,a2,a3
   10600:	3c07fd46 	lui	a3,0xfd46
   10604:	002633c2 	ror	a2,a2,0xf
   10608:	34e79501 	ori	a3,a3,0x9501
   1060c:	02873821 	addu	a3,s4,a3
   10610:	00a63021 	addu	a2,a1,a2
   10614:	00e33821 	addu	a3,a3,v1
   10618:	00451826 	xor	v1,v0,a1
   1061c:	00661824 	and	v1,v1,a2
   10620:	00621826 	xor	v1,v1,v0
   10624:	00671821 	addu	v1,v1,a3
   10628:	3c076980 	lui	a3,0x6980
   1062c:	00231a82 	ror	v1,v1,0xa
   10630:	34e798d8 	ori	a3,a3,0x98d8
   10634:	01e73821 	addu	a3,t7,a3
   10638:	00c31821 	addu	v1,a2,v1
   1063c:	00e23821 	addu	a3,a3,v0
   10640:	00a61026 	xor	v0,a1,a2
   10644:	00431024 	and	v0,v0,v1
   10648:	00451026 	xor	v0,v0,a1
   1064c:	00471021 	addu	v0,v0,a3
   10650:	3c078b44 	lui	a3,0x8b44
   10654:	00221642 	ror	v0,v0,0x19
   10658:	34e7f7af 	ori	a3,a3,0xf7af
   1065c:	01473821 	addu	a3,t2,a3
   10660:	8faa0034 	lw	t2,52(sp)
   10664:	00621021 	addu	v0,v1,v0
   10668:	00e53821 	addu	a3,a3,a1
   1066c:	00c32826 	xor	a1,a2,v1
   10670:	00a22824 	and	a1,a1,v0
   10674:	00a62826 	xor	a1,a1,a2
   10678:	00a72821 	addu	a1,a1,a3
   1067c:	3c07ffff 	lui	a3,0xffff
   10680:	00252d02 	ror	a1,a1,0x14
   10684:	24e75bb1 	addiu	a3,a3,23473
   10688:	00452821 	addu	a1,v0,a1
   1068c:	03273821 	addu	a3,t9,a3
   10690:	00e63821 	addu	a3,a3,a2
   10694:	00623026 	xor	a2,v1,v0
   10698:	00c53024 	and	a2,a2,a1
   1069c:	00c33026 	xor	a2,a2,v1
   106a0:	00c73021 	addu	a2,a2,a3
   106a4:	3c07895c 	lui	a3,0x895c
   106a8:	002633c2 	ror	a2,a2,0xf
   106ac:	34e7d7be 	ori	a3,a3,0xd7be
   106b0:	01473821 	addu	a3,t2,a3
   106b4:	00a63021 	addu	a2,a1,a2
   106b8:	00e33821 	addu	a3,a3,v1
   106bc:	00451826 	xor	v1,v0,a1
   106c0:	00661824 	and	v1,v1,a2
   106c4:	00621826 	xor	v1,v1,v0
   106c8:	00671821 	addu	v1,v1,a3
   106cc:	3c076b90 	lui	a3,0x6b90
   106d0:	00231a82 	ror	v1,v1,0xa
   106d4:	24e71122 	addiu	a3,a3,4386
   106d8:	00c31821 	addu	v1,a2,v1
   106dc:	02273821 	addu	a3,s1,a3
   106e0:	00e23821 	addu	a3,a3,v0
   106e4:	00a61026 	xor	v0,a1,a2
   106e8:	00431024 	and	v0,v0,v1
   106ec:	00451026 	xor	v0,v0,a1
   106f0:	00471021 	addu	v0,v0,a3
   106f4:	3c07fd98 	lui	a3,0xfd98
   106f8:	00221642 	ror	v0,v0,0x19
   106fc:	24e77193 	addiu	a3,a3,29075
   10700:	00621021 	addu	v0,v1,v0
   10704:	01873821 	addu	a3,t4,a3
   10708:	00e53821 	addu	a3,a3,a1
   1070c:	00c32826 	xor	a1,a2,v1
   10710:	00a22824 	and	a1,a1,v0
   10714:	00a62826 	xor	a1,a1,a2
   10718:	00a72821 	addu	a1,a1,a3
   1071c:	3c07a679 	lui	a3,0xa679
   10720:	00252d02 	ror	a1,a1,0x14
   10724:	24e7438e 	addiu	a3,a3,17294
   10728:	00452821 	addu	a1,v0,a1
   1072c:	02673821 	addu	a3,s3,a3
   10730:	00e63821 	addu	a3,a3,a2
   10734:	00623026 	xor	a2,v1,v0
   10738:	00c53024 	and	a2,a2,a1
   1073c:	00c33026 	xor	a2,a2,v1
   10740:	00c73021 	addu	a2,a2,a3
   10744:	3c0749b4 	lui	a3,0x49b4
   10748:	002633c2 	ror	a2,a2,0xf
   1074c:	24e70821 	addiu	a3,a3,2081
   10750:	00a63021 	addu	a2,a1,a2
   10754:	01c73821 	addu	a3,t6,a3
   10758:	00e33821 	addu	a3,a3,v1
   1075c:	00451826 	xor	v1,v0,a1
   10760:	00661824 	and	v1,v1,a2
   10764:	00621826 	xor	v1,v1,v0
   10768:	00671821 	addu	v1,v1,a3
   1076c:	3c07f61e 	lui	a3,0xf61e
   10770:	00231a82 	ror	v1,v1,0xa
   10774:	24e72562 	addiu	a3,a3,9570
   10778:	00c31821 	addu	v1,a2,v1
   1077c:	03073821 	addu	a3,t8,a3
   10780:	00e23821 	addu	a3,a3,v0
   10784:	00c31026 	xor	v0,a2,v1
   10788:	00451024 	and	v0,v0,a1
   1078c:	00461026 	xor	v0,v0,a2
   10790:	00471021 	addu	v0,v0,a3
   10794:	3c07c040 	lui	a3,0xc040
   10798:	002216c2 	ror	v0,v0,0x1b
   1079c:	34e7b340 	ori	a3,a3,0xb340
   107a0:	00621021 	addu	v0,v1,v0
   107a4:	01a73821 	addu	a3,t5,a3
   107a8:	00e53821 	addu	a3,a3,a1
   107ac:	00622826 	xor	a1,v1,v0
   107b0:	00a62824 	and	a1,a1,a2
   107b4:	00a32826 	xor	a1,a1,v1
   107b8:	00a72821 	addu	a1,a1,a3
   107bc:	3c07265e 	lui	a3,0x265e
   107c0:	00252dc2 	ror	a1,a1,0x17
   107c4:	24e75a51 	addiu	a3,a3,23121
   107c8:	00452821 	addu	a1,v0,a1
   107cc:	01473821 	addu	a3,t2,a3
   107d0:	00e63821 	addu	a3,a3,a2
   107d4:	00453026 	xor	a2,v0,a1
   107d8:	00c33024 	and	a2,a2,v1
   107dc:	00c23026 	xor	a2,a2,v0
   107e0:	00c73021 	addu	a2,a2,a3
   107e4:	3c07e9b6 	lui	a3,0xe9b6
   107e8:	00263482 	ror	a2,a2,0x12
   107ec:	34e7c7aa 	ori	a3,a3,0xc7aa
   107f0:	00a63021 	addu	a2,a1,a2
   107f4:	02a73821 	addu	a3,s5,a3
   107f8:	00e33821 	addu	a3,a3,v1
   107fc:	00a61826 	xor	v1,a1,a2
   10800:	00621824 	and	v1,v1,v0
   10804:	00651826 	xor	v1,v1,a1
   10808:	00671821 	addu	v1,v1,a3
   1080c:	3c07d62f 	lui	a3,0xd62f
   10810:	00231b02 	ror	v1,v1,0xc
   10814:	24e7105d 	addiu	a3,a3,4189
   10818:	00c31821 	addu	v1,a2,v1
   1081c:	02473821 	addu	a3,s2,a3
   10820:	00e23821 	addu	a3,a3,v0
   10824:	00c31026 	xor	v0,a2,v1
   10828:	00451024 	and	v0,v0,a1
   1082c:	00461026 	xor	v0,v0,a2
   10830:	00471021 	addu	v0,v0,a3
   10834:	3c070244 	lui	a3,0x244
   10838:	002216c2 	ror	v0,v0,0x1b
   1083c:	24e71453 	addiu	a3,a3,5203
   10840:	00621021 	addu	v0,v1,v0
   10844:	03273821 	addu	a3,t9,a3
   10848:	00e53821 	addu	a3,a3,a1
   1084c:	00622826 	xor	a1,v1,v0
   10850:	00a62824 	and	a1,a1,a2
   10854:	00a32826 	xor	a1,a1,v1
   10858:	00a72821 	addu	a1,a1,a3
   1085c:	3c07d8a1 	lui	a3,0xd8a1
   10860:	00252dc2 	ror	a1,a1,0x17
   10864:	34e7e681 	ori	a3,a3,0xe681
   10868:	00452821 	addu	a1,v0,a1
   1086c:	01c73821 	addu	a3,t6,a3
   10870:	00e63821 	addu	a3,a3,a2
   10874:	00453026 	xor	a2,v0,a1
   10878:	00c33024 	and	a2,a2,v1
   1087c:	00c23026 	xor	a2,a2,v0
   10880:	00c73021 	addu	a2,a2,a3
   10884:	3c07e7d3 	lui	a3,0xe7d3
   10888:	00263482 	ror	a2,a2,0x12
   1088c:	34e7fbc8 	ori	a3,a3,0xfbc8
   10890:	00a63021 	addu	a2,a1,a2
   10894:	01673821 	addu	a3,t3,a3
   10898:	00e33821 	addu	a3,a3,v1
   1089c:	00a61826 	xor	v1,a1,a2
   108a0:	00621824 	and	v1,v1,v0
   108a4:	00651826 	xor	v1,v1,a1
   108a8:	00671821 	addu	v1,v1,a3
   108ac:	3c0721e1 	lui	a3,0x21e1
   108b0:	00231b02 	ror	v1,v1,0xc
   108b4:	34e7cde6 	ori	a3,a3,0xcde6
   108b8:	00c31821 	addu	v1,a2,v1
   108bc:	03c73821 	addu	a3,s8,a3
   108c0:	3c1e8d2a 	lui	s8,0x8d2a
   108c4:	00e23821 	addu	a3,a3,v0
   108c8:	00c31026 	xor	v0,a2,v1
   108cc:	00451024 	and	v0,v0,a1
   108d0:	00461026 	xor	v0,v0,a2
   108d4:	00471021 	addu	v0,v0,a3
   108d8:	3c07c337 	lui	a3,0xc337
   108dc:	002216c2 	ror	v0,v0,0x1b
   108e0:	24e707d6 	addiu	a3,a3,2006
   108e4:	00621021 	addu	v0,v1,v0
   108e8:	02673821 	addu	a3,s3,a3
   108ec:	27de4c8a 	addiu	s8,s8,19594
   108f0:	00e53821 	addu	a3,a3,a1
   108f4:	00622826 	xor	a1,v1,v0
   108f8:	00a62824 	and	a1,a1,a2
   108fc:	00a32826 	xor	a1,a1,v1
   10900:	00a72821 	addu	a1,a1,a3
   10904:	3c07f4d5 	lui	a3,0xf4d5
   10908:	00252dc2 	ror	a1,a1,0x17
   1090c:	24e70d87 	addiu	a3,a3,3463
   10910:	00452821 	addu	a1,v0,a1
   10914:	02073821 	addu	a3,s0,a3
   10918:	023ef021 	addu	s8,s1,s8
   1091c:	00e63821 	addu	a3,a3,a2
   10920:	00453026 	xor	a2,v0,a1
   10924:	00c33024 	and	a2,a2,v1
   10928:	00c23026 	xor	a2,a2,v0
   1092c:	00c73021 	addu	a2,a2,a3
   10930:	3c07455a 	lui	a3,0x455a
   10934:	00263482 	ror	a2,a2,0x12
   10938:	24e714ed 	addiu	a3,a3,5357
   1093c:	00a63021 	addu	a2,a1,a2
   10940:	01e73821 	addu	a3,t7,a3
   10944:	00e33821 	addu	a3,a3,v1
   10948:	00a61826 	xor	v1,a1,a2
   1094c:	00621824 	and	v1,v1,v0
   10950:	00651826 	xor	v1,v1,a1
   10954:	00671821 	addu	v1,v1,a3
   10958:	3c07a9e3 	lui	a3,0xa9e3
   1095c:	00231b02 	ror	v1,v1,0xc
   10960:	34e7e905 	ori	a3,a3,0xe905
   10964:	00c31821 	addu	v1,a2,v1
   10968:	01873821 	addu	a3,t4,a3
   1096c:	03c3f021 	addu	s8,s8,v1
   10970:	00e23821 	addu	a3,a3,v0
   10974:	00c31026 	xor	v0,a2,v1
   10978:	00451024 	and	v0,v0,a1
   1097c:	00461026 	xor	v0,v0,a2
   10980:	00471021 	addu	v0,v0,a3
   10984:	3c07fcef 	lui	a3,0xfcef
   10988:	002216c2 	ror	v0,v0,0x1b
   1098c:	34e7a3f8 	ori	a3,a3,0xa3f8
   10990:	00621021 	addu	v0,v1,v0
   10994:	01273821 	addu	a3,t1,a3
   10998:	00e53821 	addu	a3,a3,a1
   1099c:	00622826 	xor	a1,v1,v0
   109a0:	00a62824 	and	a1,a1,a2
   109a4:	00a32826 	xor	a1,a1,v1
   109a8:	00a72821 	addu	a1,a1,a3
   109ac:	3c07676f 	lui	a3,0x676f
   109b0:	00252dc2 	ror	a1,a1,0x17
   109b4:	24e702d9 	addiu	a3,a3,729
   109b8:	00452821 	addu	a1,v0,a1
   109bc:	02873821 	addu	a3,s4,a3
   109c0:	00e63021 	addu	a2,a3,a2
   109c4:	00453826 	xor	a3,v0,a1
   109c8:	00e33824 	and	a3,a3,v1
   109cc:	00e23826 	xor	a3,a3,v0
   109d0:	00e63821 	addu	a3,a3,a2
   109d4:	00273c82 	ror	a3,a3,0x12
   109d8:	00a73821 	addu	a3,a1,a3
   109dc:	00a73026 	xor	a2,a1,a3
   109e0:	00461824 	and	v1,v0,a2
   109e4:	00651826 	xor	v1,v1,a1
   109e8:	007e1821 	addu	v1,v1,s8
   109ec:	3c1efffa 	lui	s8,0xfffa
   109f0:	00231b02 	ror	v1,v1,0xc
   109f4:	27de3942 	addiu	s8,s8,14658
   109f8:	00e31821 	addu	v1,a3,v1
   109fc:	025ef021 	addu	s8,s2,s8
   10a00:	00663026 	xor	a2,v1,a2
   10a04:	03c21021 	addu	v0,s8,v0
   10a08:	8fbe002c 	lw	s8,44(sp)
   10a0c:	00c23021 	addu	a2,a2,v0
   10a10:	3c028771 	lui	v0,0x8771
   10a14:	00263702 	ror	a2,a2,0x1c
   10a18:	3442f681 	ori	v0,v0,0xf681
   10a1c:	01e21021 	addu	v0,t7,v0
   10a20:	00663021 	addu	a2,v1,a2
   10a24:	00451021 	addu	v0,v0,a1
   10a28:	00e32826 	xor	a1,a3,v1
   10a2c:	00a62826 	xor	a1,a1,a2
   10a30:	00a22821 	addu	a1,a1,v0
   10a34:	3c026d9d 	lui	v0,0x6d9d
   10a38:	00252d42 	ror	a1,a1,0x15
   10a3c:	24426122 	addiu	v0,v0,24866
   10a40:	00c52821 	addu	a1,a2,a1
   10a44:	01421021 	addu	v0,t2,v0
   10a48:	00471021 	addu	v0,v0,a3
   10a4c:	00663826 	xor	a3,v1,a2
   10a50:	00e53826 	xor	a3,a3,a1
   10a54:	00e23821 	addu	a3,a3,v0
   10a58:	3c02fde5 	lui	v0,0xfde5
   10a5c:	00273c02 	ror	a3,a3,0x10
   10a60:	2442380c 	addiu	v0,v0,14348
   10a64:	00a73821 	addu	a3,a1,a3
   10a68:	02621021 	addu	v0,s3,v0
   10a6c:	00431821 	addu	v1,v0,v1
   10a70:	00c51026 	xor	v0,a2,a1
   10a74:	00471026 	xor	v0,v0,a3
   10a78:	00431021 	addu	v0,v0,v1
   10a7c:	3c03a4be 	lui	v1,0xa4be
   10a80:	00221242 	ror	v0,v0,0x9
   10a84:	3463ea44 	ori	v1,v1,0xea44
   10a88:	03031821 	addu	v1,t8,v1
   10a8c:	00e21021 	addu	v0,a3,v0
   10a90:	00661821 	addu	v1,v1,a2
   10a94:	00a73026 	xor	a2,a1,a3
   10a98:	00c23026 	xor	a2,a2,v0
   10a9c:	00c33021 	addu	a2,a2,v1
   10aa0:	3c034bde 	lui	v1,0x4bde
   10aa4:	00263702 	ror	a2,a2,0x1c
   10aa8:	3463cfa9 	ori	v1,v1,0xcfa9
   10aac:	01631821 	addu	v1,t3,v1
   10ab0:	00463021 	addu	a2,v0,a2
   10ab4:	00651821 	addu	v1,v1,a1
   10ab8:	00e22826 	xor	a1,a3,v0
   10abc:	00a62826 	xor	a1,a1,a2
   10ac0:	00a32821 	addu	a1,a1,v1
   10ac4:	3c03f6bb 	lui	v1,0xf6bb
   10ac8:	00252d42 	ror	a1,a1,0x15
   10acc:	24634b60 	addiu	v1,v1,19296
   10ad0:	00c52821 	addu	a1,a2,a1
   10ad4:	02831821 	addu	v1,s4,v1
   10ad8:	00673821 	addu	a3,v1,a3
   10adc:	00461826 	xor	v1,v0,a2
   10ae0:	00651826 	xor	v1,v1,a1
   10ae4:	00671821 	addu	v1,v1,a3
   10ae8:	3c07bebf 	lui	a3,0xbebf
   10aec:	00231c02 	ror	v1,v1,0x10
   10af0:	34e7bc70 	ori	a3,a3,0xbc70
   10af4:	03273821 	addu	a3,t9,a3
   10af8:	00a31821 	addu	v1,a1,v1
   10afc:	00e21021 	addu	v0,a3,v0
   10b00:	00c53826 	xor	a3,a2,a1
   10b04:	00e33826 	xor	a3,a3,v1
   10b08:	00e23821 	addu	a3,a3,v0
   10b0c:	3c02289b 	lui	v0,0x289b
   10b10:	00273a42 	ror	a3,a3,0x9
   10b14:	24427ec6 	addiu	v0,v0,32454
   10b18:	00673821 	addu	a3,v1,a3
   10b1c:	01821021 	addu	v0,t4,v0
   10b20:	00461021 	addu	v0,v0,a2
   10b24:	00a33026 	xor	a2,a1,v1
   10b28:	00c73026 	xor	a2,a2,a3
   10b2c:	00c23021 	addu	a2,a2,v0
   10b30:	3c02eaa1 	lui	v0,0xeaa1
   10b34:	00263702 	ror	a2,a2,0x1c
   10b38:	244227fa 	addiu	v0,v0,10234
   10b3c:	00e63021 	addu	a2,a3,a2
   10b40:	02a21021 	addu	v0,s5,v0
   10b44:	00452821 	addu	a1,v0,a1
   10b48:	00671026 	xor	v0,v1,a3
   10b4c:	00461026 	xor	v0,v0,a2
   10b50:	00451021 	addu	v0,v0,a1
   10b54:	3c05d4ef 	lui	a1,0xd4ef
   10b58:	00221542 	ror	v0,v0,0x15
   10b5c:	24a53085 	addiu	a1,a1,12421
   10b60:	00c21021 	addu	v0,a2,v0
   10b64:	02052821 	addu	a1,s0,a1
   10b68:	00a31821 	addu	v1,a1,v1
   10b6c:	00e62826 	xor	a1,a3,a2
   10b70:	00a22826 	xor	a1,a1,v0
   10b74:	00a32821 	addu	a1,a1,v1
   10b78:	3c030488 	lui	v1,0x488
   10b7c:	00252c02 	ror	a1,a1,0x10
   10b80:	24631d05 	addiu	v1,v1,7429
   10b84:	00452821 	addu	a1,v0,a1
   10b88:	01a31821 	addu	v1,t5,v1
   10b8c:	00671821 	addu	v1,v1,a3
   10b90:	00c23826 	xor	a3,a2,v0
   10b94:	00e53826 	xor	a3,a3,a1
   10b98:	00e33821 	addu	a3,a3,v1
   10b9c:	3c03d9d4 	lui	v1,0xd9d4
   10ba0:	00273a42 	ror	a3,a3,0x9
   10ba4:	3463d039 	ori	v1,v1,0xd039
   10ba8:	03c31821 	addu	v1,s8,v1
   10bac:	00a73821 	addu	a3,a1,a3
   10bb0:	00663021 	addu	a2,v1,a2
   10bb4:	00451826 	xor	v1,v0,a1
   10bb8:	00671826 	xor	v1,v1,a3
   10bbc:	00661821 	addu	v1,v1,a2
   10bc0:	3c06e6db 	lui	a2,0xe6db
   10bc4:	00231f02 	ror	v1,v1,0x1c
   10bc8:	34c699e5 	ori	a2,a2,0x99e5
   10bcc:	02263021 	addu	a2,s1,a2
   10bd0:	00e31821 	addu	v1,a3,v1
   10bd4:	00c21021 	addu	v0,a2,v0
   10bd8:	00a73026 	xor	a2,a1,a3
   10bdc:	00c33026 	xor	a2,a2,v1
   10be0:	00c23021 	addu	a2,a2,v0
   10be4:	3c021fa2 	lui	v0,0x1fa2
   10be8:	00263542 	ror	a2,a2,0x15
   10bec:	24427cf8 	addiu	v0,v0,31992
   10bf0:	00663021 	addu	a2,v1,a2
   10bf4:	01c21021 	addu	v0,t6,v0
   10bf8:	00451021 	addu	v0,v0,a1
   10bfc:	00e32826 	xor	a1,a3,v1
   10c00:	00a62826 	xor	a1,a1,a2
   10c04:	00a22821 	addu	a1,a1,v0
   10c08:	3c02c4ac 	lui	v0,0xc4ac
   10c0c:	00252c02 	ror	a1,a1,0x10
   10c10:	24425665 	addiu	v0,v0,22117
   10c14:	00c52821 	addu	a1,a2,a1
   10c18:	01221021 	addu	v0,t1,v0
   10c1c:	00473821 	addu	a3,v0,a3
   10c20:	00661026 	xor	v0,v1,a2
   10c24:	00451026 	xor	v0,v0,a1
   10c28:	00471021 	addu	v0,v0,a3
   10c2c:	3c07f429 	lui	a3,0xf429
   10c30:	00221242 	ror	v0,v0,0x9
   10c34:	24e72244 	addiu	a3,a3,8772
   10c38:	00a21021 	addu	v0,a1,v0
   10c3c:	02a7a821 	addu	s5,s5,a3
   10c40:	00063827 	nor	a3,zero,a2
   10c44:	02a3a821 	addu	s5,s5,v1
   10c48:	00e23825 	or	a3,a3,v0
   10c4c:	00e53826 	xor	a3,a3,a1
   10c50:	00f53821 	addu	a3,a3,s5
   10c54:	8fb50068 	lw	s5,104(sp)
   10c58:	3c03432a 	lui	v1,0x432a
   10c5c:	00273e82 	ror	a3,a3,0x1a
   10c60:	3463ff97 	ori	v1,v1,0xff97
   10c64:	0283a021 	addu	s4,s4,v1
   10c68:	00473821 	addu	a3,v0,a3
   10c6c:	0286a021 	addu	s4,s4,a2
   10c70:	00053027 	nor	a2,zero,a1
   10c74:	00c73025 	or	a2,a2,a3
   10c78:	00c23026 	xor	a2,a2,v0
   10c7c:	3c03ab94 	lui	v1,0xab94
   10c80:	00d43021 	addu	a2,a2,s4
   10c84:	8fb40064 	lw	s4,100(sp)
   10c88:	246323a7 	addiu	v1,v1,9127
   10c8c:	00263582 	ror	a2,a2,0x16
   10c90:	02639821 	addu	s3,s3,v1
   10c94:	00e63021 	addu	a2,a3,a2
   10c98:	02659821 	addu	s3,s3,a1
   10c9c:	00022827 	nor	a1,zero,v0
   10ca0:	00a62825 	or	a1,a1,a2
   10ca4:	00a72826 	xor	a1,a1,a3
   10ca8:	00b32821 	addu	a1,a1,s3
   10cac:	8fb30060 	lw	s3,96(sp)
   10cb0:	3c03fc93 	lui	v1,0xfc93
   10cb4:	00252c42 	ror	a1,a1,0x11
   10cb8:	3463a039 	ori	v1,v1,0xa039
   10cbc:	00c52821 	addu	a1,a2,a1
   10cc0:	02439021 	addu	s2,s2,v1
   10cc4:	00071827 	nor	v1,zero,a3
   10cc8:	02429021 	addu	s2,s2,v0
   10ccc:	00651825 	or	v1,v1,a1
   10cd0:	00661826 	xor	v1,v1,a2
   10cd4:	00721821 	addu	v1,v1,s2
   10cd8:	8fb2005c 	lw	s2,92(sp)
   10cdc:	3c02655b 	lui	v0,0x655b
   10ce0:	00231ac2 	ror	v1,v1,0xb
   10ce4:	244259c3 	addiu	v0,v0,22979
   10ce8:	00a31821 	addu	v1,a1,v1
   10cec:	02228821 	addu	s1,s1,v0
   10cf0:	00061027 	nor	v0,zero,a2
   10cf4:	02278821 	addu	s1,s1,a3
   10cf8:	00431025 	or	v0,v0,v1
   10cfc:	00451026 	xor	v0,v0,a1
   10d00:	00511021 	addu	v0,v0,s1
   10d04:	8fb10058 	lw	s1,88(sp)
   10d08:	3c078f0c 	lui	a3,0x8f0c
   10d0c:	00221682 	ror	v0,v0,0x1a
   10d10:	34e7cc92 	ori	a3,a3,0xcc92
   10d14:	02078021 	addu	s0,s0,a3
   10d18:	00621021 	addu	v0,v1,v0
   10d1c:	02068021 	addu	s0,s0,a2
   10d20:	00053027 	nor	a2,zero,a1
   10d24:	00c23025 	or	a2,a2,v0
   10d28:	00c33026 	xor	a2,a2,v1
   10d2c:	00d03021 	addu	a2,a2,s0
   10d30:	3c07ffef 	lui	a3,0xffef
   10d34:	00263582 	ror	a2,a2,0x16
   10d38:	34e7f47d 	ori	a3,a3,0xf47d
   10d3c:	0327c821 	addu	t9,t9,a3
   10d40:	00463021 	addu	a2,v0,a2
   10d44:	0325c821 	addu	t9,t9,a1
   10d48:	00032827 	nor	a1,zero,v1
   10d4c:	00a62825 	or	a1,a1,a2
   10d50:	00a22826 	xor	a1,a1,v0
   10d54:	3c078584 	lui	a3,0x8584
   10d58:	00b92821 	addu	a1,a1,t9
   10d5c:	24e75dd1 	addiu	a3,a3,24017
   10d60:	00252c42 	ror	a1,a1,0x11
   10d64:	0307c021 	addu	t8,t8,a3
   10d68:	00c52821 	addu	a1,a2,a1
   10d6c:	0303c021 	addu	t8,t8,v1
   10d70:	00021827 	nor	v1,zero,v0
   10d74:	00651825 	or	v1,v1,a1
   10d78:	00661826 	xor	v1,v1,a2
   10d7c:	3c076fa8 	lui	a3,0x6fa8
   10d80:	00781821 	addu	v1,v1,t8
   10d84:	24e77e4f 	addiu	a3,a3,32335
   10d88:	00231ac2 	ror	v1,v1,0xb
   10d8c:	01e77821 	addu	t7,t7,a3
   10d90:	00a31821 	addu	v1,a1,v1
   10d94:	01e27821 	addu	t7,t7,v0
   10d98:	00061027 	nor	v0,zero,a2
   10d9c:	00431025 	or	v0,v0,v1
   10da0:	00451026 	xor	v0,v0,a1
   10da4:	004f1021 	addu	v0,v0,t7
   10da8:	3c07fe2c 	lui	a3,0xfe2c
   10dac:	00221682 	ror	v0,v0,0x1a
   10db0:	34e7e6e0 	ori	a3,a3,0xe6e0
   10db4:	01c77021 	addu	t6,t6,a3
   10db8:	00621021 	addu	v0,v1,v0
   10dbc:	01c67021 	addu	t6,t6,a2
   10dc0:	00053027 	nor	a2,zero,a1
   10dc4:	00c23025 	or	a2,a2,v0
   10dc8:	00c33026 	xor	a2,a2,v1
   10dcc:	3c07a301 	lui	a3,0xa301
   10dd0:	00ce3021 	addu	a2,a2,t6
   10dd4:	24e74314 	addiu	a3,a3,17172
   10dd8:	00263582 	ror	a2,a2,0x16
   10ddc:	01a76821 	addu	t5,t5,a3
   10de0:	00463021 	addu	a2,v0,a2
   10de4:	01a56821 	addu	t5,t5,a1
   10de8:	00032827 	nor	a1,zero,v1
   10dec:	00a62825 	or	a1,a1,a2
   10df0:	00a22826 	xor	a1,a1,v0
   10df4:	3c074e08 	lui	a3,0x4e08
   10df8:	00ad2821 	addu	a1,a1,t5
   10dfc:	24e711a1 	addiu	a3,a3,4513
   10e00:	00252c42 	ror	a1,a1,0x11
   10e04:	01876021 	addu	t4,t4,a3
   10e08:	00c52821 	addu	a1,a2,a1
   10e0c:	01836021 	addu	t4,t4,v1
   10e10:	00021827 	nor	v1,zero,v0
   10e14:	00651825 	or	v1,v1,a1
   10e18:	00661826 	xor	v1,v1,a2
   10e1c:	3c07f753 	lui	a3,0xf753
   10e20:	006c1821 	addu	v1,v1,t4
   10e24:	24e77e82 	addiu	a3,a3,32386
   10e28:	00231ac2 	ror	v1,v1,0xb
   10e2c:	01675821 	addu	t3,t3,a3
   10e30:	00a31821 	addu	v1,a1,v1
   10e34:	01625821 	addu	t3,t3,v0
   10e38:	00061027 	nor	v0,zero,a2
   10e3c:	00431025 	or	v0,v0,v1
   10e40:	00451026 	xor	v0,v0,a1
   10e44:	004b1021 	addu	v0,v0,t3
   10e48:	3c07bd3a 	lui	a3,0xbd3a
   10e4c:	00221682 	ror	v0,v0,0x1a
   10e50:	34e7f235 	ori	a3,a3,0xf235
   10e54:	01475021 	addu	t2,t2,a3
   10e58:	00621021 	addu	v0,v1,v0
   10e5c:	01465021 	addu	t2,t2,a2
   10e60:	00053027 	nor	a2,zero,a1
   10e64:	00c23025 	or	a2,a2,v0
   10e68:	00c33026 	xor	a2,a2,v1
   10e6c:	00ca3021 	addu	a2,a2,t2
   10e70:	3c072ad7 	lui	a3,0x2ad7
   10e74:	00263582 	ror	a2,a2,0x16
   10e78:	34e7d2bb 	ori	a3,a3,0xd2bb
   10e7c:	01274821 	addu	t1,t1,a3
   10e80:	00463021 	addu	a2,v0,a2
   10e84:	01254821 	addu	t1,t1,a1
   10e88:	00032827 	nor	a1,zero,v1
   10e8c:	00a62825 	or	a1,a1,a2
   10e90:	00a22826 	xor	a1,a1,v0
   10e94:	00a92821 	addu	a1,a1,t1
   10e98:	3c07eb86 	lui	a3,0xeb86
   10e9c:	00252c42 	ror	a1,a1,0x11
   10ea0:	34e7d391 	ori	a3,a3,0xd391
   10ea4:	03c73821 	addu	a3,s8,a3
   10ea8:	8fbe0074 	lw	s8,116(sp)
   10eac:	00c52821 	addu	a1,a2,a1
   10eb0:	00e33821 	addu	a3,a3,v1
   10eb4:	00021827 	nor	v1,zero,v0
   10eb8:	00651825 	or	v1,v1,a1
   10ebc:	00661826 	xor	v1,v1,a2
   10ec0:	00671821 	addu	v1,v1,a3
   10ec4:	8fa70048 	lw	a3,72(sp)
   10ec8:	01054021 	addu	t0,t0,a1
   10ecc:	02c5b021 	addu	s6,s6,a1
   10ed0:	00e21021 	addu	v0,a3,v0
   10ed4:	02e6b821 	addu	s7,s7,a2
   10ed8:	ac960008 	sw	s6,8(a0)
   10edc:	ac820000 	sw	v0,0(a0)
   10ee0:	002312c2 	ror	v0,v1,0xb
   10ee4:	ac97000c 	sw	s7,12(a0)
   10ee8:	00484021 	addu	t0,v0,t0
   10eec:	8fb70070 	lw	s7,112(sp)
   10ef0:	8fb6006c 	lw	s6,108(sp)
   10ef4:	ac880004 	sw	t0,4(a0)
   10ef8:	8fb00054 	lw	s0,84(sp)
   10efc:	03e00008 	jr	ra
   10f00:	27bd0078 	addiu	sp,sp,120
   10f04:	3c1c0001 	lui	gp,0x1
   10f08:	279c00fc 	addiu	gp,gp,252
   10f0c:	0399e021 	addu	gp,gp,t9
   10f10:	9083001c 	lbu	v1,28(a0)
   10f14:	14600011 	bnez	v1,10f5c <main@@Base+0xec1c>
   10f18:	2402ffff 	li	v0,-1
   10f1c:	27bdffe0 	addiu	sp,sp,-32
   10f20:	8f9980c8 	lw	t9,-32568(gp)
   10f24:	afb00018 	sw	s0,24(sp)
   10f28:	00808025 	move	s0,a0
   10f2c:	afbc0010 	sw	gp,16(sp)
   10f30:	afbf001c 	sw	ra,28(sp)
   10f34:	04110362 	bal	11cc0 <main@@Base+0xf980>
   10f38:	8c840000 	lw	a0,0(a0)
   10f3c:	04410004 	bgez	v0,10f50 <main@@Base+0xec10>
   10f40:	8fbf001c 	lw	ra,28(sp)
   10f44:	24030001 	li	v1,1
   10f48:	a203001c 	sb	v1,28(s0)
   10f4c:	8fbf001c 	lw	ra,28(sp)
   10f50:	8fb00018 	lw	s0,24(sp)
   10f54:	03e00008 	jr	ra
   10f58:	27bd0020 	addiu	sp,sp,32
   10f5c:	03e00008 	jr	ra
   10f60:	00000000 	nop
   10f64:	3c1c0001 	lui	gp,0x1
   10f68:	279c009c 	addiu	gp,gp,156
   10f6c:	0399e021 	addu	gp,gp,t9
   10f70:	8f9980cc 	lw	t9,-32564(gp)
   10f74:	10000395 	b	11dcc <main@@Base+0xfa8c>
   10f78:	8c840000 	lw	a0,0(a0)
   10f7c:	3c1c0001 	lui	gp,0x1
   10f80:	279c0084 	addiu	gp,gp,132
   10f84:	0399e021 	addu	gp,gp,t9
   10f88:	27bdffd0 	addiu	sp,sp,-48
   10f8c:	8f9983a4 	lw	t9,-31836(gp)
   10f90:	afb10028 	sw	s1,40(sp)
   10f94:	00a08825 	move	s1,a1
   10f98:	00c02825 	move	a1,a2
   10f9c:	afbf002c 	sw	ra,44(sp)
   10fa0:	27a6003c 	addiu	a2,sp,60
   10fa4:	afb00024 	sw	s0,36(sp)
   10fa8:	afbc0010 	sw	gp,16(sp)
   10fac:	00808025 	move	s0,a0
   10fb0:	afa7003c 	sw	a3,60(sp)
   10fb4:	02202025 	move	a0,s1
   10fb8:	0320f809 	jalr	t9
   10fbc:	afa60018 	sw	a2,24(sp)
   10fc0:	8fbc0010 	lw	gp,16(sp)
   10fc4:	8f99810c 	lw	t9,-32500(gp)
   10fc8:	0320f809 	jalr	t9
   10fcc:	02202025 	move	a0,s1
   10fd0:	8fbf002c 	lw	ra,44(sp)
   10fd4:	ae110000 	sw	s1,0(s0)
   10fd8:	ae020004 	sw	v0,4(s0)
   10fdc:	02001025 	move	v0,s0
   10fe0:	8fb10028 	lw	s1,40(sp)
   10fe4:	8fb00024 	lw	s0,36(sp)
   10fe8:	03e00008 	jr	ra
   10fec:	27bd0030 	addiu	sp,sp,48
   10ff0:	3c1c0001 	lui	gp,0x1
   10ff4:	279c0010 	addiu	gp,gp,16
   10ff8:	0399e021 	addu	gp,gp,t9
   10ffc:	27bdffd8 	addiu	sp,sp,-40
   11000:	afb20020 	sw	s2,32(sp)
   11004:	24920014 	addiu	s2,a0,20
   11008:	afb1001c 	sw	s1,28(sp)
   1100c:	00008825 	move	s1,zero
   11010:	afb00018 	sw	s0,24(sp)
   11014:	00808025 	move	s0,a0
   11018:	afbc0010 	sw	gp,16(sp)
   1101c:	afbf0024 	sw	ra,36(sp)
   11020:	8e02020c 	lw	v0,524(s0)
   11024:	0222102b 	sltu	v0,s1,v0
   11028:	14400008 	bnez	v0,1104c <main@@Base+0xed0c>
   1102c:	8f998150 	lw	t9,-32432(gp)
   11030:	8fbf0024 	lw	ra,36(sp)
   11034:	02002025 	move	a0,s0
   11038:	8fb20020 	lw	s2,32(sp)
   1103c:	8fb1001c 	lw	s1,28(sp)
   11040:	8fb00018 	lw	s0,24(sp)
   11044:	03200008 	jr	t9
   11048:	27bd0028 	addiu	sp,sp,40
   1104c:	8e440000 	lw	a0,0(s2)
   11050:	26310001 	addiu	s1,s1,1
   11054:	0320f809 	jalr	t9
   11058:	26520010 	addiu	s2,s2,16
   1105c:	1000fff0 	b	11020 <main@@Base+0xece0>
   11060:	8fbc0010 	lw	gp,16(sp)
   11064:	3c1c0001 	lui	gp,0x1
   11068:	279cff9c 	addiu	gp,gp,-100
   1106c:	0399e021 	addu	gp,gp,t9
   11070:	8f998150 	lw	t9,-32432(gp)
   11074:	03200008 	jr	t9
   11078:	00000000 	nop
   1107c:	3c1c0001 	lui	gp,0x1
   11080:	279cff84 	addiu	gp,gp,-124
   11084:	0399e021 	addu	gp,gp,t9
   11088:	27bdffe0 	addiu	sp,sp,-32
   1108c:	8f998038 	lw	t9,-32712(gp)
   11090:	afb00018 	sw	s0,24(sp)
   11094:	00808025 	move	s0,a0
   11098:	afbf001c 	sw	ra,28(sp)
   1109c:	27391064 	addiu	t9,t9,4196
   110a0:	afbc0010 	sw	gp,16(sp)
   110a4:	0411ffef 	bal	11064 <main@@Base+0xed24>
   110a8:	8c840008 	lw	a0,8(a0)
   110ac:	02002025 	move	a0,s0
   110b0:	8fbc0010 	lw	gp,16(sp)
   110b4:	8fbf001c 	lw	ra,28(sp)
   110b8:	8fb00018 	lw	s0,24(sp)
   110bc:	8f998150 	lw	t9,-32432(gp)
   110c0:	03200008 	jr	t9
   110c4:	27bd0020 	addiu	sp,sp,32
   110c8:	3c1c0001 	lui	gp,0x1
   110cc:	279cff38 	addiu	gp,gp,-200
   110d0:	0399e021 	addu	gp,gp,t9
   110d4:	8f998178 	lw	t9,-32392(gp)
   110d8:	03200008 	jr	t9
   110dc:	24840004 	addiu	a0,a0,4
   110e0:	3c1c0001 	lui	gp,0x1
   110e4:	279cff20 	addiu	gp,gp,-224
   110e8:	0399e021 	addu	gp,gp,t9
   110ec:	8c820008 	lw	v0,8(a0)
   110f0:	27bdffe0 	addiu	sp,sp,-32
   110f4:	afb00018 	sw	s0,24(sp)
   110f8:	00808025 	move	s0,a0
   110fc:	8c420008 	lw	v0,8(v0)
   11100:	8c840004 	lw	a0,4(a0)
   11104:	afbf001c 	sw	ra,28(sp)
   11108:	afbc0010 	sw	gp,16(sp)
   1110c:	8c590000 	lw	t9,0(v0)
   11110:	0320f809 	jalr	t9
   11114:	00000000 	nop
   11118:	8fbc0010 	lw	gp,16(sp)
   1111c:	8f998150 	lw	t9,-32432(gp)
   11120:	0320f809 	jalr	t9
   11124:	02002025 	move	a0,s0
   11128:	8fbc0010 	lw	gp,16(sp)
   1112c:	8f908028 	lw	s0,-32728(gp)
   11130:	8f998160 	lw	t9,-32416(gp)
   11134:	0320f809 	jalr	t9
   11138:	260494e0 	addiu	a0,s0,-27424
   1113c:	8fbc0010 	lw	gp,16(sp)
   11140:	8f838028 	lw	v1,-32728(gp)
   11144:	8c6294dc 	lw	v0,-27428(v1)
   11148:	2442ffff 	addiu	v0,v0,-1
   1114c:	14400003 	bnez	v0,1115c <main@@Base+0xee1c>
   11150:	ac6294dc 	sw	v0,-27428(v1)
   11154:	8f828028 	lw	v0,-32728(gp)
   11158:	a04094d8 	sb	zero,-27432(v0)
   1115c:	8fbf001c 	lw	ra,28(sp)
   11160:	260494e0 	addiu	a0,s0,-27424
   11164:	8f998178 	lw	t9,-32392(gp)
   11168:	8fb00018 	lw	s0,24(sp)
   1116c:	03200008 	jr	t9
   11170:	27bd0020 	addiu	sp,sp,32
   11174:	3c1c0001 	lui	gp,0x1
   11178:	279cfe8c 	addiu	gp,gp,-372
   1117c:	0399e021 	addu	gp,gp,t9
   11180:	8f998160 	lw	t9,-32416(gp)
   11184:	03200008 	jr	t9
   11188:	24840004 	addiu	a0,a0,4
   1118c:	3c1c0001 	lui	gp,0x1
   11190:	279cfe74 	addiu	gp,gp,-396
   11194:	0399e021 	addu	gp,gp,t9
   11198:	27bdfbc8 	addiu	sp,sp,-1080
   1119c:	afa60440 	sw	a2,1088(sp)
   111a0:	afa70444 	sw	a3,1092(sp)
   111a4:	afbc0010 	sw	gp,16(sp)
   111a8:	afbf0434 	sw	ra,1076(sp)
   111ac:	afb30430 	sw	s3,1072(sp)
   111b0:	afb2042c 	sw	s2,1068(sp)
   111b4:	afb10428 	sw	s1,1064(sp)
   111b8:	afb00424 	sw	s0,1060(sp)
   111bc:	9082001c 	lbu	v0,28(a0)
   111c0:	1440001d 	bnez	v0,11238 <main@@Base+0xeef8>
   111c4:	8f998168 	lw	t9,-32408(gp)
   111c8:	27a70440 	addiu	a3,sp,1088
   111cc:	00a03025 	move	a2,a1
   111d0:	00808825 	move	s1,a0
   111d4:	afa70418 	sw	a3,1048(sp)
   111d8:	24050400 	li	a1,1024
   111dc:	0320f809 	jalr	t9
   111e0:	27a40018 	addiu	a0,sp,24
   111e4:	8fbc0010 	lw	gp,16(sp)
   111e8:	18400014 	blez	v0,1123c <main@@Base+0xeefc>
   111ec:	00408025 	move	s0,v0
   111f0:	8f998160 	lw	t9,-32416(gp)
   111f4:	0320f809 	jalr	t9
   111f8:	26240004 	addiu	a0,s1,4
   111fc:	27a50018 	addiu	a1,sp,24
   11200:	8fbc0010 	lw	gp,16(sp)
   11204:	02003025 	move	a2,s0
   11208:	8f9980c8 	lw	t9,-32568(gp)
   1120c:	041102ac 	bal	11cc0 <main@@Base+0xf980>
   11210:	8e240000 	lw	a0,0(s1)
   11214:	26240004 	addiu	a0,s1,4
   11218:	8fbc0010 	lw	gp,16(sp)
   1121c:	8f998178 	lw	t9,-32392(gp)
   11220:	0320f809 	jalr	t9
   11224:	00409825 	move	s3,v0
   11228:	06610005 	bgez	s3,11240 <main@@Base+0xef00>
   1122c:	8fbf0434 	lw	ra,1076(sp)
   11230:	24020001 	li	v0,1
   11234:	a222001c 	sb	v0,28(s1)
   11238:	2410ffff 	li	s0,-1
   1123c:	8fbf0434 	lw	ra,1076(sp)
   11240:	02001025 	move	v0,s0
   11244:	8fb30430 	lw	s3,1072(sp)
   11248:	8fb2042c 	lw	s2,1068(sp)
   1124c:	8fb10428 	lw	s1,1064(sp)
   11250:	8fb00424 	lw	s0,1060(sp)
   11254:	03e00008 	jr	ra
   11258:	27bd0438 	addiu	sp,sp,1080
   1125c:	3c1c0001 	lui	gp,0x1
   11260:	279cfda4 	addiu	gp,gp,-604
   11264:	0399e021 	addu	gp,gp,t9
   11268:	27bdfbd0 	addiu	sp,sp,-1072
   1126c:	9082001c 	lbu	v0,28(a0)
   11270:	afbc0010 	sw	gp,16(sp)
   11274:	afbf042c 	sw	ra,1068(sp)
   11278:	afb30428 	sw	s3,1064(sp)
   1127c:	afb20424 	sw	s2,1060(sp)
   11280:	afb10420 	sw	s1,1056(sp)
   11284:	1440001d 	bnez	v0,112fc <main@@Base+0xefbc>
   11288:	afb0041c 	sw	s0,1052(sp)
   1128c:	8f998168 	lw	t9,-32408(gp)
   11290:	00c03825 	move	a3,a2
   11294:	00808825 	move	s1,a0
   11298:	00a03025 	move	a2,a1
   1129c:	27a40018 	addiu	a0,sp,24
   112a0:	0320f809 	jalr	t9
   112a4:	24050400 	li	a1,1024
   112a8:	8fbc0010 	lw	gp,16(sp)
   112ac:	18400014 	blez	v0,11300 <main@@Base+0xefc0>
   112b0:	00408025 	move	s0,v0
   112b4:	8f998160 	lw	t9,-32416(gp)
   112b8:	0320f809 	jalr	t9
   112bc:	26240004 	addiu	a0,s1,4
   112c0:	27a50018 	addiu	a1,sp,24
   112c4:	8fbc0010 	lw	gp,16(sp)
   112c8:	02003025 	move	a2,s0
   112cc:	8f9980c8 	lw	t9,-32568(gp)
   112d0:	0411027b 	bal	11cc0 <main@@Base+0xf980>
   112d4:	8e240000 	lw	a0,0(s1)
   112d8:	26240004 	addiu	a0,s1,4
   112dc:	8fbc0010 	lw	gp,16(sp)
   112e0:	8f998178 	lw	t9,-32392(gp)
   112e4:	0320f809 	jalr	t9
   112e8:	00409825 	move	s3,v0
   112ec:	06610005 	bgez	s3,11304 <main@@Base+0xefc4>
   112f0:	8fbf042c 	lw	ra,1068(sp)
   112f4:	24020001 	li	v0,1
   112f8:	a222001c 	sb	v0,28(s1)
   112fc:	2410ffff 	li	s0,-1
   11300:	8fbf042c 	lw	ra,1068(sp)
   11304:	02001025 	move	v0,s0
   11308:	8fb30428 	lw	s3,1064(sp)
   1130c:	8fb20424 	lw	s2,1060(sp)
   11310:	8fb10420 	lw	s1,1056(sp)
   11314:	8fb0041c 	lw	s0,1052(sp)
   11318:	03e00008 	jr	ra
   1131c:	27bd0430 	addiu	sp,sp,1072
   11320:	3c1c0001 	lui	gp,0x1
   11324:	279cfce0 	addiu	gp,gp,-800
   11328:	0399e021 	addu	gp,gp,t9
   1132c:	27bdffc8 	addiu	sp,sp,-56
   11330:	8c820010 	lw	v0,16(a0)
   11334:	8c870014 	lw	a3,20(a0)
   11338:	afb00020 	sw	s0,32(sp)
   1133c:	00808025 	move	s0,a0
   11340:	3044003f 	andi	a0,v0,0x3f
   11344:	afbc0010 	sw	gp,16(sp)
   11348:	00c21021 	addu	v0,a2,v0
   1134c:	afb3002c 	sw	s3,44(sp)
   11350:	afb10024 	sw	s1,36(sp)
   11354:	00a09825 	move	s3,a1
   11358:	0046182b 	sltu	v1,v0,a2
   1135c:	afbf0034 	sw	ra,52(sp)
   11360:	00671821 	addu	v1,v1,a3
   11364:	afb40030 	sw	s4,48(sp)
   11368:	afb20028 	sw	s2,40(sp)
   1136c:	00c08825 	move	s1,a2
   11370:	ae020010 	sw	v0,16(s0)
   11374:	10800012 	beqz	a0,113c0 <main@@Base+0xf080>
   11378:	ae030014 	sw	v1,20(s0)
   1137c:	24120040 	li	s2,64
   11380:	8f998120 	lw	t9,-32480(gp)
   11384:	26140018 	addiu	s4,s0,24
   11388:	02449023 	subu	s2,s2,a0
   1138c:	00d2102b 	sltu	v0,a2,s2
   11390:	14400020 	bnez	v0,11414 <main@@Base+0xf0d4>
   11394:	02842021 	addu	a0,s4,a0
   11398:	0320f809 	jalr	t9
   1139c:	02403025 	move	a2,s2
   113a0:	02002025 	move	a0,s0
   113a4:	8fbc0010 	lw	gp,16(sp)
   113a8:	8f998038 	lw	t9,-32712(gp)
   113ac:	27390430 	addiu	t9,t9,1072
   113b0:	0411fc1f 	bal	10430 <main@@Base+0xe0f0>
   113b4:	02802825 	move	a1,s4
   113b8:	02402025 	move	a0,s2
   113bc:	8fbc0010 	lw	gp,16(sp)
   113c0:	8f998038 	lw	t9,-32712(gp)
   113c4:	2674ffc0 	addiu	s4,s3,-64
   113c8:	10000007 	b	113e8 <main@@Base+0xf0a8>
   113cc:	27390430 	addiu	t9,t9,1072
   113d0:	afb90018 	sw	t9,24(sp)
   113d4:	0320f809 	jalr	t9
   113d8:	02002025 	move	a0,s0
   113dc:	02402025 	move	a0,s2
   113e0:	8fbc0010 	lw	gp,16(sp)
   113e4:	8fb90018 	lw	t9,24(sp)
   113e8:	24920040 	addiu	s2,a0,64
   113ec:	0232102b 	sltu	v0,s1,s2
   113f0:	1040fff7 	beqz	v0,113d0 <main@@Base+0xf090>
   113f4:	02922821 	addu	a1,s4,s2
   113f8:	0091102b 	sltu	v0,a0,s1
   113fc:	1040000d 	beqz	v0,11434 <main@@Base+0xf0f4>
   11400:	8fbf0034 	lw	ra,52(sp)
   11404:	8f998120 	lw	t9,-32480(gp)
   11408:	02243023 	subu	a2,s1,a0
   1140c:	02642821 	addu	a1,s3,a0
   11410:	26040018 	addiu	a0,s0,24
   11414:	8fbf0034 	lw	ra,52(sp)
   11418:	8fb40030 	lw	s4,48(sp)
   1141c:	8fb3002c 	lw	s3,44(sp)
   11420:	8fb20028 	lw	s2,40(sp)
   11424:	8fb10024 	lw	s1,36(sp)
   11428:	8fb00020 	lw	s0,32(sp)
   1142c:	03200008 	jr	t9
   11430:	27bd0038 	addiu	sp,sp,56
   11434:	8fb40030 	lw	s4,48(sp)
   11438:	8fb3002c 	lw	s3,44(sp)
   1143c:	8fb20028 	lw	s2,40(sp)
   11440:	8fb10024 	lw	s1,36(sp)
   11444:	8fb00020 	lw	s0,32(sp)
   11448:	03e00008 	jr	ra
   1144c:	27bd0038 	addiu	sp,sp,56
   11450:	3c1c0001 	lui	gp,0x1
   11454:	279cfbb0 	addiu	gp,gp,-1104
   11458:	0399e021 	addu	gp,gp,t9
   1145c:	7c0528a0 	wsbh	a1,a1
   11460:	8f998120 	lw	t9,-32480(gp)
   11464:	27bdffe0 	addiu	sp,sp,-32
   11468:	00252c02 	ror	a1,a1,0x10
   1146c:	24060004 	li	a2,4
   11470:	afa50024 	sw	a1,36(sp)
   11474:	27a50024 	addiu	a1,sp,36
   11478:	afb00018 	sw	s0,24(sp)
   1147c:	afbf001c 	sw	ra,28(sp)
   11480:	afbc0010 	sw	gp,16(sp)
   11484:	0320f809 	jalr	t9
   11488:	00808025 	move	s0,a0
   1148c:	26020004 	addiu	v0,s0,4
   11490:	8fbf001c 	lw	ra,28(sp)
   11494:	8fb00018 	lw	s0,24(sp)
   11498:	03e00008 	jr	ra
   1149c:	27bd0020 	addiu	sp,sp,32
   114a0:	3c1c0001 	lui	gp,0x1
   114a4:	279cfb60 	addiu	gp,gp,-1184
   114a8:	0399e021 	addu	gp,gp,t9
   114ac:	27bdffd8 	addiu	sp,sp,-40
   114b0:	8f998120 	lw	t9,-32480(gp)
   114b4:	00802825 	move	a1,a0
   114b8:	24060004 	li	a2,4
   114bc:	afbf0024 	sw	ra,36(sp)
   114c0:	afbc0010 	sw	gp,16(sp)
   114c4:	0320f809 	jalr	t9
   114c8:	27a40018 	addiu	a0,sp,24
   114cc:	8fa20018 	lw	v0,24(sp)
   114d0:	8fbf0024 	lw	ra,36(sp)
   114d4:	27bd0028 	addiu	sp,sp,40
   114d8:	7c0210a0 	wsbh	v0,v0
   114dc:	03e00008 	jr	ra
   114e0:	00221402 	ror	v0,v0,0x10
   114e4:	3c1c0001 	lui	gp,0x1
   114e8:	279cfb1c 	addiu	gp,gp,-1252
   114ec:	0399e021 	addu	gp,gp,t9
   114f0:	27bdff50 	addiu	sp,sp,-176
   114f4:	00001025 	move	v0,zero
   114f8:	00001825 	move	v1,zero
   114fc:	afa20028 	sw	v0,40(sp)
   11500:	3c026745 	lui	v0,0x6745
   11504:	afb10094 	sw	s1,148(sp)
   11508:	24422301 	addiu	v0,v0,8961
   1150c:	afb400a0 	sw	s4,160(sp)
   11510:	8f918038 	lw	s1,-32712(gp)
   11514:	27b40018 	addiu	s4,sp,24
   11518:	afa20018 	sw	v0,24(sp)
   1151c:	3c02efcd 	lui	v0,0xefcd
   11520:	afbc0010 	sw	gp,16(sp)
   11524:	3442ab89 	ori	v0,v0,0xab89
   11528:	afb500a4 	sw	s5,164(sp)
   1152c:	afa2001c 	sw	v0,28(sp)
   11530:	3c0298ba 	lui	v0,0x98ba
   11534:	26311320 	addiu	s1,s1,4896
   11538:	afb3009c 	sw	s3,156(sp)
   1153c:	3442dcfe 	ori	v0,v0,0xdcfe
   11540:	afb20098 	sw	s2,152(sp)
   11544:	afa20020 	sw	v0,32(sp)
   11548:	3c021032 	lui	v0,0x1032
   1154c:	afb00090 	sw	s0,144(sp)
   11550:	00c09825 	move	s3,a2
   11554:	24425476 	addiu	v0,v0,21622
   11558:	afbf00ac 	sw	ra,172(sp)
   1155c:	00a03025 	move	a2,a1
   11560:	afb600a8 	sw	s6,168(sp)
   11564:	00802825 	move	a1,a0
   11568:	afa20024 	sw	v0,36(sp)
   1156c:	02802025 	move	a0,s4
   11570:	0220c825 	move	t9,s1
   11574:	0411ff6a 	bal	11320 <main@@Base+0xefe0>
   11578:	afa3002c 	sw	v1,44(sp)
   1157c:	00009025 	move	s2,zero
   11580:	8fb00028 	lw	s0,40(sp)
   11584:	24150008 	li	s5,8
   11588:	8fa5002c 	lw	a1,44(sp)
   1158c:	8fbc0010 	lw	gp,16(sp)
   11590:	00101742 	srl	v0,s0,0x1d
   11594:	000528c0 	sll	a1,a1,0x3
   11598:	001020c0 	sll	a0,s0,0x3
   1159c:	00452821 	addu	a1,v0,a1
   115a0:	27a20080 	addiu	v0,sp,128
   115a4:	8f9980d0 	lw	t9,-32560(gp)
   115a8:	001230c0 	sll	a2,s2,0x3
   115ac:	afa4008c 	sw	a0,140(sp)
   115b0:	0052b021 	addu	s6,v0,s2
   115b4:	afa50088 	sw	a1,136(sp)
   115b8:	04110981 	bal	13bc0 <main@@Base+0x11880>
   115bc:	26520001 	addiu	s2,s2,1
   115c0:	8fbc0010 	lw	gp,16(sp)
   115c4:	8fa50088 	lw	a1,136(sp)
   115c8:	8fa4008c 	lw	a0,140(sp)
   115cc:	1655fff4 	bne	s2,s5,115a0 <main@@Base+0xf260>
   115d0:	a2c20000 	sb	v0,0(s6)
   115d4:	24060038 	li	a2,56
   115d8:	8f858038 	lw	a1,-32712(gp)
   115dc:	24020078 	li	v0,120
   115e0:	3210003f 	andi	s0,s0,0x3f
   115e4:	00501023 	subu	v0,v0,s0
   115e8:	00d03023 	subu	a2,a2,s0
   115ec:	2e030038 	sltiu	v1,s0,56
   115f0:	0043300a 	movz	a2,v0,v1
   115f4:	24a5773c 	addiu	a1,a1,30524
   115f8:	0220c825 	move	t9,s1
   115fc:	0411ff48 	bal	11320 <main@@Base+0xefe0>
   11600:	02802025 	move	a0,s4
   11604:	27a50080 	addiu	a1,sp,128
   11608:	24060008 	li	a2,8
   1160c:	0220c825 	move	t9,s1
   11610:	0411ff43 	bal	11320 <main@@Base+0xefe0>
   11614:	02802025 	move	a0,s4
   11618:	27a20070 	addiu	v0,sp,112
   1161c:	8fbc0010 	lw	gp,16(sp)
   11620:	00002025 	move	a0,zero
   11624:	24050010 	li	a1,16
   11628:	0040a825 	move	s5,v0
   1162c:	02841821 	addu	v1,s4,a0
   11630:	24840004 	addiu	a0,a0,4
   11634:	24420004 	addiu	v0,v0,4
   11638:	8c630000 	lw	v1,0(v1)
   1163c:	00033202 	srl	a2,v1,0x8
   11640:	a043fffc 	sb	v1,-4(v0)
   11644:	a046fffd 	sb	a2,-3(v0)
   11648:	00033402 	srl	a2,v1,0x10
   1164c:	00031e02 	srl	v1,v1,0x18
   11650:	a046fffe 	sb	a2,-2(v0)
   11654:	1485fff5 	bne	a0,a1,1162c <main@@Base+0xf2ec>
   11658:	a043ffff 	sb	v1,-1(v0)
   1165c:	8f918038 	lw	s1,-32712(gp)
   11660:	00008025 	move	s0,zero
   11664:	24120010 	li	s2,16
   11668:	26317504 	addiu	s1,s1,29956
   1166c:	02b01021 	addu	v0,s5,s0
   11670:	8f99812c 	lw	t9,-32468(gp)
   11674:	00102040 	sll	a0,s0,0x1
   11678:	26100001 	addiu	s0,s0,1
   1167c:	90460000 	lbu	a2,0(v0)
   11680:	02642021 	addu	a0,s3,a0
   11684:	0320f809 	jalr	t9
   11688:	02202825 	move	a1,s1
   1168c:	1612fff7 	bne	s0,s2,1166c <main@@Base+0xf32c>
   11690:	8fbc0010 	lw	gp,16(sp)
   11694:	a2600020 	sb	zero,32(s3)
   11698:	8fbf00ac 	lw	ra,172(sp)
   1169c:	8fb600a8 	lw	s6,168(sp)
   116a0:	8fb500a4 	lw	s5,164(sp)
   116a4:	8fb400a0 	lw	s4,160(sp)
   116a8:	8fb3009c 	lw	s3,156(sp)
   116ac:	8fb20098 	lw	s2,152(sp)
   116b0:	8fb10094 	lw	s1,148(sp)
   116b4:	8fb00090 	lw	s0,144(sp)
   116b8:	03e00008 	jr	ra
   116bc:	27bd00b0 	addiu	sp,sp,176
   116c0:	3c1c0001 	lui	gp,0x1
   116c4:	279cf940 	addiu	gp,gp,-1728
   116c8:	0399e021 	addu	gp,gp,t9
   116cc:	27bdff88 	addiu	sp,sp,-120
   116d0:	8f99834c 	lw	t9,-31924(gp)
   116d4:	00a03825 	move	a3,a1
   116d8:	24050009 	li	a1,9
   116dc:	afa60080 	sw	a2,128(sp)
   116e0:	afb00070 	sw	s0,112(sp)
   116e4:	00808025 	move	s0,a0
   116e8:	afbf0074 	sw	ra,116(sp)
   116ec:	27a40060 	addiu	a0,sp,96
   116f0:	afbc0018 	sw	gp,24(sp)
   116f4:	8f868038 	lw	a2,-32712(gp)
   116f8:	0320f809 	jalr	t9
   116fc:	24c6750c 	addiu	a2,a2,29964
   11700:	26050080 	addiu	a1,s0,128
   11704:	8fbc0018 	lw	gp,24(sp)
   11708:	27a40044 	addiu	a0,sp,68
   1170c:	24060010 	li	a2,16
   11710:	8f998120 	lw	t9,-32480(gp)
   11714:	0320f809 	jalr	t9
   11718:	27b00020 	addiu	s0,sp,32
   1171c:	2402003a 	li	v0,58
   11720:	8fbc0018 	lw	gp,24(sp)
   11724:	27a50060 	addiu	a1,sp,96
   11728:	27a40055 	addiu	a0,sp,85
   1172c:	a3a20054 	sb	v0,84(sp)
   11730:	8f998120 	lw	t9,-32480(gp)
   11734:	0320f809 	jalr	t9
   11738:	24060008 	li	a2,8
   1173c:	27a40044 	addiu	a0,sp,68
   11740:	8fbc0018 	lw	gp,24(sp)
   11744:	24050019 	li	a1,25
   11748:	8f998038 	lw	t9,-32712(gp)
   1174c:	273914e4 	addiu	t9,t9,5348
   11750:	0411ff64 	bal	114e4 <main@@Base+0xf1a4>
   11754:	02003025 	move	a2,s0
   11758:	27a70060 	addiu	a3,sp,96
   1175c:	8fbc0018 	lw	gp,24(sp)
   11760:	2405002a 	li	a1,42
   11764:	8fa40080 	lw	a0,128(sp)
   11768:	afb00010 	sw	s0,16(sp)
   1176c:	8f868038 	lw	a2,-32712(gp)
   11770:	8f99834c 	lw	t9,-31924(gp)
   11774:	0320f809 	jalr	t9
   11778:	24c67514 	addiu	a2,a2,29972
   1177c:	8fbf0074 	lw	ra,116(sp)
   11780:	8fb00070 	lw	s0,112(sp)
   11784:	03e00008 	jr	ra
   11788:	27bd0078 	addiu	sp,sp,120
   1178c:	3c1c0001 	lui	gp,0x1
   11790:	279cf874 	addiu	gp,gp,-1932
   11794:	0399e021 	addu	gp,gp,t9
   11798:	10800020 	beqz	a0,1181c <main@@Base+0xf4dc>
   1179c:	00000000 	nop
   117a0:	27bdffe0 	addiu	sp,sp,-32
   117a4:	8f9982a0 	lw	t9,-32096(gp)
   117a8:	afb00018 	sw	s0,24(sp)
   117ac:	00808025 	move	s0,a0
   117b0:	afbf001c 	sw	ra,28(sp)
   117b4:	afbc0010 	sw	gp,16(sp)
   117b8:	0320f809 	jalr	t9
   117bc:	24840280 	addiu	a0,a0,640
   117c0:	8fbc0010 	lw	gp,16(sp)
   117c4:	8f998244 	lw	t9,-32188(gp)
   117c8:	0320f809 	jalr	t9
   117cc:	260400e8 	addiu	a0,s0,232
   117d0:	8fbc0010 	lw	gp,16(sp)
   117d4:	8f9982d8 	lw	t9,-32040(gp)
   117d8:	0320f809 	jalr	t9
   117dc:	02002025 	move	a0,s0
   117e0:	8fbc0010 	lw	gp,16(sp)
   117e4:	8f9981b0 	lw	t9,-32336(gp)
   117e8:	0320f809 	jalr	t9
   117ec:	26040288 	addiu	a0,s0,648
   117f0:	8fbc0010 	lw	gp,16(sp)
   117f4:	8f998380 	lw	t9,-31872(gp)
   117f8:	0320f809 	jalr	t9
   117fc:	26040448 	addiu	a0,s0,1096
   11800:	02002025 	move	a0,s0
   11804:	8fbc0010 	lw	gp,16(sp)
   11808:	8fbf001c 	lw	ra,28(sp)
   1180c:	8fb00018 	lw	s0,24(sp)
   11810:	8f998150 	lw	t9,-32432(gp)
   11814:	03200008 	jr	t9
   11818:	27bd0020 	addiu	sp,sp,32
   1181c:	03e00008 	jr	ra
   11820:	00000000 	nop
   11824:	3c1c0001 	lui	gp,0x1
   11828:	279cf7dc 	addiu	gp,gp,-2084
   1182c:	0399e021 	addu	gp,gp,t9
   11830:	27bdffc8 	addiu	sp,sp,-56
   11834:	8f9981c4 	lw	t9,-32316(gp)
   11838:	afa40038 	sw	a0,56(sp)
   1183c:	24040001 	li	a0,1
   11840:	afa5003c 	sw	a1,60(sp)
   11844:	240505a4 	li	a1,1444
   11848:	afbc0018 	sw	gp,24(sp)
   1184c:	afb00020 	sw	s0,32(sp)
   11850:	afbf0034 	sw	ra,52(sp)
   11854:	afb40030 	sw	s4,48(sp)
   11858:	afb3002c 	sw	s3,44(sp)
   1185c:	afb20028 	sw	s2,40(sp)
   11860:	0320f809 	jalr	t9
   11864:	afb10024 	sw	s1,36(sp)
   11868:	8fbc0018 	lw	gp,24(sp)
   1186c:	1040003c 	beqz	v0,11960 <main@@Base+0xf620>
   11870:	00408025 	move	s0,v0
   11874:	8f99832c 	lw	t9,-31956(gp)
   11878:	00402025 	move	a0,v0
   1187c:	261200e8 	addiu	s2,s0,232
   11880:	0320f809 	jalr	t9
   11884:	26130280 	addiu	s3,s0,640
   11888:	02402025 	move	a0,s2
   1188c:	8fbc0018 	lw	gp,24(sp)
   11890:	26140288 	addiu	s4,s0,648
   11894:	8f998354 	lw	t9,-31916(gp)
   11898:	0320f809 	jalr	t9
   1189c:	26110448 	addiu	s1,s0,1096
   118a0:	8fbc0018 	lw	gp,24(sp)
   118a4:	8f998330 	lw	t9,-31952(gp)
   118a8:	0320f809 	jalr	t9
   118ac:	02602025 	move	a0,s3
   118b0:	8fbc0018 	lw	gp,24(sp)
   118b4:	8f9981bc 	lw	t9,-32324(gp)
   118b8:	0320f809 	jalr	t9
   118bc:	02802025 	move	a0,s4
   118c0:	8fbc0018 	lw	gp,24(sp)
   118c4:	8f998280 	lw	t9,-32128(gp)
   118c8:	0320f809 	jalr	t9
   118cc:	02202025 	move	a0,s1
   118d0:	24020005 	li	v0,5
   118d4:	8fbc0018 	lw	gp,24(sp)
   118d8:	02803025 	move	a2,s4
   118dc:	afa20010 	sw	v0,16(sp)
   118e0:	02202025 	move	a0,s1
   118e4:	8f878038 	lw	a3,-32712(gp)
   118e8:	8f998228 	lw	t9,-32216(gp)
   118ec:	8f858200 	lw	a1,-32256(gp)
   118f0:	0320f809 	jalr	t9
   118f4:	24e7751c 	addiu	a3,a3,29980
   118f8:	10400022 	beqz	v0,11984 <main@@Base+0xf644>
   118fc:	8fbc0018 	lw	gp,24(sp)
   11900:	8f9982a0 	lw	t9,-32096(gp)
   11904:	0320f809 	jalr	t9
   11908:	02602025 	move	a0,s3
   1190c:	8fbc0018 	lw	gp,24(sp)
   11910:	8f998244 	lw	t9,-32188(gp)
   11914:	0320f809 	jalr	t9
   11918:	02402025 	move	a0,s2
   1191c:	8fbc0018 	lw	gp,24(sp)
   11920:	8f9982d8 	lw	t9,-32040(gp)
   11924:	0320f809 	jalr	t9
   11928:	02002025 	move	a0,s0
   1192c:	8fbc0018 	lw	gp,24(sp)
   11930:	8f9981b0 	lw	t9,-32336(gp)
   11934:	0320f809 	jalr	t9
   11938:	02802025 	move	a0,s4
   1193c:	8fbc0018 	lw	gp,24(sp)
   11940:	8f998380 	lw	t9,-31872(gp)
   11944:	0320f809 	jalr	t9
   11948:	02202025 	move	a0,s1
   1194c:	02002025 	move	a0,s0
   11950:	8fbc0018 	lw	gp,24(sp)
   11954:	8f998150 	lw	t9,-32432(gp)
   11958:	0320f809 	jalr	t9
   1195c:	00008025 	move	s0,zero
   11960:	8fbf0034 	lw	ra,52(sp)
   11964:	02001025 	move	v0,s0
   11968:	8fb40030 	lw	s4,48(sp)
   1196c:	8fb3002c 	lw	s3,44(sp)
   11970:	8fb20028 	lw	s2,40(sp)
   11974:	8fb10024 	lw	s1,36(sp)
   11978:	8fb00020 	lw	s0,32(sp)
   1197c:	03e00008 	jr	ra
   11980:	27bd0038 	addiu	sp,sp,56
   11984:	8f998324 	lw	t9,-31964(gp)
   11988:	02402025 	move	a0,s2
   1198c:	0320f809 	jalr	t9
   11990:	8fa50038 	lw	a1,56(sp)
   11994:	1440ffda 	bnez	v0,11900 <main@@Base+0xf5c0>
   11998:	8fbc0018 	lw	gp,24(sp)
   1199c:	8f998304 	lw	t9,-31996(gp)
   119a0:	00003025 	move	a2,zero
   119a4:	8f8783a0 	lw	a3,-31840(gp)
   119a8:	02602025 	move	a0,s3
   119ac:	8fa5003c 	lw	a1,60(sp)
   119b0:	0320f809 	jalr	t9
   119b4:	afb10010 	sw	s1,16(sp)
   119b8:	1440ffd1 	bnez	v0,11900 <main@@Base+0xf5c0>
   119bc:	8fbc0018 	lw	gp,24(sp)
   119c0:	8f99833c 	lw	t9,-31940(gp)
   119c4:	00003825 	move	a3,zero
   119c8:	00003025 	move	a2,zero
   119cc:	24050001 	li	a1,1
   119d0:	0320f809 	jalr	t9
   119d4:	02002025 	move	a0,s0
   119d8:	1440ffc9 	bnez	v0,11900 <main@@Base+0xf5c0>
   119dc:	8fbc0018 	lw	gp,24(sp)
   119e0:	8f9981c8 	lw	t9,-32312(gp)
   119e4:	02203025 	move	a2,s1
   119e8:	8f8583a0 	lw	a1,-31840(gp)
   119ec:	0320f809 	jalr	t9
   119f0:	02002025 	move	a0,s0
   119f4:	00003025 	move	a2,zero
   119f8:	8fbc0018 	lw	gp,24(sp)
   119fc:	02002025 	move	a0,s0
   11a00:	8f998104 	lw	t9,-32508(gp)
   11a04:	0320f809 	jalr	t9
   11a08:	8e05027c 	lw	a1,636(s0)
   11a0c:	02603025 	move	a2,s3
   11a10:	8fbc0018 	lw	gp,24(sp)
   11a14:	02402825 	move	a1,s2
   11a18:	8f998110 	lw	t9,-32496(gp)
   11a1c:	0320f809 	jalr	t9
   11a20:	02002025 	move	a0,s0
   11a24:	1040ffce 	beqz	v0,11960 <main@@Base+0xf620>
   11a28:	8fbc0018 	lw	gp,24(sp)
   11a2c:	1000ffb5 	b	11904 <main@@Base+0xf5c4>
   11a30:	8f9982a0 	lw	t9,-32096(gp)
   11a34:	3c1c0001 	lui	gp,0x1
   11a38:	279cf5cc 	addiu	gp,gp,-2612
   11a3c:	0399e021 	addu	gp,gp,t9
   11a40:	27bdffe0 	addiu	sp,sp,-32
   11a44:	afbc0010 	sw	gp,16(sp)
   11a48:	afbf001c 	sw	ra,28(sp)
   11a4c:	10a0000f 	beqz	a1,11a8c <main@@Base+0xf74c>
   11a50:	afa40020 	sw	a0,32(sp)
   11a54:	24030001 	li	v1,1
   11a58:	14a30010 	bne	a1,v1,11a9c <main@@Base+0xf75c>
   11a5c:	2402ffff 	li	v0,-1
   11a60:	8f858038 	lw	a1,-32712(gp)
   11a64:	8f9981d0 	lw	t9,-32304(gp)
   11a68:	0320f809 	jalr	t9
   11a6c:	24a576f0 	addiu	a1,a1,30448
   11a70:	00002825 	move	a1,zero
   11a74:	8fbc0010 	lw	gp,16(sp)
   11a78:	8f998214 	lw	t9,-32236(gp)
   11a7c:	0320f809 	jalr	t9
   11a80:	8fa40020 	lw	a0,32(sp)
   11a84:	10000005 	b	11a9c <main@@Base+0xf75c>
   11a88:	00001025 	move	v0,zero
   11a8c:	8f9981d0 	lw	t9,-32304(gp)
   11a90:	0320f809 	jalr	t9
   11a94:	afa50024 	sw	a1,36(sp)
   11a98:	8fa20024 	lw	v0,36(sp)
   11a9c:	8fbf001c 	lw	ra,28(sp)
   11aa0:	03e00008 	jr	ra
   11aa4:	27bd0020 	addiu	sp,sp,32
   11aa8:	3c1c0001 	lui	gp,0x1
   11aac:	279cf558 	addiu	gp,gp,-2728
   11ab0:	0399e021 	addu	gp,gp,t9
   11ab4:	1080000f 	beqz	a0,11af4 <main@@Base+0xf7b4>
   11ab8:	00000000 	nop
   11abc:	27bdffe0 	addiu	sp,sp,-32
   11ac0:	8f99830c 	lw	t9,-31988(gp)
   11ac4:	afb00018 	sw	s0,24(sp)
   11ac8:	afbf001c 	sw	ra,28(sp)
   11acc:	afbc0010 	sw	gp,16(sp)
   11ad0:	0320f809 	jalr	t9
   11ad4:	00808025 	move	s0,a0
   11ad8:	02002025 	move	a0,s0
   11adc:	8fbc0010 	lw	gp,16(sp)
   11ae0:	8fbf001c 	lw	ra,28(sp)
   11ae4:	8fb00018 	lw	s0,24(sp)
   11ae8:	8f998150 	lw	t9,-32432(gp)
   11aec:	03200008 	jr	t9
   11af0:	27bd0020 	addiu	sp,sp,32
   11af4:	03e00008 	jr	ra
   11af8:	00000000 	nop
   11afc:	3c1c0001 	lui	gp,0x1
   11b00:	279cf504 	addiu	gp,gp,-2812
   11b04:	0399e021 	addu	gp,gp,t9
   11b08:	27bdffc0 	addiu	sp,sp,-64
   11b0c:	8f998180 	lw	t9,-32384(gp)
   11b10:	2402000a 	li	v0,10
   11b14:	27a70020 	addiu	a3,sp,32
   11b18:	afb20034 	sw	s2,52(sp)
   11b1c:	24120008 	li	s2,8
   11b20:	24061006 	li	a2,4102
   11b24:	afb10030 	sw	s1,48(sp)
   11b28:	00a08825 	move	s1,a1
   11b2c:	afbc0018 	sw	gp,24(sp)
   11b30:	3405ffff 	li	a1,0xffff
   11b34:	afbf003c 	sw	ra,60(sp)
   11b38:	afb0002c 	sw	s0,44(sp)
   11b3c:	afa40040 	sw	a0,64(sp)
   11b40:	02202025 	move	a0,s1
   11b44:	afb30038 	sw	s3,56(sp)
   11b48:	afa20020 	sw	v0,32(sp)
   11b4c:	afa00024 	sw	zero,36(sp)
   11b50:	0320f809 	jalr	t9
   11b54:	afb20010 	sw	s2,16(sp)
   11b58:	24050260 	li	a1,608
   11b5c:	8fbc0018 	lw	gp,24(sp)
   11b60:	8f9981c4 	lw	t9,-32316(gp)
   11b64:	0320f809 	jalr	t9
   11b68:	24040001 	li	a0,1
   11b6c:	8fbc0018 	lw	gp,24(sp)
   11b70:	1440000c 	bnez	v0,11ba4 <main@@Base+0xf864>
   11b74:	00408025 	move	s0,v0
   11b78:	afa00020 	sw	zero,32(sp)
   11b7c:	afa00024 	sw	zero,36(sp)
   11b80:	afb20010 	sw	s2,16(sp)
   11b84:	8f998180 	lw	t9,-32384(gp)
   11b88:	27a70020 	addiu	a3,sp,32
   11b8c:	24061006 	li	a2,4102
   11b90:	3405ffff 	li	a1,0xffff
   11b94:	0320f809 	jalr	t9
   11b98:	02202025 	move	a0,s1
   11b9c:	1000001f 	b	11c1c <main@@Base+0xf8dc>
   11ba0:	8fbf003c 	lw	ra,60(sp)
   11ba4:	8f99839c 	lw	t9,-31844(gp)
   11ba8:	0320f809 	jalr	t9
   11bac:	00402025 	move	a0,v0
   11bb0:	8fbc0018 	lw	gp,24(sp)
   11bb4:	8f9981ac 	lw	t9,-32340(gp)
   11bb8:	0320f809 	jalr	t9
   11bbc:	26040258 	addiu	a0,s0,600
   11bc0:	02002025 	move	a0,s0
   11bc4:	8fbc0018 	lw	gp,24(sp)
   11bc8:	8fa50040 	lw	a1,64(sp)
   11bcc:	8f998250 	lw	t9,-32176(gp)
   11bd0:	0320f809 	jalr	t9
   11bd4:	ae110258 	sw	s1,600(s0)
   11bd8:	10400017 	beqz	v0,11c38 <main@@Base+0xf8f8>
   11bdc:	8fbc0018 	lw	gp,24(sp)
   11be0:	8f998150 	lw	t9,-32432(gp)
   11be4:	0320f809 	jalr	t9
   11be8:	02002025 	move	a0,s0
   11bec:	8fbc0018 	lw	gp,24(sp)
   11bf0:	afa00020 	sw	zero,32(sp)
   11bf4:	afa00024 	sw	zero,36(sp)
   11bf8:	afb20010 	sw	s2,16(sp)
   11bfc:	8f998180 	lw	t9,-32384(gp)
   11c00:	27a70020 	addiu	a3,sp,32
   11c04:	24061006 	li	a2,4102
   11c08:	3405ffff 	li	a1,0xffff
   11c0c:	00008025 	move	s0,zero
   11c10:	0320f809 	jalr	t9
   11c14:	02202025 	move	a0,s1
   11c18:	8fbf003c 	lw	ra,60(sp)
   11c1c:	02001025 	move	v0,s0
   11c20:	8fb30038 	lw	s3,56(sp)
   11c24:	8fb20034 	lw	s2,52(sp)
   11c28:	8fb10030 	lw	s1,48(sp)
   11c2c:	8fb0002c 	lw	s0,44(sp)
   11c30:	03e00008 	jr	ra
   11c34:	27bd0040 	addiu	sp,sp,64
   11c38:	8f9981fc 	lw	t9,-32260(gp)
   11c3c:	26050258 	addiu	a1,s0,600
   11c40:	8f878114 	lw	a3,-32492(gp)
   11c44:	02002025 	move	a0,s0
   11c48:	8f8680fc 	lw	a2,-32516(gp)
   11c4c:	24129700 	li	s2,-26880
   11c50:	0320f809 	jalr	t9
   11c54:	afa00010 	sw	zero,16(sp)
   11c58:	8fbc0018 	lw	gp,24(sp)
   11c5c:	8f998230 	lw	t9,-32208(gp)
   11c60:	0320f809 	jalr	t9
   11c64:	02002025 	move	a0,s0
   11c68:	14400006 	bnez	v0,11c84 <main@@Base+0xf944>
   11c6c:	8fbc0018 	lw	gp,24(sp)
   11c70:	24020008 	li	v0,8
   11c74:	afa00020 	sw	zero,32(sp)
   11c78:	afa00024 	sw	zero,36(sp)
   11c7c:	1000ffc1 	b	11b84 <main@@Base+0xf844>
   11c80:	afa20010 	sw	v0,16(sp)
   11c84:	7c0239c4 	ins	v0,zero,0x7,0x1
   11c88:	1052fff4 	beq	v0,s2,11c5c <main@@Base+0xf91c>
   11c8c:	8f99830c 	lw	t9,-31988(gp)
   11c90:	0320f809 	jalr	t9
   11c94:	02002025 	move	a0,s0
   11c98:	8fbc0018 	lw	gp,24(sp)
   11c9c:	8f998150 	lw	t9,-32432(gp)
   11ca0:	0320f809 	jalr	t9
   11ca4:	02002025 	move	a0,s0
   11ca8:	24020008 	li	v0,8
   11cac:	8fbc0018 	lw	gp,24(sp)
   11cb0:	afa00020 	sw	zero,32(sp)
   11cb4:	afa00024 	sw	zero,36(sp)
   11cb8:	1000ffd0 	b	11bfc <main@@Base+0xf8bc>
   11cbc:	afa20010 	sw	v0,16(sp)
   11cc0:	3c1c0001 	lui	gp,0x1
   11cc4:	279cf340 	addiu	gp,gp,-3264
   11cc8:	0399e021 	addu	gp,gp,t9
   11ccc:	27bdffd0 	addiu	sp,sp,-48
   11cd0:	afb10028 	sw	s1,40(sp)
   11cd4:	24119700 	li	s1,-26880
   11cd8:	afb00024 	sw	s0,36(sp)
   11cdc:	00c08025 	move	s0,a2
   11ce0:	afbc0010 	sw	gp,16(sp)
   11ce4:	afbf002c 	sw	ra,44(sp)
   11ce8:	14c00008 	bnez	a2,11d0c <main@@Base+0xf9cc>
   11cec:	8f99811c 	lw	t9,-32484(gp)
   11cf0:	02001025 	move	v0,s0
   11cf4:	8fbf002c 	lw	ra,44(sp)
   11cf8:	8fb10028 	lw	s1,40(sp)
   11cfc:	8fb00024 	lw	s0,36(sp)
   11d00:	03e00008 	jr	ra
   11d04:	27bd0030 	addiu	sp,sp,48
   11d08:	8f99811c 	lw	t9,-32484(gp)
   11d0c:	afa60018 	sw	a2,24(sp)
   11d10:	afa50034 	sw	a1,52(sp)
   11d14:	0320f809 	jalr	t9
   11d18:	afa40030 	sw	a0,48(sp)
   11d1c:	00401825 	move	v1,v0
   11d20:	8fbc0010 	lw	gp,16(sp)
   11d24:	7c0339c4 	ins	v1,zero,0x7,0x1
   11d28:	8fa40030 	lw	a0,48(sp)
   11d2c:	8fa50034 	lw	a1,52(sp)
   11d30:	1071fff5 	beq	v1,s1,11d08 <main@@Base+0xf9c8>
   11d34:	8fa60018 	lw	a2,24(sp)
   11d38:	04400003 	bltz	v0,11d48 <main@@Base+0xfa08>
   11d3c:	00a22821 	addu	a1,a1,v0
   11d40:	1000ffe9 	b	11ce8 <main@@Base+0xf9a8>
   11d44:	00c23023 	subu	a2,a2,v0
   11d48:	1000ffea 	b	11cf4 <main@@Base+0xf9b4>
   11d4c:	2402ffff 	li	v0,-1
   11d50:	3c1c0001 	lui	gp,0x1
   11d54:	279cf2b0 	addiu	gp,gp,-3408
   11d58:	0399e021 	addu	gp,gp,t9
   11d5c:	27bdffe0 	addiu	sp,sp,-32
   11d60:	8f9981f0 	lw	t9,-32272(gp)
   11d64:	afbf001c 	sw	ra,28(sp)
   11d68:	afbc0010 	sw	gp,16(sp)
   11d6c:	0320f809 	jalr	t9
   11d70:	00000000 	nop
   11d74:	24437880 	addiu	v1,v0,30848
   11d78:	8fbf001c 	lw	ra,28(sp)
   11d7c:	28440000 	slti	a0,v0,0
   11d80:	0003182b 	sltu	v1,zero,v1
   11d84:	00031823 	negu	v1,v1
   11d88:	27bd0020 	addiu	sp,sp,32
   11d8c:	03e00008 	jr	ra
   11d90:	0064100b 	movn	v0,v1,a0
   11d94:	3c1c0001 	lui	gp,0x1
   11d98:	279cf26c 	addiu	gp,gp,-3476
   11d9c:	0399e021 	addu	gp,gp,t9
   11da0:	27bdffe0 	addiu	sp,sp,-32
   11da4:	8f998254 	lw	t9,-32172(gp)
   11da8:	afbf001c 	sw	ra,28(sp)
   11dac:	afbc0010 	sw	gp,16(sp)
   11db0:	0320f809 	jalr	t9
   11db4:	00000000 	nop
   11db8:	8fbf001c 	lw	ra,28(sp)
   11dbc:	0002102b 	sltu	v0,zero,v0
   11dc0:	00021023 	negu	v0,v0
   11dc4:	03e00008 	jr	ra
   11dc8:	27bd0020 	addiu	sp,sp,32
   11dcc:	3c1c0001 	lui	gp,0x1
   11dd0:	279cf234 	addiu	gp,gp,-3532
   11dd4:	0399e021 	addu	gp,gp,t9
   11dd8:	8f998284 	lw	t9,-32124(gp)
   11ddc:	03200008 	jr	t9
   11de0:	00000000 	nop
   11de4:	3c1c0001 	lui	gp,0x1
   11de8:	279cf21c 	addiu	gp,gp,-3556
   11dec:	0399e021 	addu	gp,gp,t9
   11df0:	27bdff80 	addiu	sp,sp,-128
   11df4:	8cd90010 	lw	t9,16(a2)
   11df8:	afbe0078 	sw	s8,120(sp)
   11dfc:	03a0f025 	move	s8,sp
   11e00:	afb30064 	sw	s3,100(sp)
   11e04:	00c09825 	move	s3,a2
   11e08:	afb20060 	sw	s2,96(sp)
   11e0c:	00a09025 	move	s2,a1
   11e10:	afb1005c 	sw	s1,92(sp)
   11e14:	00808825 	move	s1,a0
   11e18:	afb00058 	sw	s0,88(sp)
   11e1c:	00008025 	move	s0,zero
   11e20:	afbc0010 	sw	gp,16(sp)
   11e24:	afbf007c 	sw	ra,124(sp)
   11e28:	afb70074 	sw	s7,116(sp)
   11e2c:	afb60070 	sw	s6,112(sp)
   11e30:	afb5006c 	sw	s5,108(sp)
   11e34:	afb40068 	sw	s4,104(sp)
   11e38:	afc50084 	sw	a1,132(s8)
   11e3c:	afc60088 	sw	a2,136(s8)
   11e40:	8f858038 	lw	a1,-32712(gp)
   11e44:	90870001 	lbu	a3,1(a0)
   11e48:	90860000 	lbu	a2,0(a0)
   11e4c:	02402025 	move	a0,s2
   11e50:	0320f809 	jalr	t9
   11e54:	24a57524 	addiu	a1,a1,29988
   11e58:	04400037 	bltz	v0,11f38 <main@@Base+0xfbf8>
   11e5c:	8fdc0010 	lw	gp,16(s8)
   11e60:	8f948038 	lw	s4,-32712(gp)
   11e64:	24150001 	li	s5,1
   11e68:	8e790000 	lw	t9,0(s3)
   11e6c:	24060001 	li	a2,1
   11e70:	afd50034 	sw	s5,52(s8)
   11e74:	02402025 	move	a0,s2
   11e78:	26946270 	addiu	s4,s4,25200
   11e7c:	00408025 	move	s0,v0
   11e80:	afd40030 	sw	s4,48(s8)
   11e84:	0320f809 	jalr	t9
   11e88:	02802825 	move	a1,s4
   11e8c:	0440002a 	bltz	v0,11f38 <main@@Base+0xfbf8>
   11e90:	8fdc0010 	lw	gp,16(s8)
   11e94:	8f858038 	lw	a1,-32712(gp)
   11e98:	02402025 	move	a0,s2
   11e9c:	8e790010 	lw	t9,16(s3)
   11ea0:	02028021 	addu	s0,s0,v0
   11ea4:	96260002 	lhu	a2,2(s1)
   11ea8:	0320f809 	jalr	t9
   11eac:	24a568e0 	addiu	a1,a1,26848
   11eb0:	04400021 	bltz	v0,11f38 <main@@Base+0xfbf8>
   11eb4:	8fdc0010 	lw	gp,16(s8)
   11eb8:	8e790000 	lw	t9,0(s3)
   11ebc:	24060001 	li	a2,1
   11ec0:	afd40038 	sw	s4,56(s8)
   11ec4:	02802825 	move	a1,s4
   11ec8:	afd5003c 	sw	s5,60(s8)
   11ecc:	02402025 	move	a0,s2
   11ed0:	0320f809 	jalr	t9
   11ed4:	02028021 	addu	s0,s0,v0
   11ed8:	04400017 	bltz	v0,11f38 <main@@Base+0xfbf8>
   11edc:	8fdc0010 	lw	gp,16(s8)
   11ee0:	8e790000 	lw	t9,0(s3)
   11ee4:	02402025 	move	a0,s2
   11ee8:	8e250004 	lw	a1,4(s1)
   11eec:	02028021 	addu	s0,s0,v0
   11ef0:	0320f809 	jalr	t9
   11ef4:	8e260008 	lw	a2,8(s1)
   11ef8:	0440000f 	bltz	v0,11f38 <main@@Base+0xfbf8>
   11efc:	8fdc0010 	lw	gp,16(s8)
   11f00:	8f858038 	lw	a1,-32712(gp)
   11f04:	02028021 	addu	s0,s0,v0
   11f08:	8e790000 	lw	t9,0(s3)
   11f0c:	24020002 	li	v0,2
   11f10:	24060002 	li	a2,2
   11f14:	24a561f0 	addiu	a1,a1,25072
   11f18:	afc20044 	sw	v0,68(s8)
   11f1c:	02402025 	move	a0,s2
   11f20:	0320f809 	jalr	t9
   11f24:	afc50040 	sw	a1,64(s8)
   11f28:	28430000 	slti	v1,v0,0
   11f2c:	8fdc0010 	lw	gp,16(s8)
   11f30:	0003100b 	movn	v0,zero,v1
   11f34:	02028021 	addu	s0,s0,v0
   11f38:	8f958038 	lw	s5,-32712(gp)
   11f3c:	2634000c 	addiu	s4,s1,12
   11f40:	8f998070 	lw	t9,-32656(gp)
   11f44:	24170004 	li	s7,4
   11f48:	00003825 	move	a3,zero
   11f4c:	26b56a0c 	addiu	s5,s5,27148
   11f50:	afd70054 	sw	s7,84(s8)
   11f54:	24060004 	li	a2,4
   11f58:	afd50050 	sw	s5,80(s8)
   11f5c:	02a02825 	move	a1,s5
   11f60:	0411e9d6 	bal	c6bc <main@@Base+0xa37c>
   11f64:	02802025 	move	a0,s4
   11f68:	1440001e 	bnez	v0,11fe4 <main@@Base+0xfca4>
   11f6c:	8fdc0010 	lw	gp,16(s8)
   11f70:	8f99834c 	lw	t9,-31924(gp)
   11f74:	00002825 	move	a1,zero
   11f78:	8e270218 	lw	a3,536(s1)
   11f7c:	00002025 	move	a0,zero
   11f80:	afd50018 	sw	s5,24(s8)
   11f84:	afd7001c 	sw	s7,28(s8)
   11f88:	8f958038 	lw	s5,-32712(gp)
   11f8c:	0320f809 	jalr	t9
   11f90:	26a668e0 	addiu	a2,s5,26848
   11f94:	26a668e0 	addiu	a2,s5,26848
   11f98:	8fdc0010 	lw	gp,16(s8)
   11f9c:	24420008 	addiu	v0,v0,8
   11fa0:	8e270218 	lw	a3,536(s1)
   11fa4:	27c40020 	addiu	a0,s8,32
   11fa8:	7c021004 	ins	v0,zero,0x0,0x3
   11fac:	8f998038 	lw	t9,-32712(gp)
   11fb0:	03a2e823 	subu	sp,sp,v0
   11fb4:	27390f7c 	addiu	t9,t9,3964
   11fb8:	0411fbf0 	bal	10f7c <main@@Base+0xec3c>
   11fbc:	27a50010 	addiu	a1,sp,16
   11fc0:	27c40018 	addiu	a0,s8,24
   11fc4:	8fdc0010 	lw	gp,16(s8)
   11fc8:	8fc50084 	lw	a1,132(s8)
   11fcc:	8f9980d4 	lw	t9,-32556(gp)
   11fd0:	0411f082 	bal	e1dc <main@@Base+0xbe9c>
   11fd4:	8fc60088 	lw	a2,136(s8)
   11fd8:	0440004b 	bltz	v0,12108 <main@@Base+0xfdc8>
   11fdc:	8fdc0010 	lw	gp,16(s8)
   11fe0:	02028021 	addu	s0,s0,v0
   11fe4:	8f958038 	lw	s5,-32712(gp)
   11fe8:	2417000e 	li	s7,14
   11fec:	8f998070 	lw	t9,-32656(gp)
   11ff0:	00003825 	move	a3,zero
   11ff4:	2406000e 	li	a2,14
   11ff8:	afd7004c 	sw	s7,76(s8)
   11ffc:	26b569f8 	addiu	s5,s5,27128
   12000:	02802025 	move	a0,s4
   12004:	afd50048 	sw	s5,72(s8)
   12008:	0411e9ac 	bal	c6bc <main@@Base+0xa37c>
   1200c:	02a02825 	move	a1,s5
   12010:	1440001f 	bnez	v0,12090 <main@@Base+0xfd50>
   12014:	8fdc0010 	lw	gp,16(s8)
   12018:	8e270214 	lw	a3,532(s1)
   1201c:	10e0001c 	beqz	a3,12090 <main@@Base+0xfd50>
   12020:	8f99834c 	lw	t9,-31924(gp)
   12024:	00002825 	move	a1,zero
   12028:	afd50018 	sw	s5,24(s8)
   1202c:	00002025 	move	a0,zero
   12030:	afd7001c 	sw	s7,28(s8)
   12034:	8f958038 	lw	s5,-32712(gp)
   12038:	0320f809 	jalr	t9
   1203c:	26a66a08 	addiu	a2,s5,27144
   12040:	26a66a08 	addiu	a2,s5,27144
   12044:	8fdc0010 	lw	gp,16(s8)
   12048:	24420008 	addiu	v0,v0,8
   1204c:	8e270214 	lw	a3,532(s1)
   12050:	27c40020 	addiu	a0,s8,32
   12054:	7c021004 	ins	v0,zero,0x0,0x3
   12058:	8f998038 	lw	t9,-32712(gp)
   1205c:	03a2e823 	subu	sp,sp,v0
   12060:	27390f7c 	addiu	t9,t9,3964
   12064:	0411fbc5 	bal	10f7c <main@@Base+0xec3c>
   12068:	27a50010 	addiu	a1,sp,16
   1206c:	27c40018 	addiu	a0,s8,24
   12070:	8fdc0010 	lw	gp,16(s8)
   12074:	8fc50084 	lw	a1,132(s8)
   12078:	8f9980d4 	lw	t9,-32556(gp)
   1207c:	0411f057 	bal	e1dc <main@@Base+0xbe9c>
   12080:	8fc60088 	lw	a2,136(s8)
   12084:	04400020 	bltz	v0,12108 <main@@Base+0xfdc8>
   12088:	8fdc0010 	lw	gp,16(s8)
   1208c:	02028021 	addu	s0,s0,v0
   12090:	0000b825 	move	s7,zero
   12094:	0000a825 	move	s5,zero
   12098:	8e22020c 	lw	v0,524(s1)
   1209c:	02e2102b 	sltu	v0,s7,v0
   120a0:	14400027 	bnez	v0,12140 <main@@Base+0xfe00>
   120a4:	8f9980d4 	lw	t9,-32556(gp)
   120a8:	8f858038 	lw	a1,-32712(gp)
   120ac:	24020002 	li	v0,2
   120b0:	8e790000 	lw	t9,0(s3)
   120b4:	24060002 	li	a2,2
   120b8:	afc2001c 	sw	v0,28(s8)
   120bc:	02402025 	move	a0,s2
   120c0:	24a561f0 	addiu	a1,a1,25072
   120c4:	0320f809 	jalr	t9
   120c8:	afc50018 	sw	a1,24(s8)
   120cc:	28430000 	slti	v1,v0,0
   120d0:	0003100b 	movn	v0,zero,v1
   120d4:	02a2a821 	addu	s5,s5,v0
   120d8:	06a0000b 	bltz	s5,12108 <main@@Base+0xfdc8>
   120dc:	00000000 	nop
   120e0:	8e260214 	lw	a2,532(s1)
   120e4:	10c00008 	beqz	a2,12108 <main@@Base+0xfdc8>
   120e8:	02158021 	addu	s0,s0,s5
   120ec:	8e790000 	lw	t9,0(s3)
   120f0:	02402025 	move	a0,s2
   120f4:	0320f809 	jalr	t9
   120f8:	8e250210 	lw	a1,528(s1)
   120fc:	28430000 	slti	v1,v0,0
   12100:	0003100b 	movn	v0,zero,v1
   12104:	02028021 	addu	s0,s0,v0
   12108:	03c0e825 	move	sp,s8
   1210c:	02001025 	move	v0,s0
   12110:	8fbf007c 	lw	ra,124(sp)
   12114:	8fbe0078 	lw	s8,120(sp)
   12118:	8fb70074 	lw	s7,116(sp)
   1211c:	8fb60070 	lw	s6,112(sp)
   12120:	8fb5006c 	lw	s5,108(sp)
   12124:	8fb40068 	lw	s4,104(sp)
   12128:	8fb30064 	lw	s3,100(sp)
   1212c:	8fb20060 	lw	s2,96(sp)
   12130:	8fb1005c 	lw	s1,92(sp)
   12134:	8fb00058 	lw	s0,88(sp)
   12138:	03e00008 	jr	ra
   1213c:	27bd0080 	addiu	sp,sp,128
   12140:	02402825 	move	a1,s2
   12144:	afd20028 	sw	s2,40(s8)
   12148:	02603025 	move	a2,s3
   1214c:	afd3002c 	sw	s3,44(s8)
   12150:	0411f022 	bal	e1dc <main@@Base+0xbe9c>
   12154:	02802025 	move	a0,s4
   12158:	0440ffdf 	bltz	v0,120d8 <main@@Base+0xfd98>
   1215c:	8fdc0010 	lw	gp,16(s8)
   12160:	26940010 	addiu	s4,s4,16
   12164:	02a2a821 	addu	s5,s5,v0
   12168:	1000ffcb 	b	12098 <main@@Base+0xfd58>
   1216c:	26f70001 	addiu	s7,s7,1
   12170:	3c1c0001 	lui	gp,0x1
   12174:	279cee90 	addiu	gp,gp,-4464
   12178:	0399e021 	addu	gp,gp,t9
   1217c:	27bdffc8 	addiu	sp,sp,-56
   12180:	8f998168 	lw	t9,-32408(gp)
   12184:	afb10024 	sw	s1,36(sp)
   12188:	00e08825 	move	s1,a3
   1218c:	27a70048 	addiu	a3,sp,72
   12190:	afb3002c 	sw	s3,44(sp)
   12194:	afb00020 	sw	s0,32(sp)
   12198:	00a09825 	move	s3,a1
   1219c:	00808025 	move	s0,a0
   121a0:	afa5003c 	sw	a1,60(sp)
   121a4:	00002025 	move	a0,zero
   121a8:	afbf0034 	sw	ra,52(sp)
   121ac:	00002825 	move	a1,zero
   121b0:	afb40030 	sw	s4,48(sp)
   121b4:	afb20028 	sw	s2,40(sp)
   121b8:	00c0a025 	move	s4,a2
   121bc:	afa70018 	sw	a3,24(sp)
   121c0:	afbc0010 	sw	gp,16(sp)
   121c4:	afa60040 	sw	a2,64(sp)
   121c8:	0320f809 	jalr	t9
   121cc:	02203025 	move	a2,s1
   121d0:	8fbc0010 	lw	gp,16(sp)
   121d4:	8f998310 	lw	t9,-31984(gp)
   121d8:	0320f809 	jalr	t9
   121dc:	24440001 	addiu	a0,v0,1
   121e0:	27a60048 	addiu	a2,sp,72
   121e4:	8fbc0010 	lw	gp,16(sp)
   121e8:	02202825 	move	a1,s1
   121ec:	00402025 	move	a0,v0
   121f0:	8f9983a4 	lw	t9,-31836(gp)
   121f4:	0320f809 	jalr	t9
   121f8:	00409025 	move	s2,v0
   121fc:	8fbc0010 	lw	gp,16(sp)
   12200:	8f99810c 	lw	t9,-32500(gp)
   12204:	0320f809 	jalr	t9
   12208:	02402025 	move	a0,s2
   1220c:	8e04020c 	lw	a0,524(s0)
   12210:	8fbf0034 	lw	ra,52(sp)
   12214:	8fb10024 	lw	s1,36(sp)
   12218:	00041900 	sll	v1,a0,0x4
   1221c:	24840001 	addiu	a0,a0,1
   12220:	2463000c 	addiu	v1,v1,12
   12224:	02031821 	addu	v1,s0,v1
   12228:	ac730000 	sw	s3,0(v1)
   1222c:	ac740004 	sw	s4,4(v1)
   12230:	ac720008 	sw	s2,8(v1)
   12234:	ac62000c 	sw	v0,12(v1)
   12238:	ae04020c 	sw	a0,524(s0)
   1223c:	8fb40030 	lw	s4,48(sp)
   12240:	8fb3002c 	lw	s3,44(sp)
   12244:	8fb20028 	lw	s2,40(sp)
   12248:	8fb00020 	lw	s0,32(sp)
   1224c:	03e00008 	jr	ra
   12250:	27bd0038 	addiu	sp,sp,56
   12254:	3c1c0001 	lui	gp,0x1
   12258:	279cedac 	addiu	gp,gp,-4692
   1225c:	0399e021 	addu	gp,gp,t9
   12260:	27bdfdb8 	addiu	sp,sp,-584
   12264:	8f99810c 	lw	t9,-32500(gp)
   12268:	24020001 	li	v0,1
   1226c:	afbf0244 	sw	ra,580(sp)
   12270:	afb00240 	sw	s0,576(sp)
   12274:	00808025 	move	s0,a0
   12278:	afbc0010 	sw	gp,16(sp)
   1227c:	00c02025 	move	a0,a2
   12280:	a7a5001a 	sh	a1,26(sp)
   12284:	afa60238 	sw	a2,568(sp)
   12288:	0320f809 	jalr	t9
   1228c:	a7a20018 	sh	v0,24(sp)
   12290:	2605000c 	addiu	a1,s0,12
   12294:	8fbc0010 	lw	gp,16(sp)
   12298:	27a40024 	addiu	a0,sp,36
   1229c:	8fa60238 	lw	a2,568(sp)
   122a0:	afa20020 	sw	v0,32(sp)
   122a4:	afa6001c 	sw	a2,28(sp)
   122a8:	8f998120 	lw	t9,-32480(gp)
   122ac:	0320f809 	jalr	t9
   122b0:	24060204 	li	a2,516
   122b4:	8e020210 	lw	v0,528(s0)
   122b8:	8e040000 	lw	a0,0(s0)
   122bc:	afa20228 	sw	v0,552(sp)
   122c0:	8e020214 	lw	v0,532(s0)
   122c4:	afa2022c 	sw	v0,556(sp)
   122c8:	8e020008 	lw	v0,8(s0)
   122cc:	afa20230 	sw	v0,560(sp)
   122d0:	8e020004 	lw	v0,4(s0)
   122d4:	8c590004 	lw	t9,4(v0)
   122d8:	0320f809 	jalr	t9
   122dc:	00000000 	nop
   122e0:	27a40018 	addiu	a0,sp,24
   122e4:	8fbc0010 	lw	gp,16(sp)
   122e8:	8e050000 	lw	a1,0(s0)
   122ec:	8f998038 	lw	t9,-32712(gp)
   122f0:	27391de4 	addiu	t9,t9,7652
   122f4:	0411febb 	bal	11de4 <main@@Base+0xfaa4>
   122f8:	8e060004 	lw	a2,4(s0)
   122fc:	8fbc0010 	lw	gp,16(sp)
   12300:	8e040000 	lw	a0,0(s0)
   12304:	8fbf0244 	lw	ra,580(sp)
   12308:	ae020218 	sw	v0,536(s0)
   1230c:	8e020004 	lw	v0,4(s0)
   12310:	8fb00240 	lw	s0,576(sp)
   12314:	8c590008 	lw	t9,8(v0)
   12318:	03200008 	jr	t9
   1231c:	27bd0248 	addiu	sp,sp,584
   12320:	3c1c0001 	lui	gp,0x1
   12324:	279cece0 	addiu	gp,gp,-4896
   12328:	0399e021 	addu	gp,gp,t9
   1232c:	8f868038 	lw	a2,-32712(gp)
   12330:	240500c8 	li	a1,200
   12334:	8f99804c 	lw	t9,-32692(gp)
   12338:	1000ffc6 	b	12254 <main@@Base+0xff14>
   1233c:	24c67530 	addiu	a2,a2,30000
   12340:	3c1c0001 	lui	gp,0x1
   12344:	279cecc0 	addiu	gp,gp,-4928
   12348:	0399e021 	addu	gp,gp,t9
   1234c:	8f868038 	lw	a2,-32712(gp)
   12350:	240501f4 	li	a1,500
   12354:	8f99804c 	lw	t9,-32692(gp)
   12358:	1000ffbe 	b	12254 <main@@Base+0xff14>
   1235c:	24c67534 	addiu	a2,a2,30004
   12360:	3c1c0001 	lui	gp,0x1
   12364:	279ceca0 	addiu	gp,gp,-4960
   12368:	0399e021 	addu	gp,gp,t9
   1236c:	27bdffd8 	addiu	sp,sp,-40
   12370:	8f998310 	lw	t9,-31984(gp)
   12374:	afb10020 	sw	s1,32(sp)
   12378:	00808825 	move	s1,a0
   1237c:	2404012c 	li	a0,300
   12380:	afbf0024 	sw	ra,36(sp)
   12384:	afb0001c 	sw	s0,28(sp)
   12388:	afbc0010 	sw	gp,16(sp)
   1238c:	afa5002c 	sw	a1,44(sp)
   12390:	0320f809 	jalr	t9
   12394:	afa60030 	sw	a2,48(sp)
   12398:	240600ff 	li	a2,255
   1239c:	8fbc0010 	lw	gp,16(sp)
   123a0:	00408025 	move	s0,v0
   123a4:	ac510000 	sw	s1,0(v0)
   123a8:	2604000c 	addiu	a0,s0,12
   123ac:	8fa2002c 	lw	v0,44(sp)
   123b0:	8f858038 	lw	a1,-32712(gp)
   123b4:	8f99821c 	lw	t9,-32228(gp)
   123b8:	ae020004 	sw	v0,4(s0)
   123bc:	8fa20030 	lw	v0,48(sp)
   123c0:	24a57544 	addiu	a1,a1,30020
   123c4:	0320f809 	jalr	t9
   123c8:	ae020008 	sw	v0,8(s0)
   123cc:	8fbc0010 	lw	gp,16(sp)
   123d0:	a200010b 	sb	zero,267(s0)
   123d4:	ae00010c 	sw	zero,268(s0)
   123d8:	ae000110 	sw	zero,272(s0)
   123dc:	ae000114 	sw	zero,276(s0)
   123e0:	ae000118 	sw	zero,280(s0)
   123e4:	ae00011c 	sw	zero,284(s0)
   123e8:	ae000120 	sw	zero,288(s0)
   123ec:	ae000124 	sw	zero,292(s0)
   123f0:	a2000128 	sb	zero,296(s0)
   123f4:	8f918028 	lw	s1,-32728(gp)
   123f8:	8f998160 	lw	t9,-32416(gp)
   123fc:	0320f809 	jalr	t9
   12400:	262494e0 	addiu	a0,s1,-27424
   12404:	262494e0 	addiu	a0,s1,-27424
   12408:	8fbc0010 	lw	gp,16(sp)
   1240c:	8f838028 	lw	v1,-32728(gp)
   12410:	8f998178 	lw	t9,-32392(gp)
   12414:	8c6294dc 	lw	v0,-27428(v1)
   12418:	24420001 	addiu	v0,v0,1
   1241c:	0320f809 	jalr	t9
   12420:	ac6294dc 	sw	v0,-27428(v1)
   12424:	02001025 	move	v0,s0
   12428:	8fbf0024 	lw	ra,36(sp)
   1242c:	8fb10020 	lw	s1,32(sp)
   12430:	8fb0001c 	lw	s0,28(sp)
   12434:	03e00008 	jr	ra
   12438:	27bd0028 	addiu	sp,sp,40
   1243c:	3c1c0001 	lui	gp,0x1
   12440:	279cebc4 	addiu	gp,gp,-5180
   12444:	0399e021 	addu	gp,gp,t9
   12448:	27bdfd98 	addiu	sp,sp,-616
   1244c:	8f9982cc 	lw	t9,-32052(gp)
   12450:	27a50228 	addiu	a1,sp,552
   12454:	afb10244 	sw	s1,580(sp)
   12458:	00808825 	move	s1,a0
   1245c:	24040001 	li	a0,1
   12460:	afbc0010 	sw	gp,16(sp)
   12464:	afbf0264 	sw	ra,612(sp)
   12468:	afb60258 	sw	s6,600(sp)
   1246c:	afb50254 	sw	s5,596(sp)
   12470:	afb40250 	sw	s4,592(sp)
   12474:	afb3024c 	sw	s3,588(sp)
   12478:	27b30018 	addiu	s3,sp,24
   1247c:	afb20248 	sw	s2,584(sp)
   12480:	27b20218 	addiu	s2,sp,536
   12484:	afb00240 	sw	s0,576(sp)
   12488:	afbe0260 	sw	s8,608(sp)
   1248c:	0320f809 	jalr	t9
   12490:	afb7025c 	sw	s7,604(sp)
   12494:	8fbc0010 	lw	gp,16(sp)
   12498:	8fa2022c 	lw	v0,556(sp)
   1249c:	8fb40228 	lw	s4,552(sp)
   124a0:	8f908028 	lw	s0,-32728(gp)
   124a4:	8f998160 	lw	t9,-32416(gp)
   124a8:	afa20230 	sw	v0,560(sp)
   124ac:	0320f809 	jalr	t9
   124b0:	260494e0 	addiu	a0,s0,-27424
   124b4:	8fbc0010 	lw	gp,16(sp)
   124b8:	8f958028 	lw	s5,-32728(gp)
   124bc:	92a294d8 	lbu	v0,-27432(s5)
   124c0:	14400027 	bnez	v0,12560 <main@@Base+0x10220>
   124c4:	8f968028 	lw	s6,-32728(gp)
   124c8:	8f9982cc 	lw	t9,-32052(gp)
   124cc:	00002025 	move	a0,zero
   124d0:	0320f809 	jalr	t9
   124d4:	02402825 	move	a1,s2
   124d8:	24040001 	li	a0,1
   124dc:	8fbc0010 	lw	gp,16(sp)
   124e0:	8f9982cc 	lw	t9,-32052(gp)
   124e4:	0320f809 	jalr	t9
   124e8:	02602825 	move	a1,s3
   124ec:	3c063b9a 	lui	a2,0x3b9a
   124f0:	8fa4021c 	lw	a0,540(sp)
   124f4:	34c6ca00 	ori	a2,a2,0xca00
   124f8:	8fa7001c 	lw	a3,28(sp)
   124fc:	8fbc0010 	lw	gp,16(sp)
   12500:	00801025 	move	v0,a0
   12504:	00400013 	mtlo	v0
   12508:	00041fc3 	sra	v1,a0,0x1f
   1250c:	8fa40218 	lw	a0,536(sp)
   12510:	00072fc3 	sra	a1,a3,0x1f
   12514:	00600011 	mthi	v1
   12518:	70860000 	madd	a0,a2
   1251c:	00e02025 	move	a0,a3
   12520:	8fa70018 	lw	a3,24(sp)
   12524:	00001012 	mflo	v0
   12528:	00001810 	mfhi	v1
   1252c:	00800013 	mtlo	a0
   12530:	00a00011 	mthi	a1
   12534:	70e60000 	madd	a3,a2
   12538:	00004012 	mflo	t0
   1253c:	00004810 	mfhi	t1
   12540:	00482023 	subu	a0,v0,t0
   12544:	0044302b 	sltu	a2,v0,a0
   12548:	aec494d0 	sw	a0,-27440(s6)
   1254c:	00691023 	subu	v0,v1,t1
   12550:	00461023 	subu	v0,v0,a2
   12554:	aec294d4 	sw	v0,-27436(s6)
   12558:	24020001 	li	v0,1
   1255c:	a2a294d8 	sb	v0,-27432(s5)
   12560:	8f998178 	lw	t9,-32392(gp)
   12564:	260494e0 	addiu	a0,s0,-27424
   12568:	8ed594d0 	lw	s5,-27440(s6)
   1256c:	0320f809 	jalr	t9
   12570:	8ed694d4 	lw	s6,-27436(s6)
   12574:	3c063b9a 	lui	a2,0x3b9a
   12578:	8fa4022c 	lw	a0,556(sp)
   1257c:	00003825 	move	a3,zero
   12580:	8fa50228 	lw	a1,552(sp)
   12584:	34c6ca00 	ori	a2,a2,0xca00
   12588:	8fbc0010 	lw	gp,16(sp)
   1258c:	00801025 	move	v0,a0
   12590:	00400013 	mtlo	v0
   12594:	00041fc3 	sra	v1,a0,0x1f
   12598:	3c043b9a 	lui	a0,0x3b9a
   1259c:	8f998040 	lw	t9,-32704(gp)
   125a0:	3484ca00 	ori	a0,a0,0xca00
   125a4:	00600011 	mthi	v1
   125a8:	70a40000 	madd	a1,a0
   125ac:	00001012 	mflo	v0
   125b0:	00001810 	mfhi	v1
   125b4:	00558021 	addu	s0,v0,s5
   125b8:	0076b021 	addu	s6,v1,s6
   125bc:	0202a82b 	sltu	s5,s0,v0
   125c0:	02b62821 	addu	a1,s5,s6
   125c4:	0411058e 	bal	13c00 <main@@Base+0x118c0>
   125c8:	02002025 	move	a0,s0
   125cc:	3c0383aa 	lui	v1,0x83aa
   125d0:	8fbc0010 	lw	gp,16(sp)
   125d4:	3c063b9a 	lui	a2,0x3b9a
   125d8:	24637e80 	addiu	v1,v1,32384
   125dc:	02b62821 	addu	a1,s5,s6
   125e0:	00431021 	addu	v0,v0,v1
   125e4:	8f9980d8 	lw	t9,-32552(gp)
   125e8:	00003825 	move	a3,zero
   125ec:	02002025 	move	a0,s0
   125f0:	afa20234 	sw	v0,564(sp)
   125f4:	0411069a 	bal	14060 <main@@Base+0x11d20>
   125f8:	34c6ca00 	ori	a2,a2,0xca00
   125fc:	3c063b9a 	lui	a2,0x3b9a
   12600:	8fbc0010 	lw	gp,16(sp)
   12604:	00003825 	move	a3,zero
   12608:	00002025 	move	a0,zero
   1260c:	34c6ca00 	ori	a2,a2,0xca00
   12610:	8f99803c 	lw	t9,-32708(gp)
   12614:	041107a6 	bal	144b0 <main@@Base+0x12170>
   12618:	00402825 	move	a1,v0
   1261c:	8e300000 	lw	s0,0(s1)
   12620:	8fbc0010 	lw	gp,16(sp)
   12624:	afa20238 	sw	v0,568(sp)
   12628:	92020040 	lbu	v0,64(s0)
   1262c:	10400024 	beqz	v0,126c0 <main@@Base+0x10380>
   12630:	8e150004 	lw	s5,4(s0)
   12634:	8e1e0030 	lw	s8,48(s0)
   12638:	8e170038 	lw	s7,56(s0)
   1263c:	8e16003c 	lw	s6,60(s0)
   12640:	8fa40230 	lw	a0,560(sp)
   12644:	240603e8 	li	a2,1000
   12648:	8f99803c 	lw	t9,-32708(gp)
   1264c:	00003825 	move	a3,zero
   12650:	04110797 	bal	144b0 <main@@Base+0x12170>
   12654:	00042fc3 	sra	a1,a0,0x1f
   12658:	3c04000f 	lui	a0,0xf
   1265c:	00400013 	mtlo	v0
   12660:	8fbc0010 	lw	gp,16(sp)
   12664:	24844240 	addiu	a0,a0,16960
   12668:	3c06000f 	lui	a2,0xf
   1266c:	00003825 	move	a3,zero
   12670:	8f998040 	lw	t9,-32704(gp)
   12674:	34c64240 	ori	a2,a2,0x4240
   12678:	00600011 	mthi	v1
   1267c:	72840000 	madd	s4,a0
   12680:	00002012 	mflo	a0
   12684:	00002810 	mfhi	a1
   12688:	0097b823 	subu	s7,a0,s7
   1268c:	00b6b023 	subu	s6,a1,s6
   12690:	0097102b 	sltu	v0,a0,s7
   12694:	02c2b023 	subu	s6,s6,v0
   12698:	8e02000c 	lw	v0,12(s0)
   1269c:	02e20019 	multu	s7,v0
   126a0:	00002810 	mfhi	a1
   126a4:	00002012 	mflo	a0
   126a8:	72c21802 	mul	v1,s6,v0
   126ac:	04110554 	bal	13c00 <main@@Base+0x118c0>
   126b0:	00652821 	addu	a1,v1,a1
   126b4:	8fbc0010 	lw	gp,16(sp)
   126b8:	10000006 	b	126d4 <main@@Base+0x10394>
   126bc:	03c2f021 	addu	s8,s8,v0
   126c0:	8e170028 	lw	s7,40(s0)
   126c4:	8e16002c 	lw	s6,44(s0)
   126c8:	02f61025 	or	v0,s7,s6
   126cc:	1440ffdc 	bnez	v0,12640 <main@@Base+0x10300>
   126d0:	8e1e0020 	lw	s8,32(s0)
   126d4:	8e170018 	lw	s7,24(s0)
   126d8:	3c020600 	lui	v0,0x600
   126dc:	8e16001c 	lw	s6,28(s0)
   126e0:	27a4001c 	addiu	a0,sp,28
   126e4:	8f908038 	lw	s0,-32712(gp)
   126e8:	3442c880 	ori	v0,v0,0xc880
   126ec:	02a02825 	move	a1,s5
   126f0:	26191450 	addiu	t9,s0,5200
   126f4:	0320f809 	jalr	t9
   126f8:	afa20018 	sw	v0,24(sp)
   126fc:	26191450 	addiu	t9,s0,5200
   12700:	8fa50234 	lw	a1,564(sp)
   12704:	0320f809 	jalr	t9
   12708:	00402025 	move	a0,v0
   1270c:	26191450 	addiu	t9,s0,5200
   12710:	8fa50238 	lw	a1,568(sp)
   12714:	0320f809 	jalr	t9
   12718:	00402025 	move	a0,v0
   1271c:	26191450 	addiu	t9,s0,5200
   12720:	03c02825 	move	a1,s8
   12724:	0320f809 	jalr	t9
   12728:	00402025 	move	a0,v0
   1272c:	26191450 	addiu	t9,s0,5200
   12730:	02e02825 	move	a1,s7
   12734:	0320f809 	jalr	t9
   12738:	00402025 	move	a0,v0
   1273c:	26191450 	addiu	t9,s0,5200
   12740:	02c02825 	move	a1,s6
   12744:	0320f809 	jalr	t9
   12748:	00402025 	move	a0,v0
   1274c:	2624000c 	addiu	a0,s1,12
   12750:	8fbc0010 	lw	gp,16(sp)
   12754:	8f99810c 	lw	t9,-32500(gp)
   12758:	0320f809 	jalr	t9
   1275c:	0040f025 	move	s8,v0
   12760:	2403ff81 	li	v1,-127
   12764:	0040b825 	move	s7,v0
   12768:	2442000a 	addiu	v0,v0,10
   1276c:	a3c30000 	sb	v1,0(s8)
   12770:	2403ffca 	li	v1,-54
   12774:	0040b025 	move	s6,v0
   12778:	00021082 	srl	v0,v0,0x2
   1277c:	a3c30001 	sb	v1,1(s8)
   12780:	27c40004 	addiu	a0,s8,4
   12784:	7c0210a0 	wsbh	v0,v0
   12788:	26191450 	addiu	t9,s0,5200
   1278c:	a7a20218 	sh	v0,536(sp)
   12790:	02a02825 	move	a1,s5
   12794:	a3c20002 	sb	v0,2(s8)
   12798:	7c160804 	ins	s6,zero,0x0,0x2
   1279c:	92420001 	lbu	v0,1(s2)
   127a0:	02d78023 	subu	s0,s6,s7
   127a4:	a3c20003 	sb	v0,3(s8)
   127a8:	0320f809 	jalr	t9
   127ac:	2610fffa 	addiu	s0,s0,-6
   127b0:	24030001 	li	v1,1
   127b4:	8fbc0010 	lw	gp,16(sp)
   127b8:	2625000c 	addiu	a1,s1,12
   127bc:	24440002 	addiu	a0,v0,2
   127c0:	a0430000 	sb	v1,0(v0)
   127c4:	02e03025 	move	a2,s7
   127c8:	8f998120 	lw	t9,-32480(gp)
   127cc:	0320f809 	jalr	t9
   127d0:	a0570001 	sb	s7,1(v0)
   127d4:	00002825 	move	a1,zero
   127d8:	8fbc0010 	lw	gp,16(sp)
   127dc:	00572021 	addu	a0,v0,s7
   127e0:	8f99831c 	lw	t9,-31972(gp)
   127e4:	0320f809 	jalr	t9
   127e8:	02003025 	move	a2,s0
   127ec:	24060001 	li	a2,1
   127f0:	00502021 	addu	a0,v0,s0
   127f4:	afb30218 	sw	s3,536(sp)
   127f8:	24020001 	li	v0,1
   127fc:	afb20220 	sw	s2,544(sp)
   12800:	00932023 	subu	a0,a0,s3
   12804:	afa20224 	sw	v0,548(sp)
   12808:	02402825 	move	a1,s2
   1280c:	afa4021c 	sw	a0,540(sp)
   12810:	8e220008 	lw	v0,8(s1)
   12814:	8c590000 	lw	t9,0(v0)
   12818:	0320f809 	jalr	t9
   1281c:	8e240004 	lw	a0,4(s1)
   12820:	8fbf0264 	lw	ra,612(sp)
   12824:	8fbe0260 	lw	s8,608(sp)
   12828:	8fb7025c 	lw	s7,604(sp)
   1282c:	8fb60258 	lw	s6,600(sp)
   12830:	8fb50254 	lw	s5,596(sp)
   12834:	8fb40250 	lw	s4,592(sp)
   12838:	8fb3024c 	lw	s3,588(sp)
   1283c:	8fb20248 	lw	s2,584(sp)
   12840:	8fb10244 	lw	s1,580(sp)
   12844:	8fb00240 	lw	s0,576(sp)
   12848:	03e00008 	jr	ra
   1284c:	27bd0268 	addiu	sp,sp,616
   12850:	3c1c0001 	lui	gp,0x1
   12854:	279ce7b0 	addiu	gp,gp,-6224
   12858:	0399e021 	addu	gp,gp,t9
   1285c:	8c830000 	lw	v1,0(a0)
   12860:	27bdffc0 	addiu	sp,sp,-64
   12864:	8f998038 	lw	t9,-32712(gp)
   12868:	3c020100 	lui	v0,0x100
   1286c:	afb00034 	sw	s0,52(sp)
   12870:	3442cb81 	ori	v0,v0,0xcb81
   12874:	afbf003c 	sw	ra,60(sp)
   12878:	00808025 	move	s0,a0
   1287c:	afb10038 	sw	s1,56(sp)
   12880:	27a4002c 	addiu	a0,sp,44
   12884:	afbc0010 	sw	gp,16(sp)
   12888:	27391450 	addiu	t9,t9,5200
   1288c:	afa20028 	sw	v0,40(sp)
   12890:	27b10028 	addiu	s1,sp,40
   12894:	0411faee 	bal	11450 <main@@Base+0xf110>
   12898:	8c650004 	lw	a1,4(v1)
   1289c:	27a50018 	addiu	a1,sp,24
   128a0:	00511023 	subu	v0,v0,s1
   128a4:	8e040004 	lw	a0,4(s0)
   128a8:	afb10018 	sw	s1,24(sp)
   128ac:	afa2001c 	sw	v0,28(sp)
   128b0:	24020001 	li	v0,1
   128b4:	afa50020 	sw	a1,32(sp)
   128b8:	afa20024 	sw	v0,36(sp)
   128bc:	8e020008 	lw	v0,8(s0)
   128c0:	8c590000 	lw	t9,0(v0)
   128c4:	0320f809 	jalr	t9
   128c8:	24060001 	li	a2,1
   128cc:	8fbf003c 	lw	ra,60(sp)
   128d0:	8fb10038 	lw	s1,56(sp)
   128d4:	8fb00034 	lw	s0,52(sp)
   128d8:	03e00008 	jr	ra
   128dc:	27bd0040 	addiu	sp,sp,64
   128e0:	3c1c0001 	lui	gp,0x1
   128e4:	279ce720 	addiu	gp,gp,-6368
   128e8:	0399e021 	addu	gp,gp,t9
   128ec:	2cc20004 	sltiu	v0,a2,4
   128f0:	1440003a 	bnez	v0,129dc <main@@Base+0x1069c>
   128f4:	24030002 	li	v1,2
   128f8:	27bdffd8 	addiu	sp,sp,-40
   128fc:	90a20000 	lbu	v0,0(a1)
   12900:	afb1001c 	sw	s1,28(sp)
   12904:	00808825 	move	s1,a0
   12908:	00022182 	srl	a0,v0,0x6
   1290c:	afbc0010 	sw	gp,16(sp)
   12910:	afb00018 	sw	s0,24(sp)
   12914:	00a08025 	move	s0,a1
   12918:	afbf0024 	sw	ra,36(sp)
   1291c:	14830029 	bne	a0,v1,129c4 <main@@Base+0x10684>
   12920:	afb20020 	sw	s2,32(sp)
   12924:	90a40001 	lbu	a0,1(a1)
   12928:	240300c9 	li	v1,201
   1292c:	14830025 	bne	a0,v1,129c4 <main@@Base+0x10684>
   12930:	3042001f 	andi	v0,v0,0x1f
   12934:	10400023 	beqz	v0,129c4 <main@@Base+0x10684>
   12938:	2cc60020 	sltiu	a2,a2,32
   1293c:	14c00021 	bnez	a2,129c4 <main@@Base+0x10684>
   12940:	8f928038 	lw	s2,-32712(gp)
   12944:	265914a0 	addiu	t9,s2,5280
   12948:	0320f809 	jalr	t9
   1294c:	24a40008 	addiu	a0,a1,8
   12950:	26040010 	addiu	a0,s0,16
   12954:	9203000e 	lbu	v1,14(s0)
   12958:	265914a0 	addiu	t9,s2,5280
   1295c:	ae22010c 	sw	v0,268(s1)
   12960:	9202000c 	lbu	v0,12(s0)
   12964:	00031a00 	sll	v1,v1,0x8
   12968:	a2220110 	sb	v0,272(s1)
   1296c:	9202000d 	lbu	v0,13(s0)
   12970:	00021400 	sll	v0,v0,0x10
   12974:	00431025 	or	v0,v0,v1
   12978:	9203000f 	lbu	v1,15(s0)
   1297c:	00431025 	or	v0,v0,v1
   12980:	0320f809 	jalr	t9
   12984:	ae220114 	sw	v0,276(s1)
   12988:	26040014 	addiu	a0,s0,20
   1298c:	265914a0 	addiu	t9,s2,5280
   12990:	0320f809 	jalr	t9
   12994:	ae220118 	sw	v0,280(s1)
   12998:	26040018 	addiu	a0,s0,24
   1299c:	265914a0 	addiu	t9,s2,5280
   129a0:	0320f809 	jalr	t9
   129a4:	ae22011c 	sw	v0,284(s1)
   129a8:	2604001c 	addiu	a0,s0,28
   129ac:	265914a0 	addiu	t9,s2,5280
   129b0:	0320f809 	jalr	t9
   129b4:	ae220120 	sw	v0,288(s1)
   129b8:	ae220124 	sw	v0,292(s1)
   129bc:	24020001 	li	v0,1
   129c0:	a2220128 	sb	v0,296(s1)
   129c4:	8fbf0024 	lw	ra,36(sp)
   129c8:	8fb20020 	lw	s2,32(sp)
   129cc:	8fb1001c 	lw	s1,28(sp)
   129d0:	8fb00018 	lw	s0,24(sp)
   129d4:	03e00008 	jr	ra
   129d8:	27bd0028 	addiu	sp,sp,40
   129dc:	03e00008 	jr	ra
   129e0:	00000000 	nop
   129e4:	3c1c0001 	lui	gp,0x1
   129e8:	279ce61c 	addiu	gp,gp,-6628
   129ec:	0399e021 	addu	gp,gp,t9
   129f0:	27bdff90 	addiu	sp,sp,-112
   129f4:	afbc0010 	sw	gp,16(sp)
   129f8:	afb60060 	sw	s6,96(sp)
   129fc:	afb5005c 	sw	s5,92(sp)
   12a00:	afb20050 	sw	s2,80(sp)
   12a04:	00c09025 	move	s2,a2
   12a08:	afbf006c 	sw	ra,108(sp)
   12a0c:	00e03025 	move	a2,a3
   12a10:	afbe0068 	sw	s8,104(sp)
   12a14:	afb70064 	sw	s7,100(sp)
   12a18:	afb40058 	sw	s4,88(sp)
   12a1c:	afb30054 	sw	s3,84(sp)
   12a20:	afb1004c 	sw	s1,76(sp)
   12a24:	afb00048 	sw	s0,72(sp)
   12a28:	8fb60080 	lw	s6,128(sp)
   12a2c:	14a00039 	bnez	a1,12b14 <main@@Base+0x107d4>
   12a30:	8fb50084 	lw	s5,132(sp)
   12a34:	00004025 	move	t0,zero
   12a38:	24050002 	li	a1,2
   12a3c:	10000021 	b	12ac4 <main@@Base+0x10784>
   12a40:	240700c8 	li	a3,200
   12a44:	90620000 	lbu	v0,0(v1)
   12a48:	00021182 	srl	v0,v0,0x6
   12a4c:	14450021 	bne	v0,a1,12ad4 <main@@Base+0x10794>
   12a50:	00000000 	nop
   12a54:	90620002 	lbu	v0,2(v1)
   12a58:	90690003 	lbu	t1,3(v1)
   12a5c:	00021200 	sll	v0,v0,0x8
   12a60:	00491025 	or	v0,v0,t1
   12a64:	24420001 	addiu	v0,v0,1
   12a68:	00021080 	sll	v0,v0,0x2
   12a6c:	01024021 	addu	t0,t0,v0
   12a70:	00c8482b 	sltu	t1,a2,t0
   12a74:	15200017 	bnez	t1,12ad4 <main@@Base+0x10794>
   12a78:	00000000 	nop
   12a7c:	90690001 	lbu	t1,1(v1)
   12a80:	15270010 	bne	t1,a3,12ac4 <main@@Base+0x10784>
   12a84:	2c420014 	sltiu	v0,v0,20
   12a88:	1440000e 	bnez	v0,12ac4 <main@@Base+0x10784>
   12a8c:	00000000 	nop
   12a90:	9062000a 	lbu	v0,10(v1)
   12a94:	9069000b 	lbu	t1,11(v1)
   12a98:	00021600 	sll	v0,v0,0x18
   12a9c:	00094c00 	sll	t1,t1,0x10
   12aa0:	00491025 	or	v0,v0,t1
   12aa4:	9069000d 	lbu	t1,13(v1)
   12aa8:	9063000c 	lbu	v1,12(v1)
   12aac:	ac960048 	sw	s6,72(a0)
   12ab0:	00491025 	or	v0,v0,t1
   12ab4:	ac95004c 	sw	s5,76(a0)
   12ab8:	00031a00 	sll	v1,v1,0x8
   12abc:	00431025 	or	v0,v0,v1
   12ac0:	ac820044 	sw	v0,68(a0)
   12ac4:	25020008 	addiu	v0,t0,8
   12ac8:	00c2102b 	sltu	v0,a2,v0
   12acc:	1040ffdd 	beqz	v0,12a44 <main@@Base+0x10704>
   12ad0:	02481821 	addu	v1,s2,t0
   12ad4:	8c840000 	lw	a0,0(a0)
   12ad8:	108000af 	beqz	a0,12d98 <main@@Base+0x10a58>
   12adc:	02402825 	move	a1,s2
   12ae0:	8fbf006c 	lw	ra,108(sp)
   12ae4:	8fbe0068 	lw	s8,104(sp)
   12ae8:	8fb70064 	lw	s7,100(sp)
   12aec:	8fb60060 	lw	s6,96(sp)
   12af0:	8fb5005c 	lw	s5,92(sp)
   12af4:	8fb40058 	lw	s4,88(sp)
   12af8:	8fb30054 	lw	s3,84(sp)
   12afc:	8fb20050 	lw	s2,80(sp)
   12b00:	8fb1004c 	lw	s1,76(sp)
   12b04:	8fb00048 	lw	s0,72(sp)
   12b08:	8f9980c0 	lw	t9,-32576(gp)
   12b0c:	1000ff74 	b	128e0 <main@@Base+0x105a0>
   12b10:	27bd0070 	addiu	sp,sp,112
   12b14:	2ce2000c 	sltiu	v0,a3,12
   12b18:	1440009f 	bnez	v0,12d98 <main@@Base+0x10a58>
   12b1c:	24020002 	li	v0,2
   12b20:	92540000 	lbu	s4,0(s2)
   12b24:	00141982 	srl	v1,s4,0x6
   12b28:	1462009b 	bne	v1,v0,12d98 <main@@Base+0x10a58>
   12b2c:	24060004 	li	a2,4
   12b30:	92420002 	lbu	v0,2(s2)
   12b34:	8f998120 	lw	t9,-32480(gp)
   12b38:	26450004 	addiu	a1,s2,4
   12b3c:	00808025 	move	s0,a0
   12b40:	92570001 	lbu	s7,1(s2)
   12b44:	a3a2001e 	sb	v0,30(sp)
   12b48:	27a40020 	addiu	a0,sp,32
   12b4c:	92420003 	lbu	v0,3(s2)
   12b50:	00e09825 	move	s3,a3
   12b54:	0320f809 	jalr	t9
   12b58:	a3a2001f 	sb	v0,31(sp)
   12b5c:	24060004 	li	a2,4
   12b60:	8fbc0010 	lw	gp,16(sp)
   12b64:	26450008 	addiu	a1,s2,8
   12b68:	8f998120 	lw	t9,-32480(gp)
   12b6c:	0320f809 	jalr	t9
   12b70:	27a40024 	addiu	a0,sp,36
   12b74:	3282000f 	andi	v0,s4,0xf
   12b78:	00021080 	sll	v0,v0,0x2
   12b7c:	2451000c 	addiu	s1,v0,12
   12b80:	0271182b 	sltu	v1,s3,s1
   12b84:	14600084 	bnez	v1,12d98 <main@@Base+0x10a58>
   12b88:	8fbc0010 	lw	gp,16(sp)
   12b8c:	7e940100 	ext	s4,s4,0x4,0x1
   12b90:	12800013 	beqz	s4,12be0 <main@@Base+0x108a0>
   12b94:	02518821 	addu	s1,s2,s1
   12b98:	24420010 	addiu	v0,v0,16
   12b9c:	0262102b 	sltu	v0,s3,v0
   12ba0:	1440007e 	bnez	v0,12d9c <main@@Base+0x10a5c>
   12ba4:	8fbf006c 	lw	ra,108(sp)
   12ba8:	92220002 	lbu	v0,2(s1)
   12bac:	26310004 	addiu	s1,s1,4
   12bb0:	a3a2002e 	sb	v0,46(sp)
   12bb4:	9222ffff 	lbu	v0,-1(s1)
   12bb8:	02321823 	subu	v1,s1,s2
   12bbc:	a3a2002f 	sb	v0,47(sp)
   12bc0:	97a2002e 	lhu	v0,46(sp)
   12bc4:	7c0210a0 	wsbh	v0,v0
   12bc8:	3042ffff 	andi	v0,v0,0xffff
   12bcc:	00021080 	sll	v0,v0,0x2
   12bd0:	00621821 	addu	v1,v1,v0
   12bd4:	0263182b 	sltu	v1,s3,v1
   12bd8:	1460006f 	bnez	v1,12d98 <main@@Base+0x10a58>
   12bdc:	02228821 	addu	s1,s1,v0
   12be0:	02329023 	subu	s2,s1,s2
   12be4:	0640006c 	bltz	s2,12d98 <main@@Base+0x10a58>
   12be8:	8fb40024 	lw	s4,36(sp)
   12bec:	97a3001e 	lhu	v1,30(sp)
   12bf0:	8fbe0020 	lw	s8,32(sp)
   12bf4:	92020010 	lbu	v0,16(s0)
   12bf8:	7c14a0a0 	wsbh	s4,s4
   12bfc:	7c0318a0 	wsbh	v1,v1
   12c00:	7c1ef0a0 	wsbh	s8,s8
   12c04:	0034a402 	ror	s4,s4,0x10
   12c08:	003ef402 	ror	s8,s8,0x10
   12c0c:	10400004 	beqz	v0,12c20 <main@@Base+0x108e0>
   12c10:	3067ffff 	andi	a3,v1,0xffff
   12c14:	8e020014 	lw	v0,20(s0)
   12c18:	12820010 	beq	s4,v0,12c5c <main@@Base+0x1091c>
   12c1c:	00000000 	nop
   12c20:	8f99831c 	lw	t9,-31972(gp)
   12c24:	2406003f 	li	a2,63
   12c28:	00002825 	move	a1,zero
   12c2c:	a7a30044 	sh	v1,68(sp)
   12c30:	26040011 	addiu	a0,s0,17
   12c34:	0320f809 	jalr	t9
   12c38:	afa70040 	sw	a3,64(sp)
   12c3c:	24020001 	li	v0,1
   12c40:	8fa70040 	lw	a3,64(sp)
   12c44:	97a30044 	lhu	v1,68(sp)
   12c48:	8fbc0010 	lw	gp,16(sp)
   12c4c:	a2020010 	sb	v0,16(s0)
   12c50:	ae140014 	sw	s4,20(s0)
   12c54:	ae070020 	sw	a3,32(s0)
   12c58:	a6030018 	sh	v1,24(s0)
   12c5c:	96040018 	lhu	a0,24(s0)
   12c60:	00e41023 	subu	v0,a3,a0
   12c64:	7c021620 	seh	v0,v0
   12c68:	04400007 	bltz	v0,12c88 <main@@Base+0x10948>
   12c6c:	00e4382b 	sltu	a3,a3,a0
   12c70:	10e00004 	beqz	a3,12c84 <main@@Base+0x10944>
   12c74:	3c040001 	lui	a0,0x1
   12c78:	8e02001c 	lw	v0,28(s0)
   12c7c:	00441021 	addu	v0,v0,a0
   12c80:	ae02001c 	sw	v0,28(s0)
   12c84:	a6030018 	sh	v1,24(s0)
   12c88:	8e020024 	lw	v0,36(s0)
   12c8c:	24420001 	addiu	v0,v0,1
   12c90:	1ea00005 	bgtz	s5,12ca8 <main@@Base+0x10968>
   12c94:	ae020024 	sw	v0,36(s0)
   12c98:	16a00027 	bnez	s5,12d38 <main@@Base+0x109f8>
   12c9c:	00000000 	nop
   12ca0:	12c00025 	beqz	s6,12d38 <main@@Base+0x109f8>
   12ca4:	00000000 	nop
   12ca8:	8e020050 	lw	v0,80(s0)
   12cac:	3c06000f 	lui	a2,0xf
   12cb0:	8f998040 	lw	t9,-32704(gp)
   12cb4:	00003825 	move	a3,zero
   12cb8:	34c64240 	ori	a2,a2,0x4240
   12cbc:	00560019 	multu	v0,s6
   12cc0:	00002810 	mfhi	a1
   12cc4:	00002012 	mflo	a0
   12cc8:	72a21802 	mul	v1,s5,v0
   12ccc:	041103cc 	bal	13c00 <main@@Base+0x118c0>
   12cd0:	00652821 	addu	a1,v1,a1
   12cd4:	005e3023 	subu	a2,v0,s8
   12cd8:	0046102b 	sltu	v0,v0,a2
   12cdc:	00622823 	subu	a1,v1,v0
   12ce0:	92020040 	lbu	v0,64(s0)
   12ce4:	10400010 	beqz	v0,12d28 <main@@Base+0x109e8>
   12ce8:	8fbc0010 	lw	gp,16(sp)
   12cec:	8e020038 	lw	v0,56(s0)
   12cf0:	8e03003c 	lw	v1,60(s0)
   12cf4:	8e040030 	lw	a0,48(s0)
   12cf8:	00c21023 	subu	v0,a2,v0
   12cfc:	00a31823 	subu	v1,a1,v1
   12d00:	00c2382b 	sltu	a3,a2,v0
   12d04:	00671823 	subu	v1,v1,a3
   12d08:	00031fc3 	sra	v1,v1,0x1f
   12d0c:	00621026 	xor	v0,v1,v0
   12d10:	00431023 	subu	v0,v0,v1
   12d14:	24830008 	addiu	v1,a0,8
   12d18:	00031902 	srl	v1,v1,0x4
   12d1c:	00832023 	subu	a0,a0,v1
   12d20:	00822021 	addu	a0,a0,v0
   12d24:	ae040030 	sw	a0,48(s0)
   12d28:	24020001 	li	v0,1
   12d2c:	ae060038 	sw	a2,56(s0)
   12d30:	ae05003c 	sw	a1,60(s0)
   12d34:	a2020040 	sb	v0,64(s0)
   12d38:	8e040004 	lw	a0,4(s0)
   12d3c:	10800016 	beqz	a0,12d98 <main@@Base+0x10a58>
   12d40:	02729823 	subu	s3,s3,s2
   12d44:	8e020008 	lw	v0,8(s0)
   12d48:	8fbf006c 	lw	ra,108(sp)
   12d4c:	02803825 	move	a3,s4
   12d50:	8fb60060 	lw	s6,96(sp)
   12d54:	03c03025 	move	a2,s8
   12d58:	8fb5005c 	lw	s5,92(sp)
   12d5c:	32e5007f 	andi	a1,s7,0x7f
   12d60:	8fbe0068 	lw	s8,104(sp)
   12d64:	8fb70064 	lw	s7,100(sp)
   12d68:	8fb40058 	lw	s4,88(sp)
   12d6c:	8fb20050 	lw	s2,80(sp)
   12d70:	8fb00048 	lw	s0,72(sp)
   12d74:	afb10080 	sw	s1,128(sp)
   12d78:	afb30084 	sw	s3,132(sp)
   12d7c:	afb10034 	sw	s1,52(sp)
   12d80:	afb30038 	sw	s3,56(sp)
   12d84:	8fb1004c 	lw	s1,76(sp)
   12d88:	8fb30054 	lw	s3,84(sp)
   12d8c:	8c590000 	lw	t9,0(v0)
   12d90:	03200008 	jr	t9
   12d94:	27bd0070 	addiu	sp,sp,112
   12d98:	8fbf006c 	lw	ra,108(sp)
   12d9c:	8fbe0068 	lw	s8,104(sp)
   12da0:	8fb70064 	lw	s7,100(sp)
   12da4:	8fb60060 	lw	s6,96(sp)
   12da8:	8fb5005c 	lw	s5,92(sp)
   12dac:	8fb40058 	lw	s4,88(sp)
   12db0:	8fb30054 	lw	s3,84(sp)
   12db4:	8fb20050 	lw	s2,80(sp)
   12db8:	8fb1004c 	lw	s1,76(sp)
   12dbc:	8fb00048 	lw	s0,72(sp)
   12dc0:	03e00008 	jr	ra
   12dc4:	27bd0070 	addiu	sp,sp,112
   12dc8:	3c1c0001 	lui	gp,0x1
   12dcc:	279ce238 	addiu	gp,gp,-7624
   12dd0:	0399e021 	addu	gp,gp,t9
   12dd4:	27bdffb8 	addiu	sp,sp,-72
   12dd8:	2402ffff 	li	v0,-1
   12ddc:	8fa3005c 	lw	v1,92(sp)
   12de0:	afbc0010 	sw	gp,16(sp)
   12de4:	afb00024 	sw	s0,36(sp)
   12de8:	2c630038 	sltiu	v1,v1,56
   12dec:	afbf0044 	sw	ra,68(sp)
   12df0:	afb70040 	sw	s7,64(sp)
   12df4:	afb6003c 	sw	s6,60(sp)
   12df8:	afb50038 	sw	s5,56(sp)
   12dfc:	afb40034 	sw	s4,52(sp)
   12e00:	afb30030 	sw	s3,48(sp)
   12e04:	afb2002c 	sw	s2,44(sp)
   12e08:	afb10028 	sw	s1,40(sp)
   12e0c:	1460008b 	bnez	v1,1303c <main@@Base+0x10cfc>
   12e10:	8fb00058 	lw	s0,88(sp)
   12e14:	8c82001c 	lw	v0,28(a0)
   12e18:	00a0a825 	move	s5,a1
   12e1c:	94930018 	lhu	s3,24(a0)
   12e20:	00808825 	move	s1,a0
   12e24:	8c830020 	lw	v1,32(a0)
   12e28:	8c850024 	lw	a1,36(a0)
   12e2c:	02629821 	addu	s3,s3,v0
   12e30:	8e280028 	lw	t0,40(s1)
   12e34:	3c02ff80 	lui	v0,0xff80
   12e38:	02631823 	subu	v1,s3,v1
   12e3c:	24630001 	addiu	v1,v1,1
   12e40:	0065a023 	subu	s4,v1,a1
   12e44:	ae230028 	sw	v1,40(s1)
   12e48:	0282202a 	slt	a0,s4,v0
   12e4c:	0044a00b 	movn	s4,v0,a0
   12e50:	3c040080 	lui	a0,0x80
   12e54:	3c02007f 	lui	v0,0x7f
   12e58:	3442ffff 	ori	v0,v0,0xffff
   12e5c:	0284202a 	slt	a0,s4,a0
   12e60:	0044a00a 	movz	s4,v0,a0
   12e64:	00682023 	subu	a0,v1,t0
   12e68:	8e22002c 	lw	v0,44(s1)
   12e6c:	1468007e 	bne	v1,t0,13068 <main@@Base+0x10d28>
   12e70:	ae25002c 	sw	a1,44(s1)
   12e74:	00009025 	move	s2,zero
   12e78:	8e22004c 	lw	v0,76(s1)
   12e7c:	1c400083 	bgtz	v0,1308c <main@@Base+0x10d4c>
   12e80:	8e240048 	lw	a0,72(s1)
   12e84:	14400004 	bnez	v0,12e98 <main@@Base+0x10b58>
   12e88:	0000b025 	move	s6,zero
   12e8c:	14800080 	bnez	a0,13090 <main@@Base+0x10d50>
   12e90:	0047182a 	slt	v1,v0,a3
   12e94:	0000b025 	move	s6,zero
   12e98:	2402ffc9 	li	v0,-55
   12e9c:	8f998120 	lw	t9,-32480(gp)
   12ea0:	7c15a8a0 	wsbh	s5,s5
   12ea4:	a2000002 	sb	zero,2(s0)
   12ea8:	2417ff81 	li	s7,-127
   12eac:	a2020001 	sb	v0,1(s0)
   12eb0:	0035ac02 	ror	s5,s5,0x10
   12eb4:	24020007 	li	v0,7
   12eb8:	a2170000 	sb	s7,0(s0)
   12ebc:	24060004 	li	a2,4
   12ec0:	afb50018 	sw	s5,24(sp)
   12ec4:	27a50018 	addiu	a1,sp,24
   12ec8:	a2020003 	sb	v0,3(s0)
   12ecc:	26040004 	addiu	a0,s0,4
   12ed0:	0320f809 	jalr	t9
   12ed4:	00129600 	sll	s2,s2,0x18
   12ed8:	24060004 	li	a2,4
   12edc:	8e220014 	lw	v0,20(s1)
   12ee0:	27a50018 	addiu	a1,sp,24
   12ee4:	8fbc0010 	lw	gp,16(sp)
   12ee8:	26040008 	addiu	a0,s0,8
   12eec:	7e94b800 	ext	s4,s4,0x0,0x18
   12ef0:	7c0210a0 	wsbh	v0,v0
   12ef4:	02549025 	or	s2,s2,s4
   12ef8:	8f998120 	lw	t9,-32480(gp)
   12efc:	00221402 	ror	v0,v0,0x10
   12f00:	7c1290a0 	wsbh	s2,s2
   12f04:	afa20018 	sw	v0,24(sp)
   12f08:	0320f809 	jalr	t9
   12f0c:	7c1398a0 	wsbh	s3,s3
   12f10:	00329402 	ror	s2,s2,0x10
   12f14:	8fbc0010 	lw	gp,16(sp)
   12f18:	24060004 	li	a2,4
   12f1c:	27a50018 	addiu	a1,sp,24
   12f20:	afb20018 	sw	s2,24(sp)
   12f24:	2604000c 	addiu	a0,s0,12
   12f28:	00339c02 	ror	s3,s3,0x10
   12f2c:	8f998120 	lw	t9,-32480(gp)
   12f30:	7c16b0a0 	wsbh	s6,s6
   12f34:	0320f809 	jalr	t9
   12f38:	0036b402 	ror	s6,s6,0x10
   12f3c:	24060004 	li	a2,4
   12f40:	8fbc0010 	lw	gp,16(sp)
   12f44:	27a50018 	addiu	a1,sp,24
   12f48:	26040010 	addiu	a0,s0,16
   12f4c:	8f998120 	lw	t9,-32480(gp)
   12f50:	0320f809 	jalr	t9
   12f54:	afb30018 	sw	s3,24(sp)
   12f58:	24060004 	li	a2,4
   12f5c:	8e220030 	lw	v0,48(s1)
   12f60:	27a50018 	addiu	a1,sp,24
   12f64:	8fbc0010 	lw	gp,16(sp)
   12f68:	26040014 	addiu	a0,s0,20
   12f6c:	00021102 	srl	v0,v0,0x4
   12f70:	7c0210a0 	wsbh	v0,v0
   12f74:	8f998120 	lw	t9,-32480(gp)
   12f78:	00221402 	ror	v0,v0,0x10
   12f7c:	0320f809 	jalr	t9
   12f80:	afa20018 	sw	v0,24(sp)
   12f84:	24060004 	li	a2,4
   12f88:	8e220044 	lw	v0,68(s1)
   12f8c:	27a50018 	addiu	a1,sp,24
   12f90:	8fbc0010 	lw	gp,16(sp)
   12f94:	26040018 	addiu	a0,s0,24
   12f98:	7c0210a0 	wsbh	v0,v0
   12f9c:	8f998120 	lw	t9,-32480(gp)
   12fa0:	00221402 	ror	v0,v0,0x10
   12fa4:	0320f809 	jalr	t9
   12fa8:	afa20018 	sw	v0,24(sp)
   12fac:	24060004 	li	a2,4
   12fb0:	8fbc0010 	lw	gp,16(sp)
   12fb4:	27a50018 	addiu	a1,sp,24
   12fb8:	2604001c 	addiu	a0,s0,28
   12fbc:	8f998120 	lw	t9,-32480(gp)
   12fc0:	0320f809 	jalr	t9
   12fc4:	afb60018 	sw	s6,24(sp)
   12fc8:	2402ffca 	li	v0,-54
   12fcc:	8fbc0010 	lw	gp,16(sp)
   12fd0:	24060004 	li	a2,4
   12fd4:	a2020021 	sb	v0,33(s0)
   12fd8:	24020005 	li	v0,5
   12fdc:	27a50018 	addiu	a1,sp,24
   12fe0:	a2170020 	sb	s7,32(s0)
   12fe4:	26040024 	addiu	a0,s0,36
   12fe8:	a2000022 	sb	zero,34(s0)
   12fec:	a2020023 	sb	v0,35(s0)
   12ff0:	8f998120 	lw	t9,-32480(gp)
   12ff4:	0320f809 	jalr	t9
   12ff8:	afb50018 	sw	s5,24(sp)
   12ffc:	24020001 	li	v0,1
   13000:	8fbc0010 	lw	gp,16(sp)
   13004:	2406000a 	li	a2,10
   13008:	a2020028 	sb	v0,40(s0)
   1300c:	2402000a 	li	v0,10
   13010:	2604002a 	addiu	a0,s0,42
   13014:	a2020029 	sb	v0,41(s0)
   13018:	8f858038 	lw	a1,-32712(gp)
   1301c:	8f998120 	lw	t9,-32480(gp)
   13020:	0320f809 	jalr	t9
   13024:	24a57554 	addiu	a1,a1,30036
   13028:	24020035 	li	v0,53
   1302c:	a2000034 	sb	zero,52(s0)
   13030:	30430003 	andi	v1,v0,0x3
   13034:	1460002d 	bnez	v1,130ec <main@@Base+0x10dac>
   13038:	02021821 	addu	v1,s0,v0
   1303c:	8fbf0044 	lw	ra,68(sp)
   13040:	8fb70040 	lw	s7,64(sp)
   13044:	8fb6003c 	lw	s6,60(sp)
   13048:	8fb50038 	lw	s5,56(sp)
   1304c:	8fb40034 	lw	s4,52(sp)
   13050:	8fb30030 	lw	s3,48(sp)
   13054:	8fb2002c 	lw	s2,44(sp)
   13058:	8fb10028 	lw	s1,40(sp)
   1305c:	8fb00024 	lw	s0,36(sp)
   13060:	03e00008 	jr	ra
   13064:	27bd0048 	addiu	sp,sp,72
   13068:	00451023 	subu	v0,v0,a1
   1306c:	00441021 	addu	v0,v0,a0
   13070:	1840ff81 	blez	v0,12e78 <main@@Base+0x10b38>
   13074:	00009025 	move	s2,zero
   13078:	00021200 	sll	v0,v0,0x8
   1307c:	008001f4 	teq	a0,zero,0x7
   13080:	0044001b 	divu	zero,v0,a0
   13084:	1000ff7c 	b	12e78 <main@@Base+0x10b38>
   13088:	00009012 	mflo	s2
   1308c:	0047182a 	slt	v1,v0,a3
   13090:	14600006 	bnez	v1,130ac <main@@Base+0x10d6c>
   13094:	00000000 	nop
   13098:	14e2ff7f 	bne	a3,v0,12e98 <main@@Base+0x10b58>
   1309c:	0000b025 	move	s6,zero
   130a0:	0086182b 	sltu	v1,a0,a2
   130a4:	1060ff7c 	beqz	v1,12e98 <main@@Base+0x10b58>
   130a8:	00000000 	nop
   130ac:	00c42023 	subu	a0,a2,a0
   130b0:	8f998040 	lw	t9,-32704(gp)
   130b4:	00e21023 	subu	v0,a3,v0
   130b8:	00c4302b 	sltu	a2,a2,a0
   130bc:	00461023 	subu	v0,v0,a2
   130c0:	00042c02 	srl	a1,a0,0x10
   130c4:	00021400 	sll	v0,v0,0x10
   130c8:	3c06000f 	lui	a2,0xf
   130cc:	00003825 	move	a3,zero
   130d0:	00042400 	sll	a0,a0,0x10
   130d4:	00a22821 	addu	a1,a1,v0
   130d8:	041102c9 	bal	13c00 <main@@Base+0x118c0>
   130dc:	34c64240 	ori	a2,a2,0x4240
   130e0:	8fbc0010 	lw	gp,16(sp)
   130e4:	1000ff6c 	b	12e98 <main@@Base+0x10b58>
   130e8:	0040b025 	move	s6,v0
   130ec:	24420001 	addiu	v0,v0,1
   130f0:	1000ffcf 	b	13030 <main@@Base+0x10cf0>
   130f4:	a0600000 	sb	zero,0(v1)
   130f8:	3c1c0001 	lui	gp,0x1
   130fc:	279cdf08 	addiu	gp,gp,-8440
   13100:	0399e021 	addu	gp,gp,t9
   13104:	27bdf000 	addiu	sp,sp,-4096
   13108:	8f998070 	lw	t9,-32656(gp)
   1310c:	2402000d 	li	v0,13
   13110:	27a70fc4 	addiu	a3,sp,4036
   13114:	afb60ff0 	sw	s6,4080(sp)
   13118:	00a0b025 	move	s6,a1
   1311c:	afb50fec 	sw	s5,4076(sp)
   13120:	00c0a825 	move	s5,a2
   13124:	afb20fe0 	sw	s2,4064(sp)
   13128:	2406000d 	li	a2,13
   1312c:	8f858038 	lw	a1,-32712(gp)
   13130:	00809025 	move	s2,a0
   13134:	26a40014 	addiu	a0,s5,20
   13138:	afbc0018 	sw	gp,24(sp)
   1313c:	afb00fd8 	sw	s0,4056(sp)
   13140:	27b00020 	addiu	s0,sp,32
   13144:	24a57560 	addiu	a1,a1,30048
   13148:	afbf0ffc 	sw	ra,4092(sp)
   1314c:	afbe0ff8 	sw	s8,4088(sp)
   13150:	afb70ff4 	sw	s7,4084(sp)
   13154:	afb40fe8 	sw	s4,4072(sp)
   13158:	afb30fe4 	sw	s3,4068(sp)
   1315c:	afb10fdc 	sw	s1,4060(sp)
   13160:	afa50fbc 	sw	a1,4028(sp)
   13164:	0411e555 	bal	c6bc <main@@Base+0xa37c>
   13168:	afa20fc0 	sw	v0,4032(sp)
   1316c:	10400108 	beqz	v0,13590 <main@@Base+0x11250>
   13170:	8fbc0018 	lw	gp,24(sp)
   13174:	8fb10fc8 	lw	s1,4040(sp)
   13178:	2e220007 	sltiu	v0,s1,7
   1317c:	14400104 	bnez	v0,13590 <main@@Base+0x11250>
   13180:	24060007 	li	a2,7
   13184:	8f858038 	lw	a1,-32712(gp)
   13188:	8fbe0fc4 	lw	s8,4036(sp)
   1318c:	8f998258 	lw	t9,-32168(gp)
   13190:	24a57570 	addiu	a1,a1,30064
   13194:	0320f809 	jalr	t9
   13198:	03c02025 	move	a0,s8
   1319c:	144000fc 	bnez	v0,13590 <main@@Base+0x11250>
   131a0:	8fbc0018 	lw	gp,24(sp)
   131a4:	8f99831c 	lw	t9,-31972(gp)
   131a8:	24060100 	li	a2,256
   131ac:	00002825 	move	a1,zero
   131b0:	27a40c20 	addiu	a0,sp,3104
   131b4:	0320f809 	jalr	t9
   131b8:	27b40e20 	addiu	s4,sp,3616
   131bc:	24060080 	li	a2,128
   131c0:	8fbc0018 	lw	gp,24(sp)
   131c4:	00002825 	move	a1,zero
   131c8:	02802025 	move	a0,s4
   131cc:	27b30ee0 	addiu	s3,sp,3808
   131d0:	27b70820 	addiu	s7,sp,2080
   131d4:	8f99831c 	lw	t9,-31972(gp)
   131d8:	0320f809 	jalr	t9
   131dc:	2631fff9 	addiu	s1,s1,-7
   131e0:	2406002a 	li	a2,42
   131e4:	8fbc0018 	lw	gp,24(sp)
   131e8:	00002825 	move	a1,zero
   131ec:	8f99831c 	lw	t9,-31972(gp)
   131f0:	0320f809 	jalr	t9
   131f4:	02602025 	move	a0,s3
   131f8:	24060200 	li	a2,512
   131fc:	8fbc0018 	lw	gp,24(sp)
   13200:	00002825 	move	a1,zero
   13204:	8f99831c 	lw	t9,-31972(gp)
   13208:	0320f809 	jalr	t9
   1320c:	02e02025 	move	a0,s7
   13210:	24060021 	li	a2,33
   13214:	8fbc0018 	lw	gp,24(sp)
   13218:	00002825 	move	a1,zero
   1321c:	8f99831c 	lw	t9,-31972(gp)
   13220:	0320f809 	jalr	t9
   13224:	27a40f54 	addiu	a0,sp,3924
   13228:	240203ff 	li	v0,1023
   1322c:	8fbc0018 	lw	gp,24(sp)
   13230:	2e230400 	sltiu	v1,s1,1024
   13234:	0043880a 	movz	s1,v0,v1
   13238:	27c50007 	addiu	a1,s8,7
   1323c:	27a40420 	addiu	a0,sp,1056
   13240:	8f998120 	lw	t9,-32480(gp)
   13244:	02203025 	move	a2,s1
   13248:	0320f809 	jalr	t9
   1324c:	02118821 	addu	s1,s0,s1
   13250:	8fbc0018 	lw	gp,24(sp)
   13254:	a2200400 	sb	zero,1024(s1)
   13258:	27b10420 	addiu	s1,sp,1056
   1325c:	8f828038 	lw	v0,-32712(gp)
   13260:	8f9e8038 	lw	s8,-32712(gp)
   13264:	24426c38 	addiu	v0,v0,27704
   13268:	afa20fd0 	sw	v0,4048(sp)
   1326c:	8f828038 	lw	v0,-32712(gp)
   13270:	24427578 	addiu	v0,v0,30072
   13274:	afa20fd4 	sw	v0,4052(sp)
   13278:	24040020 	li	a0,32
   1327c:	2405002c 	li	a1,44
   13280:	24030009 	li	v1,9
   13284:	82220000 	lb	v0,0(s1)
   13288:	10440054 	beq	v0,a0,133dc <main@@Base+0x1109c>
   1328c:	00000000 	nop
   13290:	10450052 	beq	v0,a1,133dc <main@@Base+0x1109c>
   13294:	00000000 	nop
   13298:	10430050 	beq	v0,v1,133dc <main@@Base+0x1109c>
   1329c:	00000000 	nop
   132a0:	10400075 	beqz	v0,13478 <main@@Base+0x11138>
   132a4:	00001025 	move	v0,zero
   132a8:	2406003d 	li	a2,61
   132ac:	2405003f 	li	a1,63
   132b0:	27a70ea0 	addiu	a3,sp,3744
   132b4:	02221821 	addu	v1,s1,v0
   132b8:	80640000 	lb	a0,0(v1)
   132bc:	10800006 	beqz	a0,132d8 <main@@Base+0x10f98>
   132c0:	00000000 	nop
   132c4:	10860004 	beq	a0,a2,132d8 <main@@Base+0x10f98>
   132c8:	00000000 	nop
   132cc:	14450045 	bne	v0,a1,133e4 <main@@Base+0x110a4>
   132d0:	00000000 	nop
   132d4:	2402003f 	li	v0,63
   132d8:	02021021 	addu	v0,s0,v0
   132dc:	a0400e80 	sb	zero,3712(v0)
   132e0:	2402003d 	li	v0,61
   132e4:	14820064 	bne	a0,v0,13478 <main@@Base+0x11138>
   132e8:	24620001 	addiu	v0,v1,1
   132ec:	80640001 	lb	a0,1(v1)
   132f0:	24660002 	addiu	a2,v1,2
   132f4:	240701ff 	li	a3,511
   132f8:	38830022 	xori	v1,a0,0x22
   132fc:	0043300b 	movn	a2,v0,v1
   13300:	24080022 	li	t0,34
   13304:	00001025 	move	v0,zero
   13308:	2409002c 	li	t1,44
   1330c:	240a0020 	li	t2,32
   13310:	27ab0a20 	addiu	t3,sp,2592
   13314:	00c22821 	addu	a1,a2,v0
   13318:	80a30000 	lb	v1,0(a1)
   1331c:	10600039 	beqz	v1,13404 <main@@Base+0x110c4>
   13320:	00000000 	nop
   13324:	14470033 	bne	v0,a3,133f4 <main@@Base+0x110b4>
   13328:	00000000 	nop
   1332c:	10000035 	b	13404 <main@@Base+0x110c4>
   13330:	240201ff 	li	v0,511
   13334:	8f998334 	lw	t9,-31948(gp)
   13338:	27a40ea0 	addiu	a0,sp,3744
   1333c:	0320f809 	jalr	t9
   13340:	8fa50fd4 	lw	a1,4052(sp)
   13344:	14400005 	bnez	v0,1335c <main@@Base+0x1101c>
   13348:	8fbc0018 	lw	gp,24(sp)
   1334c:	2406007f 	li	a2,127
   13350:	27a50a20 	addiu	a1,sp,2592
   13354:	1000003b 	b	13444 <main@@Base+0x11104>
   13358:	02802025 	move	a0,s4
   1335c:	8f998334 	lw	t9,-31948(gp)
   13360:	27c57580 	addiu	a1,s8,30080
   13364:	0320f809 	jalr	t9
   13368:	27a40ea0 	addiu	a0,sp,3744
   1336c:	14400005 	bnez	v0,13384 <main@@Base+0x11044>
   13370:	8fbc0018 	lw	gp,24(sp)
   13374:	24060029 	li	a2,41
   13378:	27a50a20 	addiu	a1,sp,2592
   1337c:	10000031 	b	13444 <main@@Base+0x11104>
   13380:	02602025 	move	a0,s3
   13384:	8f858038 	lw	a1,-32712(gp)
   13388:	27a40ea0 	addiu	a0,sp,3744
   1338c:	8f998334 	lw	t9,-31948(gp)
   13390:	0320f809 	jalr	t9
   13394:	24a57588 	addiu	a1,a1,30088
   13398:	14400005 	bnez	v0,133b0 <main@@Base+0x11070>
   1339c:	8fbc0018 	lw	gp,24(sp)
   133a0:	240601ff 	li	a2,511
   133a4:	27a50a20 	addiu	a1,sp,2592
   133a8:	10000026 	b	13444 <main@@Base+0x11104>
   133ac:	02e02025 	move	a0,s7
   133b0:	8f858038 	lw	a1,-32712(gp)
   133b4:	27a40ea0 	addiu	a0,sp,3744
   133b8:	8f998334 	lw	t9,-31948(gp)
   133bc:	0320f809 	jalr	t9
   133c0:	24a5758c 	addiu	a1,a1,30092
   133c4:	1440ffac 	bnez	v0,13278 <main@@Base+0x10f38>
   133c8:	8fbc0018 	lw	gp,24(sp)
   133cc:	24060020 	li	a2,32
   133d0:	27a50a20 	addiu	a1,sp,2592
   133d4:	1000001b 	b	13444 <main@@Base+0x11104>
   133d8:	27a40f54 	addiu	a0,sp,3924
   133dc:	1000ffa9 	b	13284 <main@@Base+0x10f44>
   133e0:	26310001 	addiu	s1,s1,1
   133e4:	00e21821 	addu	v1,a3,v0
   133e8:	24420001 	addiu	v0,v0,1
   133ec:	1000ffb1 	b	132b4 <main@@Base+0x10f74>
   133f0:	a0640000 	sb	a0,0(v1)
   133f4:	14880018 	bne	a0,t0,13458 <main@@Base+0x11118>
   133f8:	00000000 	nop
   133fc:	1464001a 	bne	v1,a0,13468 <main@@Base+0x11128>
   13400:	00000000 	nop
   13404:	24b10001 	addiu	s1,a1,1
   13408:	8f998334 	lw	t9,-31948(gp)
   1340c:	00641826 	xor	v1,v1,a0
   13410:	00a3880b 	movn	s1,a1,v1
   13414:	02021021 	addu	v0,s0,v0
   13418:	38840022 	xori	a0,a0,0x22
   1341c:	a0400a00 	sb	zero,2560(v0)
   13420:	00a4880b 	movn	s1,a1,a0
   13424:	27a40ea0 	addiu	a0,sp,3744
   13428:	0320f809 	jalr	t9
   1342c:	8fa50fd0 	lw	a1,4048(sp)
   13430:	1440ffc0 	bnez	v0,13334 <main@@Base+0x10ff4>
   13434:	8fbc0018 	lw	gp,24(sp)
   13438:	240600ff 	li	a2,255
   1343c:	27a50a20 	addiu	a1,sp,2592
   13440:	27a40c20 	addiu	a0,sp,3104
   13444:	8f99821c 	lw	t9,-32228(gp)
   13448:	0320f809 	jalr	t9
   1344c:	00000000 	nop
   13450:	1000ff89 	b	13278 <main@@Base+0x10f38>
   13454:	8fbc0018 	lw	gp,24(sp)
   13458:	1069ffeb 	beq	v1,t1,13408 <main@@Base+0x110c8>
   1345c:	24b10001 	addiu	s1,a1,1
   13460:	106affea 	beq	v1,t2,1340c <main@@Base+0x110cc>
   13464:	8f998334 	lw	t9,-31948(gp)
   13468:	01622821 	addu	a1,t3,v0
   1346c:	24420001 	addiu	v0,v0,1
   13470:	1000ffa8 	b	13314 <main@@Base+0x10fd4>
   13474:	a0a30000 	sb	v1,0(a1)
   13478:	83a20c20 	lb	v0,3104(sp)
   1347c:	10400044 	beqz	v0,13590 <main@@Base+0x11250>
   13480:	83a20ee0 	lb	v0,3808(sp)
   13484:	10400042 	beqz	v0,13590 <main@@Base+0x11250>
   13488:	83a20820 	lb	v0,2080(sp)
   1348c:	10400040 	beqz	v0,13590 <main@@Base+0x11250>
   13490:	83a20f54 	lb	v0,3924(sp)
   13494:	1040003e 	beqz	v0,13590 <main@@Base+0x11250>
   13498:	8f998334 	lw	t9,-31948(gp)
   1349c:	02402825 	move	a1,s2
   134a0:	0320f809 	jalr	t9
   134a4:	02802025 	move	a0,s4
   134a8:	14400039 	bnez	v0,13590 <main@@Base+0x11250>
   134ac:	8fbc0018 	lw	gp,24(sp)
   134b0:	8f99810c 	lw	t9,-32500(gp)
   134b4:	0320f809 	jalr	t9
   134b8:	02602025 	move	a0,s3
   134bc:	24030029 	li	v1,41
   134c0:	14430033 	bne	v0,v1,13590 <main@@Base+0x11250>
   134c4:	8fbc0018 	lw	gp,24(sp)
   134c8:	83a30ee8 	lb	v1,3816(sp)
   134cc:	2402002d 	li	v0,45
   134d0:	14620030 	bne	v1,v0,13594 <main@@Base+0x11254>
   134d4:	8f998328 	lw	t9,-31960(gp)
   134d8:	8f9981e4 	lw	t9,-32284(gp)
   134dc:	24060010 	li	a2,16
   134e0:	00002825 	move	a1,zero
   134e4:	0320f809 	jalr	t9
   134e8:	02602025 	move	a0,s3
   134ec:	00002025 	move	a0,zero
   134f0:	8fbc0018 	lw	gp,24(sp)
   134f4:	8f998328 	lw	t9,-31960(gp)
   134f8:	0320f809 	jalr	t9
   134fc:	00408825 	move	s1,v0
   13500:	00511823 	subu	v1,v0,s1
   13504:	2c63012d 	sltiu	v1,v1,301
   13508:	14600005 	bnez	v1,13520 <main@@Base+0x111e0>
   1350c:	8fbc0018 	lw	gp,24(sp)
   13510:	02221023 	subu	v0,s1,v0
   13514:	2c420003 	sltiu	v0,v0,3
   13518:	1040001e 	beqz	v0,13594 <main@@Base+0x11254>
   1351c:	8f998328 	lw	t9,-31960(gp)
   13520:	8f998038 	lw	t9,-32712(gp)
   13524:	02003025 	move	a2,s0
   13528:	02202825 	move	a1,s1
   1352c:	273916c0 	addiu	t9,t9,5824
   13530:	0411f863 	bal	116c0 <main@@Base+0xf380>
   13534:	02402025 	move	a0,s2
   13538:	02002825 	move	a1,s0
   1353c:	8fbc0018 	lw	gp,24(sp)
   13540:	8f998334 	lw	t9,-31948(gp)
   13544:	0320f809 	jalr	t9
   13548:	02602025 	move	a0,s3
   1354c:	8fbc0018 	lw	gp,24(sp)
   13550:	1440000f 	bnez	v0,13590 <main@@Base+0x11250>
   13554:	0040f025 	move	s8,v0
   13558:	8e590090 	lw	t9,144(s2)
   1355c:	27b10d20 	addiu	s1,sp,3360
   13560:	8e470094 	lw	a3,148(s2)
   13564:	24060100 	li	a2,256
   13568:	27a40c20 	addiu	a0,sp,3104
   1356c:	0320f809 	jalr	t9
   13570:	02202825 	move	a1,s1
   13574:	14400028 	bnez	v0,13618 <main@@Base+0x112d8>
   13578:	8fbc0018 	lw	gp,24(sp)
   1357c:	02201025 	move	v0,s1
   13580:	26310001 	addiu	s1,s1,1
   13584:	a0400000 	sb	zero,0(v0)
   13588:	1634fffd 	bne	s1,s4,13580 <main@@Base+0x11240>
   1358c:	02201025 	move	v0,s1
   13590:	8f998328 	lw	t9,-31960(gp)
   13594:	00002025 	move	a0,zero
   13598:	0320f809 	jalr	t9
   1359c:	241effff 	li	s8,-1
   135a0:	02003025 	move	a2,s0
   135a4:	8fbc0018 	lw	gp,24(sp)
   135a8:	00402825 	move	a1,v0
   135ac:	8f998038 	lw	t9,-32712(gp)
   135b0:	273916c0 	addiu	t9,t9,5824
   135b4:	0411f842 	bal	116c0 <main@@Base+0xf380>
   135b8:	02402025 	move	a0,s2
   135bc:	24020010 	li	v0,16
   135c0:	8fbc0018 	lw	gp,24(sp)
   135c4:	24060010 	li	a2,16
   135c8:	afa20f10 	sw	v0,3856(sp)
   135cc:	02c02025 	move	a0,s6
   135d0:	afb00014 	sw	s0,20(sp)
   135d4:	afb20010 	sw	s2,16(sp)
   135d8:	8f858038 	lw	a1,-32712(gp)
   135dc:	8f878038 	lw	a3,-32712(gp)
   135e0:	8f998048 	lw	t9,-32696(gp)
   135e4:	24a575ac 	addiu	a1,a1,30124
   135e8:	24e775c0 	addiu	a3,a3,30144
   135ec:	0411fae0 	bal	12170 <main@@Base+0xfe30>
   135f0:	afa50f0c 	sw	a1,3852(sp)
   135f4:	24050191 	li	a1,401
   135f8:	8fbc0018 	lw	gp,24(sp)
   135fc:	02c02025 	move	a0,s6
   13600:	8f868038 	lw	a2,-32712(gp)
   13604:	8f99804c 	lw	t9,-32692(gp)
   13608:	0411fb12 	bal	12254 <main@@Base+0xff14>
   1360c:	24c675e0 	addiu	a2,a2,30176
   13610:	1000005e 	b	1378c <main@@Base+0x1144c>
   13614:	8fbf0ffc 	lw	ra,4092(sp)
   13618:	8ea60004 	lw	a2,4(s5)
   1361c:	2402001f 	li	v0,31
   13620:	8f998120 	lw	t9,-32480(gp)
   13624:	27a40f9c 	addiu	a0,sp,3996
   13628:	8ea50000 	lw	a1,0(s5)
   1362c:	2cc30020 	sltiu	v1,a2,32
   13630:	0043300a 	movz	a2,v0,v1
   13634:	0320f809 	jalr	t9
   13638:	afa60fd0 	sw	a2,4048(sp)
   1363c:	27a70c20 	addiu	a3,sp,3104
   13640:	8fbc0018 	lw	gp,24(sp)
   13644:	24050400 	li	a1,1024
   13648:	8fa60fd0 	lw	a2,4048(sp)
   1364c:	02002025 	move	a0,s0
   13650:	8f838038 	lw	v1,-32712(gp)
   13654:	02063021 	addu	a2,s0,a2
   13658:	8f99834c 	lw	t9,-31924(gp)
   1365c:	a0c00f7c 	sb	zero,3964(a2)
   13660:	24667598 	addiu	a2,v1,30104
   13664:	afa30fd0 	sw	v1,4048(sp)
   13668:	afb10014 	sw	s1,20(sp)
   1366c:	0320f809 	jalr	t9
   13670:	afb20010 	sw	s2,16(sp)
   13674:	8fbc0018 	lw	gp,24(sp)
   13678:	8f99810c 	lw	t9,-32500(gp)
   1367c:	0320f809 	jalr	t9
   13680:	02002025 	move	a0,s0
   13684:	27a60f30 	addiu	a2,sp,3888
   13688:	8fbc0018 	lw	gp,24(sp)
   1368c:	00402825 	move	a1,v0
   13690:	8f958038 	lw	s5,-32712(gp)
   13694:	26b914e4 	addiu	t9,s5,5348
   13698:	0320f809 	jalr	t9
   1369c:	02002025 	move	a0,s0
   136a0:	27a70f9c 	addiu	a3,sp,3996
   136a4:	8fbc0018 	lw	gp,24(sp)
   136a8:	24050400 	li	a1,1024
   136ac:	afb70010 	sw	s7,16(sp)
   136b0:	02002025 	move	a0,s0
   136b4:	27b70f0c 	addiu	s7,sp,3852
   136b8:	8f868038 	lw	a2,-32712(gp)
   136bc:	8f99834c 	lw	t9,-31924(gp)
   136c0:	0320f809 	jalr	t9
   136c4:	24c675a4 	addiu	a2,a2,30116
   136c8:	8fbc0018 	lw	gp,24(sp)
   136cc:	8f99810c 	lw	t9,-32500(gp)
   136d0:	0320f809 	jalr	t9
   136d4:	02002025 	move	a0,s0
   136d8:	26b914e4 	addiu	t9,s5,5348
   136dc:	00402825 	move	a1,v0
   136e0:	02e03025 	move	a2,s7
   136e4:	0320f809 	jalr	t9
   136e8:	02002025 	move	a0,s0
   136ec:	27a70f30 	addiu	a3,sp,3888
   136f0:	8fbc0018 	lw	gp,24(sp)
   136f4:	24050400 	li	a1,1024
   136f8:	8fa30fd0 	lw	v1,4048(sp)
   136fc:	02002025 	move	a0,s0
   13700:	afb30010 	sw	s3,16(sp)
   13704:	27b30f78 	addiu	s3,sp,3960
   13708:	afb70014 	sw	s7,20(sp)
   1370c:	8f99834c 	lw	t9,-31924(gp)
   13710:	0320f809 	jalr	t9
   13714:	24667598 	addiu	a2,v1,30104
   13718:	8fbc0018 	lw	gp,24(sp)
   1371c:	8f99810c 	lw	t9,-32500(gp)
   13720:	0320f809 	jalr	t9
   13724:	02002025 	move	a0,s0
   13728:	26b914e4 	addiu	t9,s5,5348
   1372c:	02603025 	move	a2,s3
   13730:	00402825 	move	a1,v0
   13734:	0320f809 	jalr	t9
   13738:	02002025 	move	a0,s0
   1373c:	8fbc0018 	lw	gp,24(sp)
   13740:	02201025 	move	v0,s1
   13744:	26310001 	addiu	s1,s1,1
   13748:	a0400000 	sb	zero,0(v0)
   1374c:	1634fffc 	bne	s1,s4,13740 <main@@Base+0x11400>
   13750:	00001825 	move	v1,zero
   13754:	00001025 	move	v0,zero
   13758:	24050020 	li	a1,32
   1375c:	27a60f54 	addiu	a2,sp,3924
   13760:	02632021 	addu	a0,s3,v1
   13764:	00c33021 	addu	a2,a2,v1
   13768:	24630001 	addiu	v1,v1,1
   1376c:	90840000 	lbu	a0,0(a0)
   13770:	90c60000 	lbu	a2,0(a2)
   13774:	00862026 	xor	a0,a0,a2
   13778:	00441025 	or	v0,v0,a0
   1377c:	1465fff7 	bne	v1,a1,1375c <main@@Base+0x1141c>
   13780:	304200ff 	andi	v0,v0,0xff
   13784:	1440ff82 	bnez	v0,13590 <main@@Base+0x11250>
   13788:	8fbf0ffc 	lw	ra,4092(sp)
   1378c:	03c01025 	move	v0,s8
   13790:	8fbe0ff8 	lw	s8,4088(sp)
   13794:	8fb70ff4 	lw	s7,4084(sp)
   13798:	8fb60ff0 	lw	s6,4080(sp)
   1379c:	8fb50fec 	lw	s5,4076(sp)
   137a0:	8fb40fe8 	lw	s4,4072(sp)
   137a4:	8fb30fe4 	lw	s3,4068(sp)
   137a8:	8fb20fe0 	lw	s2,4064(sp)
   137ac:	8fb10fdc 	lw	s1,4060(sp)
   137b0:	8fb00fd8 	lw	s0,4056(sp)
   137b4:	03e00008 	jr	ra
   137b8:	27bd1000 	addiu	sp,sp,4096
   137bc:	3c1c0001 	lui	gp,0x1
   137c0:	279cd844 	addiu	gp,gp,-10172
   137c4:	0399e021 	addu	gp,gp,t9
   137c8:	10800014 	beqz	a0,1381c <main@@Base+0x114dc>
   137cc:	00000000 	nop
   137d0:	27bdffe0 	addiu	sp,sp,-32
   137d4:	8f9980b8 	lw	t9,-32584(gp)
   137d8:	afb00018 	sw	s0,24(sp)
   137dc:	00808025 	move	s0,a0
   137e0:	afbf001c 	sw	ra,28(sp)
   137e4:	afbc0010 	sw	gp,16(sp)
   137e8:	0411f8af 	bal	11aa8 <main@@Base+0xf768>
   137ec:	8c840000 	lw	a0,0(a0)
   137f0:	8fbc0010 	lw	gp,16(sp)
   137f4:	8f99824c 	lw	t9,-32180(gp)
   137f8:	0320f809 	jalr	t9
   137fc:	26040004 	addiu	a0,s0,4
   13800:	02002025 	move	a0,s0
   13804:	8fbc0010 	lw	gp,16(sp)
   13808:	8fbf001c 	lw	ra,28(sp)
   1380c:	8fb00018 	lw	s0,24(sp)
   13810:	8f998150 	lw	t9,-32432(gp)
   13814:	03200008 	jr	t9
   13818:	27bd0020 	addiu	sp,sp,32
   1381c:	03e00008 	jr	ra
   13820:	00000000 	nop
   13824:	3c1c0001 	lui	gp,0x1
   13828:	279cd7dc 	addiu	gp,gp,-10276
   1382c:	0399e021 	addu	gp,gp,t9
   13830:	27bdff78 	addiu	sp,sp,-136
   13834:	8f998080 	lw	t9,-32640(gp)
   13838:	afbe0080 	sw	s8,128(sp)
   1383c:	03a0f025 	move	s8,sp
   13840:	afb10064 	sw	s1,100(sp)
   13844:	00e08825 	move	s1,a3
   13848:	afb60078 	sw	s6,120(sp)
   1384c:	00a0b025 	move	s6,a1
   13850:	afb50074 	sw	s5,116(sp)
   13854:	00c02825 	move	a1,a2
   13858:	afb00060 	sw	s0,96(sp)
   1385c:	00808025 	move	s0,a0
   13860:	afbc0018 	sw	gp,24(sp)
   13864:	27c40020 	addiu	a0,s8,32
   13868:	afbf0084 	sw	ra,132(sp)
   1386c:	00c0a825 	move	s5,a2
   13870:	afb7007c 	sw	s7,124(sp)
   13874:	02203025 	move	a2,s1
   13878:	afb40070 	sw	s4,112(sp)
   1387c:	afb3006c 	sw	s3,108(sp)
   13880:	afb20068 	sw	s2,104(sp)
   13884:	8f87808c 	lw	a3,-32628(gp)
   13888:	0411ea8f 	bal	e2c8 <main@@Base+0xbf88>
   1388c:	afa00010 	sw	zero,16(sp)
   13890:	8fc20020 	lw	v0,32(s8)
   13894:	10400010 	beqz	v0,138d8 <main@@Base+0x11598>
   13898:	8fdc0018 	lw	gp,24(s8)
   1389c:	24030001 	li	v1,1
   138a0:	14430013 	bne	v0,v1,138f0 <main@@Base+0x115b0>
   138a4:	02a09825 	move	s3,s5
   138a8:	8fc20030 	lw	v0,48(s8)
   138ac:	afa20010 	sw	v0,16(sp)
   138b0:	8fc20034 	lw	v0,52(s8)
   138b4:	afa20014 	sw	v0,20(sp)
   138b8:	8fc50024 	lw	a1,36(s8)
   138bc:	8fc60028 	lw	a2,40(s8)
   138c0:	8fc7002c 	lw	a3,44(s8)
   138c4:	8f99809c 	lw	t9,-32612(gp)
   138c8:	0411e361 	bal	c650 <main@@Base+0xa310>
   138cc:	02002025 	move	a0,s0
   138d0:	1000007f 	b	13ad0 <main@@Base+0x11790>
   138d4:	00000000 	nop
   138d8:	8fc20024 	lw	v0,36(s8)
   138dc:	14400078 	bnez	v0,13ac0 <main@@Base+0x11780>
   138e0:	8f998120 	lw	t9,-32480(gp)
   138e4:	8fc20028 	lw	v0,40(s8)
   138e8:	02a29821 	addu	s3,s5,v0
   138ec:	02228823 	subu	s1,s1,v0
   138f0:	8f878038 	lw	a3,-32712(gp)
   138f4:	27c40020 	addiu	a0,s8,32
   138f8:	8f998094 	lw	t9,-32620(gp)
   138fc:	02602825 	move	a1,s3
   13900:	02203025 	move	a2,s1
   13904:	0411ea9d 	bal	e37c <main@@Base+0xc03c>
   13908:	24e775f0 	addiu	a3,a3,30192
   1390c:	8fc20020 	lw	v0,32(s8)
   13910:	10400050 	beqz	v0,13a54 <main@@Base+0x11714>
   13914:	8fdc0018 	lw	gp,24(s8)
   13918:	24030001 	li	v1,1
   1391c:	1043ffe3 	beq	v0,v1,138ac <main@@Base+0x1156c>
   13920:	8fc20030 	lw	v0,48(s8)
   13924:	8f9980dc 	lw	t9,-32548(gp)
   13928:	27c40020 	addiu	a0,s8,32
   1392c:	02602825 	move	a1,s3
   13930:	0411eadf 	bal	e4b0 <main@@Base+0xc170>
   13934:	02203025 	move	a2,s1
   13938:	8fc20020 	lw	v0,32(s8)
   1393c:	1040004c 	beqz	v0,13a70 <main@@Base+0x11730>
   13940:	8fdc0018 	lw	gp,24(s8)
   13944:	24030001 	li	v1,1
   13948:	1043ffd7 	beq	v0,v1,138a8 <main@@Base+0x11568>
   1394c:	02609025 	move	s2,s3
   13950:	2402002e 	li	v0,46
   13954:	8f8780a0 	lw	a3,-32608(gp)
   13958:	8f998080 	lw	t9,-32640(gp)
   1395c:	27c40020 	addiu	a0,s8,32
   13960:	a3c2004c 	sb	v0,76(s8)
   13964:	27c2004c 	addiu	v0,s8,76
   13968:	afd20038 	sw	s2,56(s8)
   1396c:	02402825 	move	a1,s2
   13970:	afd1003c 	sw	s1,60(s8)
   13974:	02203025 	move	a2,s1
   13978:	0411ea53 	bal	e2c8 <main@@Base+0xbf88>
   1397c:	afa20010 	sw	v0,16(sp)
   13980:	8fc20020 	lw	v0,32(s8)
   13984:	10400041 	beqz	v0,13a8c <main@@Base+0x1174c>
   13988:	8fdc0018 	lw	gp,24(s8)
   1398c:	24030001 	li	v1,1
   13990:	1043ffc5 	beq	v0,v1,138a8 <main@@Base+0x11568>
   13994:	0240a025 	move	s4,s2
   13998:	8f9980dc 	lw	t9,-32548(gp)
   1399c:	27c40020 	addiu	a0,s8,32
   139a0:	02802825 	move	a1,s4
   139a4:	0411eac2 	bal	e4b0 <main@@Base+0xc170>
   139a8:	02203025 	move	a2,s1
   139ac:	8fc20020 	lw	v0,32(s8)
   139b0:	1040003d 	beqz	v0,13aa8 <main@@Base+0x11768>
   139b4:	8fdc0018 	lw	gp,24(s8)
   139b8:	24030001 	li	v1,1
   139bc:	1043ffba 	beq	v0,v1,138a8 <main@@Base+0x11568>
   139c0:	02808825 	move	s1,s4
   139c4:	02532823 	subu	a1,s2,s3
   139c8:	8f998098 	lw	t9,-32616(gp)
   139cc:	02602025 	move	a0,s3
   139d0:	24a20008 	addiu	v0,a1,8
   139d4:	7c021004 	ins	v0,zero,0x0,0x3
   139d8:	03a2e823 	subu	sp,sp,v0
   139dc:	afd3004c 	sw	s3,76(s8)
   139e0:	afc50050 	sw	a1,80(s8)
   139e4:	0411eae7 	bal	e584 <main@@Base+0xc244>
   139e8:	27a60018 	addiu	a2,sp,24
   139ec:	27c6005c 	addiu	a2,s8,92
   139f0:	8fdc0018 	lw	gp,24(s8)
   139f4:	00402025 	move	a0,v0
   139f8:	8f928038 	lw	s2,-32712(gp)
   139fc:	8f998358 	lw	t9,-31912(gp)
   13a00:	0320f809 	jalr	t9
   13a04:	26456808 	addiu	a1,s2,26632
   13a08:	00409825 	move	s3,v0
   13a0c:	24020001 	li	v0,1
   13a10:	1262003d 	beq	s3,v0,13b08 <main@@Base+0x117c8>
   13a14:	8fdc0018 	lw	gp,24(s8)
   13a18:	8fc6004c 	lw	a2,76(s8)
   13a1c:	00002825 	move	a1,zero
   13a20:	8fc70050 	lw	a3,80(s8)
   13a24:	8f99807c 	lw	t9,-32644(gp)
   13a28:	0411ea20 	bal	e2ac <main@@Base+0xbf6c>
   13a2c:	27c40038 	addiu	a0,s8,56
   13a30:	8fc20044 	lw	v0,68(s8)
   13a34:	8fdc0018 	lw	gp,24(s8)
   13a38:	afa20010 	sw	v0,16(sp)
   13a3c:	8fc20048 	lw	v0,72(s8)
   13a40:	afa20014 	sw	v0,20(sp)
   13a44:	8fc50038 	lw	a1,56(s8)
   13a48:	8fc6003c 	lw	a2,60(s8)
   13a4c:	1000ff9d 	b	138c4 <main@@Base+0x11584>
   13a50:	8fc70040 	lw	a3,64(s8)
   13a54:	8fc20024 	lw	v0,36(s8)
   13a58:	14400019 	bnez	v0,13ac0 <main@@Base+0x11780>
   13a5c:	8f998120 	lw	t9,-32480(gp)
   13a60:	8fc20028 	lw	v0,40(s8)
   13a64:	02629821 	addu	s3,s3,v0
   13a68:	1000ffae 	b	13924 <main@@Base+0x115e4>
   13a6c:	02228823 	subu	s1,s1,v0
   13a70:	8fc20024 	lw	v0,36(s8)
   13a74:	14400012 	bnez	v0,13ac0 <main@@Base+0x11780>
   13a78:	8f998120 	lw	t9,-32480(gp)
   13a7c:	8fc20028 	lw	v0,40(s8)
   13a80:	02629021 	addu	s2,s3,v0
   13a84:	1000ffb2 	b	13950 <main@@Base+0x11610>
   13a88:	02228823 	subu	s1,s1,v0
   13a8c:	8fc20024 	lw	v0,36(s8)
   13a90:	1440000b 	bnez	v0,13ac0 <main@@Base+0x11780>
   13a94:	8f998120 	lw	t9,-32480(gp)
   13a98:	8fc20028 	lw	v0,40(s8)
   13a9c:	0242a021 	addu	s4,s2,v0
   13aa0:	1000ffbd 	b	13998 <main@@Base+0x11658>
   13aa4:	02228823 	subu	s1,s1,v0
   13aa8:	8fc20024 	lw	v0,36(s8)
   13aac:	14400004 	bnez	v0,13ac0 <main@@Base+0x11780>
   13ab0:	8f998120 	lw	t9,-32480(gp)
   13ab4:	8fd10028 	lw	s1,40(s8)
   13ab8:	1000ffc2 	b	139c4 <main@@Base+0x11684>
   13abc:	02918821 	addu	s1,s4,s1
   13ac0:	24060018 	li	a2,24
   13ac4:	27c50020 	addiu	a1,s8,32
   13ac8:	0320f809 	jalr	t9
   13acc:	02002025 	move	a0,s0
   13ad0:	03c0e825 	move	sp,s8
   13ad4:	02001025 	move	v0,s0
   13ad8:	8fbf0084 	lw	ra,132(sp)
   13adc:	8fbe0080 	lw	s8,128(sp)
   13ae0:	8fb7007c 	lw	s7,124(sp)
   13ae4:	8fb60078 	lw	s6,120(sp)
   13ae8:	8fb50074 	lw	s5,116(sp)
   13aec:	8fb40070 	lw	s4,112(sp)
   13af0:	8fb3006c 	lw	s3,108(sp)
   13af4:	8fb20068 	lw	s2,104(sp)
   13af8:	8fb10064 	lw	s1,100(sp)
   13afc:	8fb00060 	lw	s0,96(sp)
   13b00:	03e00008 	jr	ra
   13b04:	27bd0088 	addiu	sp,sp,136
   13b08:	02342823 	subu	a1,s1,s4
   13b0c:	8f998098 	lw	t9,-32616(gp)
   13b10:	02802025 	move	a0,s4
   13b14:	24a20008 	addiu	v0,a1,8
   13b18:	7c021004 	ins	v0,zero,0x0,0x3
   13b1c:	03a2e823 	subu	sp,sp,v0
   13b20:	afc50058 	sw	a1,88(s8)
   13b24:	afd40054 	sw	s4,84(s8)
   13b28:	0411ea96 	bal	e584 <main@@Base+0xc244>
   13b2c:	27a60018 	addiu	a2,sp,24
   13b30:	27c60038 	addiu	a2,s8,56
   13b34:	8fdc0018 	lw	gp,24(s8)
   13b38:	26456808 	addiu	a1,s2,26632
   13b3c:	8f998358 	lw	t9,-31912(gp)
   13b40:	0320f809 	jalr	t9
   13b44:	00402025 	move	a0,v0
   13b48:	10530010 	beq	v0,s3,13b8c <main@@Base+0x1184c>
   13b4c:	8fdc0018 	lw	gp,24(s8)
   13b50:	8fc60054 	lw	a2,84(s8)
   13b54:	00002825 	move	a1,zero
   13b58:	8fc70058 	lw	a3,88(s8)
   13b5c:	8f99807c 	lw	t9,-32644(gp)
   13b60:	0411e9d2 	bal	e2ac <main@@Base+0xbf6c>
   13b64:	27c40020 	addiu	a0,s8,32
   13b68:	8fc2002c 	lw	v0,44(s8)
   13b6c:	8fdc0018 	lw	gp,24(s8)
   13b70:	afa20010 	sw	v0,16(sp)
   13b74:	8fc20030 	lw	v0,48(s8)
   13b78:	afa20014 	sw	v0,20(sp)
   13b7c:	8fc50020 	lw	a1,32(s8)
   13b80:	8fc60024 	lw	a2,36(s8)
   13b84:	1000ff4f 	b	138c4 <main@@Base+0x11584>
   13b88:	8fc70028 	lw	a3,40(s8)
   13b8c:	93c2005c 	lbu	v0,92(s8)
   13b90:	02352823 	subu	a1,s1,s5
   13b94:	8f998078 	lw	t9,-32648(gp)
   13b98:	02002025 	move	a0,s0
   13b9c:	a2c20000 	sb	v0,0(s6)
   13ba0:	93c20038 	lbu	v0,56(s8)
   13ba4:	0411e298 	bal	c608 <main@@Base+0xa2c8>
   13ba8:	a2c20001 	sb	v0,1(s6)
   13bac:	1000ffc8 	b	13ad0 <main@@Base+0x11790>
   13bb0:	00000000 	nop
	...
   13bc0:	10c00006 	beqz	a2,13bdc <main@@Base+0x1189c>
   13bc4:	00801025 	move	v0,a0
   13bc8:	28c30020 	slti	v1,a2,32
   13bcc:	14600005 	bnez	v1,13be4 <main@@Base+0x118a4>
   13bd0:	00000000 	nop
   13bd4:	00c51006 	srlv	v0,a1,a2
   13bd8:	00602825 	move	a1,v1
   13bdc:	03e00008 	jr	ra
   13be0:	00a01825 	move	v1,a1
   13be4:	00062023 	negu	a0,a2
   13be8:	00c51806 	srlv	v1,a1,a2
   13bec:	00c21006 	srlv	v0,v0,a2
   13bf0:	00852804 	sllv	a1,a1,a0
   13bf4:	1000fff8 	b	13bd8 <main@@Base+0x11898>
   13bf8:	00a21025 	or	v0,a1,v0
   13bfc:	00000000 	nop
   13c00:	04a10006 	bgez	a1,13c1c <main@@Base+0x118dc>
   13c04:	00004025 	move	t0,zero
   13c08:	00052823 	negu	a1,a1
   13c0c:	0004102b 	sltu	v0,zero,a0
   13c10:	00a22823 	subu	a1,a1,v0
   13c14:	00042023 	negu	a0,a0
   13c18:	2408ffff 	li	t0,-1
   13c1c:	04e10007 	bgez	a3,13c3c <main@@Base+0x118fc>
   13c20:	00c04825 	move	t1,a2
   13c24:	00073823 	negu	a3,a3
   13c28:	0006102b 	sltu	v0,zero,a2
   13c2c:	00e23823 	subu	a3,a3,v0
   13c30:	00063023 	negu	a2,a2
   13c34:	00084027 	nor	t0,zero,t0
   13c38:	00c04825 	move	t1,a2
   13c3c:	00e05825 	move	t3,a3
   13c40:	00805025 	move	t2,a0
   13c44:	14e000b0 	bnez	a3,13f08 <main@@Base+0x11bc8>
   13c48:	00a01825 	move	v1,a1
   13c4c:	00a6102b 	sltu	v0,a1,a2
   13c50:	1040003c 	beqz	v0,13d44 <main@@Base+0x11a04>
   13c54:	70c21020 	clz	v0,a2
   13c58:	10400006 	beqz	v0,13c74 <main@@Base+0x11934>
   13c5c:	00022023 	negu	a0,v0
   13c60:	00451804 	sllv	v1,a1,v0
   13c64:	008a2006 	srlv	a0,t2,a0
   13c68:	00464804 	sllv	t1,a2,v0
   13c6c:	004a5004 	sllv	t2,t2,v0
   13c70:	00831825 	or	v1,a0,v1
   13c74:	00092c02 	srl	a1,t1,0x10
   13c78:	3124ffff 	andi	a0,t1,0xffff
   13c7c:	00a001f4 	teq	a1,zero,0x7
   13c80:	0065001b 	divu	zero,v1,a1
   13c84:	000a6402 	srl	t4,t2,0x10
   13c88:	00003812 	mflo	a3
   13c8c:	00001810 	mfhi	v1
   13c90:	70873002 	mul	a2,a0,a3
   13c94:	00031c00 	sll	v1,v1,0x10
   13c98:	006c1825 	or	v1,v1,t4
   13c9c:	0066602b 	sltu	t4,v1,a2
   13ca0:	11800008 	beqz	t4,13cc4 <main@@Base+0x11984>
   13ca4:	00e01025 	move	v0,a3
   13ca8:	00691821 	addu	v1,v1,t1
   13cac:	0069602b 	sltu	t4,v1,t1
   13cb0:	15800003 	bnez	t4,13cc0 <main@@Base+0x11980>
   13cb4:	0066602b 	sltu	t4,v1,a2
   13cb8:	1580001f 	bnez	t4,13d38 <main@@Base+0x119f8>
   13cbc:	00000000 	nop
   13cc0:	24e2ffff 	addiu	v0,a3,-1
   13cc4:	00661823 	subu	v1,v1,a2
   13cc8:	314affff 	andi	t2,t2,0xffff
   13ccc:	00a001f4 	teq	a1,zero,0x7
   13cd0:	0065001b 	divu	zero,v1,a1
   13cd4:	00002812 	mflo	a1
   13cd8:	00001810 	mfhi	v1
   13cdc:	70852002 	mul	a0,a0,a1
   13ce0:	00031c00 	sll	v1,v1,0x10
   13ce4:	006a1825 	or	v1,v1,t2
   13ce8:	0064382b 	sltu	a3,v1,a0
   13cec:	10e00008 	beqz	a3,13d10 <main@@Base+0x119d0>
   13cf0:	00a03025 	move	a2,a1
   13cf4:	01231821 	addu	v1,t1,v1
   13cf8:	0069482b 	sltu	t1,v1,t1
   13cfc:	15200003 	bnez	t1,13d0c <main@@Base+0x119cc>
   13d00:	0064202b 	sltu	a0,v1,a0
   13d04:	14800002 	bnez	a0,13d10 <main@@Base+0x119d0>
   13d08:	24a6fffe 	addiu	a2,a1,-2
   13d0c:	24a6ffff 	addiu	a2,a1,-1
   13d10:	00021400 	sll	v0,v0,0x10
   13d14:	00461025 	or	v0,v0,a2
   13d18:	11000004 	beqz	t0,13d2c <main@@Base+0x119ec>
   13d1c:	0002182b 	sltu	v1,zero,v0
   13d20:	000b5823 	negu	t3,t3
   13d24:	01635823 	subu	t3,t3,v1
   13d28:	00021023 	negu	v0,v0
   13d2c:	01601825 	move	v1,t3
   13d30:	03e00008 	jr	ra
   13d34:	00000000 	nop
   13d38:	24e2fffe 	addiu	v0,a3,-2
   13d3c:	1000ffe1 	b	13cc4 <main@@Base+0x11984>
   13d40:	00691821 	addu	v1,v1,t1
   13d44:	14c00039 	bnez	a2,13e2c <main@@Base+0x11aec>
   13d48:	70c31820 	clz	v1,a2
   13d4c:	24020001 	li	v0,1
   13d50:	00e001f4 	teq	a3,zero,0x7
   13d54:	0047001b 	divu	zero,v0,a3
   13d58:	00004812 	mflo	t1
   13d5c:	71231820 	clz	v1,t1
   13d60:	24020020 	li	v0,32
   13d64:	00694804 	sllv	t1,t1,v1
   13d68:	00431023 	subu	v0,v0,v1
   13d6c:	00653804 	sllv	a3,a1,v1
   13d70:	00443006 	srlv	a2,a0,v0
   13d74:	00452806 	srlv	a1,a1,v0
   13d78:	00645004 	sllv	t2,a0,v1
   13d7c:	00092402 	srl	a0,t1,0x10
   13d80:	00c73025 	or	a2,a2,a3
   13d84:	008001f4 	teq	a0,zero,0x7
   13d88:	00a4001b 	divu	zero,a1,a0
   13d8c:	3123ffff 	andi	v1,t1,0xffff
   13d90:	00066402 	srl	t4,a2,0x10
   13d94:	00003812 	mflo	a3
   13d98:	00001010 	mfhi	v0
   13d9c:	70672802 	mul	a1,v1,a3
   13da0:	00021400 	sll	v0,v0,0x10
   13da4:	004c1025 	or	v0,v0,t4
   13da8:	0045602b 	sltu	t4,v0,a1
   13dac:	11800008 	beqz	t4,13dd0 <main@@Base+0x11a90>
   13db0:	00e05825 	move	t3,a3
   13db4:	00491021 	addu	v0,v0,t1
   13db8:	0049602b 	sltu	t4,v0,t1
   13dbc:	15800003 	bnez	t4,13dcc <main@@Base+0x11a8c>
   13dc0:	0045602b 	sltu	t4,v0,a1
   13dc4:	15800047 	bnez	t4,13ee4 <main@@Base+0x11ba4>
   13dc8:	00000000 	nop
   13dcc:	24ebffff 	addiu	t3,a3,-1
   13dd0:	00451023 	subu	v0,v0,a1
   13dd4:	30c6ffff 	andi	a2,a2,0xffff
   13dd8:	008001f4 	teq	a0,zero,0x7
   13ddc:	0044001b 	divu	zero,v0,a0
   13de0:	00002812 	mflo	a1
   13de4:	00001010 	mfhi	v0
   13de8:	70651802 	mul	v1,v1,a1
   13dec:	00021400 	sll	v0,v0,0x10
   13df0:	00461025 	or	v0,v0,a2
   13df4:	0043302b 	sltu	a2,v0,v1
   13df8:	10c00008 	beqz	a2,13e1c <main@@Base+0x11adc>
   13dfc:	00a02025 	move	a0,a1
   13e00:	00491021 	addu	v0,v0,t1
   13e04:	0049302b 	sltu	a2,v0,t1
   13e08:	14c00003 	bnez	a2,13e18 <main@@Base+0x11ad8>
   13e0c:	0043302b 	sltu	a2,v0,v1
   13e10:	14c00037 	bnez	a2,13ef0 <main@@Base+0x11bb0>
   13e14:	00000000 	nop
   13e18:	24a4ffff 	addiu	a0,a1,-1
   13e1c:	000b5c00 	sll	t3,t3,0x10
   13e20:	00431023 	subu	v0,v0,v1
   13e24:	10000005 	b	13e3c <main@@Base+0x11afc>
   13e28:	01645825 	or	t3,t3,a0
   13e2c:	1460ffcd 	bnez	v1,13d64 <main@@Base+0x11a24>
   13e30:	24020020 	li	v0,32
   13e34:	00a61023 	subu	v0,a1,a2
   13e38:	240b0001 	li	t3,1
   13e3c:	00091c02 	srl	v1,t1,0x10
   13e40:	3126ffff 	andi	a2,t1,0xffff
   13e44:	006001f4 	teq	v1,zero,0x7
   13e48:	0043001b 	divu	zero,v0,v1
   13e4c:	00006012 	mflo	t4
   13e50:	00001010 	mfhi	v0
   13e54:	70cc3802 	mul	a3,a2,t4
   13e58:	00022c00 	sll	a1,v0,0x10
   13e5c:	000a1402 	srl	v0,t2,0x10
   13e60:	00a22825 	or	a1,a1,v0
   13e64:	00a7102b 	sltu	v0,a1,a3
   13e68:	10400008 	beqz	v0,13e8c <main@@Base+0x11b4c>
   13e6c:	01802025 	move	a0,t4
   13e70:	00a92821 	addu	a1,a1,t1
   13e74:	00a9102b 	sltu	v0,a1,t1
   13e78:	14400003 	bnez	v0,13e88 <main@@Base+0x11b48>
   13e7c:	00a7102b 	sltu	v0,a1,a3
   13e80:	1440001e 	bnez	v0,13efc <main@@Base+0x11bbc>
   13e84:	00000000 	nop
   13e88:	2584ffff 	addiu	a0,t4,-1
   13e8c:	00a72823 	subu	a1,a1,a3
   13e90:	314affff 	andi	t2,t2,0xffff
   13e94:	006001f4 	teq	v1,zero,0x7
   13e98:	00a3001b 	divu	zero,a1,v1
   13e9c:	00002812 	mflo	a1
   13ea0:	00001810 	mfhi	v1
   13ea4:	70c51002 	mul	v0,a2,a1
   13ea8:	00031c00 	sll	v1,v1,0x10
   13eac:	006a1825 	or	v1,v1,t2
   13eb0:	0062302b 	sltu	a2,v1,v0
   13eb4:	10c00008 	beqz	a2,13ed8 <main@@Base+0x11b98>
   13eb8:	00a03825 	move	a3,a1
   13ebc:	01231821 	addu	v1,t1,v1
   13ec0:	0069482b 	sltu	t1,v1,t1
   13ec4:	15200003 	bnez	t1,13ed4 <main@@Base+0x11b94>
   13ec8:	0062102b 	sltu	v0,v1,v0
   13ecc:	14400002 	bnez	v0,13ed8 <main@@Base+0x11b98>
   13ed0:	24a7fffe 	addiu	a3,a1,-2
   13ed4:	24a7ffff 	addiu	a3,a1,-1
   13ed8:	00041400 	sll	v0,a0,0x10
   13edc:	1000ff8e 	b	13d18 <main@@Base+0x119d8>
   13ee0:	00471025 	or	v0,v0,a3
   13ee4:	24ebfffe 	addiu	t3,a3,-2
   13ee8:	1000ffb9 	b	13dd0 <main@@Base+0x11a90>
   13eec:	00491021 	addu	v0,v0,t1
   13ef0:	24a4fffe 	addiu	a0,a1,-2
   13ef4:	1000ffc9 	b	13e1c <main@@Base+0x11adc>
   13ef8:	00491021 	addu	v0,v0,t1
   13efc:	2584fffe 	addiu	a0,t4,-2
   13f00:	1000ffe2 	b	13e8c <main@@Base+0x11b4c>
   13f04:	00a92821 	addu	a1,a1,t1
   13f08:	00a7102b 	sltu	v0,a1,a3
   13f0c:	14400050 	bnez	v0,14050 <main@@Base+0x11d10>
   13f10:	00005825 	move	t3,zero
   13f14:	70e94820 	clz	t1,a3
   13f18:	15200008 	bnez	t1,13f3c <main@@Base+0x11bfc>
   13f1c:	01266004 	sllv	t4,a2,t1
   13f20:	00e5282b 	sltu	a1,a3,a1
   13f24:	14a0004c 	bnez	a1,14058 <main@@Base+0x11d18>
   13f28:	00000000 	nop
   13f2c:	0086102b 	sltu	v0,a0,a2
   13f30:	38420001 	xori	v0,v0,0x1
   13f34:	1000ff78 	b	13d18 <main@@Base+0x119d8>
   13f38:	00005825 	move	t3,zero
   13f3c:	24020020 	li	v0,32
   13f40:	01273804 	sllv	a3,a3,t1
   13f44:	00491023 	subu	v0,v0,t1
   13f48:	00461806 	srlv	v1,a2,v0
   13f4c:	00445006 	srlv	t2,a0,v0
   13f50:	00673825 	or	a3,v1,a3
   13f54:	00075c02 	srl	t3,a3,0x10
   13f58:	01251804 	sllv	v1,a1,t1
   13f5c:	00452806 	srlv	a1,a1,v0
   13f60:	30e6ffff 	andi	a2,a3,0xffff
   13f64:	016001f4 	teq	t3,zero,0x7
   13f68:	00ab001b 	divu	zero,a1,t3
   13f6c:	01435025 	or	t2,t2,v1
   13f70:	00007012 	mflo	t6
   13f74:	00002810 	mfhi	a1
   13f78:	70ce6802 	mul	t5,a2,t6
   13f7c:	00051c00 	sll	v1,a1,0x10
   13f80:	000a2c02 	srl	a1,t2,0x10
   13f84:	00651825 	or	v1,v1,a1
   13f88:	006d282b 	sltu	a1,v1,t5
   13f8c:	10a00008 	beqz	a1,13fb0 <main@@Base+0x11c70>
   13f90:	01c01025 	move	v0,t6
   13f94:	00671821 	addu	v1,v1,a3
   13f98:	0067282b 	sltu	a1,v1,a3
   13f9c:	14a00003 	bnez	a1,13fac <main@@Base+0x11c6c>
   13fa0:	006d282b 	sltu	a1,v1,t5
   13fa4:	14a00024 	bnez	a1,14038 <main@@Base+0x11cf8>
   13fa8:	00000000 	nop
   13fac:	25c2ffff 	addiu	v0,t6,-1
   13fb0:	006d1823 	subu	v1,v1,t5
   13fb4:	314affff 	andi	t2,t2,0xffff
   13fb8:	016001f4 	teq	t3,zero,0x7
   13fbc:	006b001b 	divu	zero,v1,t3
   13fc0:	00006812 	mflo	t5
   13fc4:	00001810 	mfhi	v1
   13fc8:	70cd2802 	mul	a1,a2,t5
   13fcc:	00031c00 	sll	v1,v1,0x10
   13fd0:	006a1825 	or	v1,v1,t2
   13fd4:	0065302b 	sltu	a2,v1,a1
   13fd8:	10c00008 	beqz	a2,13ffc <main@@Base+0x11cbc>
   13fdc:	01a05825 	move	t3,t5
   13fe0:	00671821 	addu	v1,v1,a3
   13fe4:	0067302b 	sltu	a2,v1,a3
   13fe8:	14c00003 	bnez	a2,13ff8 <main@@Base+0x11cb8>
   13fec:	0065302b 	sltu	a2,v1,a1
   13ff0:	14c00014 	bnez	a2,14044 <main@@Base+0x11d04>
   13ff4:	00000000 	nop
   13ff8:	25abffff 	addiu	t3,t5,-1
   13ffc:	00021400 	sll	v0,v0,0x10
   14000:	00651823 	subu	v1,v1,a1
   14004:	004b1025 	or	v0,v0,t3
   14008:	004c0019 	multu	v0,t4
   1400c:	00003810 	mfhi	a3
   14010:	0067502b 	sltu	t2,v1,a3
   14014:	15400006 	bnez	t2,14030 <main@@Base+0x11cf0>
   14018:	00003012 	mflo	a2
   1401c:	1467ffc5 	bne	v1,a3,13f34 <main@@Base+0x11bf4>
   14020:	01242004 	sllv	a0,a0,t1
   14024:	0086202b 	sltu	a0,a0,a2
   14028:	1080ff3b 	beqz	a0,13d18 <main@@Base+0x119d8>
   1402c:	00005825 	move	t3,zero
   14030:	1000ffc0 	b	13f34 <main@@Base+0x11bf4>
   14034:	2442ffff 	addiu	v0,v0,-1
   14038:	25c2fffe 	addiu	v0,t6,-2
   1403c:	1000ffdc 	b	13fb0 <main@@Base+0x11c70>
   14040:	00671821 	addu	v1,v1,a3
   14044:	25abfffe 	addiu	t3,t5,-2
   14048:	1000ffec 	b	13ffc <main@@Base+0x11cbc>
   1404c:	00671821 	addu	v1,v1,a3
   14050:	1000ff31 	b	13d18 <main@@Base+0x119d8>
   14054:	00001025 	move	v0,zero
   14058:	1000ff2f 	b	13d18 <main@@Base+0x119d8>
   1405c:	24020001 	li	v0,1
   14060:	04a10006 	bgez	a1,1407c <main@@Base+0x11d3c>
   14064:	00004025 	move	t0,zero
   14068:	00052823 	negu	a1,a1
   1406c:	0004102b 	sltu	v0,zero,a0
   14070:	00a22823 	subu	a1,a1,v0
   14074:	00042023 	negu	a0,a0
   14078:	2408ffff 	li	t0,-1
   1407c:	04e10006 	bgez	a3,14098 <main@@Base+0x11d58>
   14080:	00c04825 	move	t1,a2
   14084:	00073823 	negu	a3,a3
   14088:	0006102b 	sltu	v0,zero,a2
   1408c:	00e23823 	subu	a3,a3,v0
   14090:	00063023 	negu	a2,a2
   14094:	00c04825 	move	t1,a2
   14098:	00e05025 	move	t2,a3
   1409c:	00801025 	move	v0,a0
   140a0:	14e0009d 	bnez	a3,14318 <main@@Base+0x11fd8>
   140a4:	00a01825 	move	v1,a1
   140a8:	00a6302b 	sltu	a2,a1,a2
   140ac:	10c00038 	beqz	a2,14190 <main@@Base+0x11e50>
   140b0:	00000000 	nop
   140b4:	712a5020 	clz	t2,t1
   140b8:	11400006 	beqz	t2,140d4 <main@@Base+0x11d94>
   140bc:	000a2023 	negu	a0,t2
   140c0:	01451804 	sllv	v1,a1,t2
   140c4:	00822006 	srlv	a0,v0,a0
   140c8:	01494804 	sllv	t1,t1,t2
   140cc:	01421004 	sllv	v0,v0,t2
   140d0:	00831825 	or	v1,a0,v1
   140d4:	00092c02 	srl	a1,t1,0x10
   140d8:	3127ffff 	andi	a3,t1,0xffff
   140dc:	00a001f4 	teq	a1,zero,0x7
   140e0:	0065001b 	divu	zero,v1,a1
   140e4:	00023402 	srl	a2,v0,0x10
   140e8:	00002012 	mflo	a0
   140ec:	00001810 	mfhi	v1
   140f0:	70872002 	mul	a0,a0,a3
   140f4:	00031c00 	sll	v1,v1,0x10
   140f8:	00661825 	or	v1,v1,a2
   140fc:	0064302b 	sltu	a2,v1,a0
   14100:	10c00007 	beqz	a2,14120 <main@@Base+0x11de0>
   14104:	01203025 	move	a2,t1
   14108:	00691821 	addu	v1,v1,t1
   1410c:	0064602b 	sltu	t4,v1,a0
   14110:	000c300a 	movz	a2,zero,t4
   14114:	0069582b 	sltu	t3,v1,t1
   14118:	00663021 	addu	a2,v1,a2
   1411c:	00cb180a 	movz	v1,a2,t3
   14120:	00641823 	subu	v1,v1,a0
   14124:	3042ffff 	andi	v0,v0,0xffff
   14128:	00a001f4 	teq	a1,zero,0x7
   1412c:	0065001b 	divu	zero,v1,a1
   14130:	00002012 	mflo	a0
   14134:	00001810 	mfhi	v1
   14138:	70872002 	mul	a0,a0,a3
   1413c:	00031c00 	sll	v1,v1,0x10
   14140:	00621025 	or	v0,v1,v0
   14144:	0044182b 	sltu	v1,v0,a0
   14148:	10600007 	beqz	v1,14168 <main@@Base+0x11e28>
   1414c:	00000000 	nop
   14150:	00491021 	addu	v0,v0,t1
   14154:	0044282b 	sltu	a1,v0,a0
   14158:	0049182b 	sltu	v1,v0,t1
   1415c:	0005480a 	movz	t1,zero,a1
   14160:	00494821 	addu	t1,v0,t1
   14164:	0123100a 	movz	v0,t1,v1
   14168:	00441023 	subu	v0,v0,a0
   1416c:	01421006 	srlv	v0,v0,t2
   14170:	00001825 	move	v1,zero
   14174:	11000004 	beqz	t0,14188 <main@@Base+0x11e48>
   14178:	0002202b 	sltu	a0,zero,v0
   1417c:	00031823 	negu	v1,v1
   14180:	00641823 	subu	v1,v1,a0
   14184:	00021023 	negu	v0,v0
   14188:	03e00008 	jr	ra
   1418c:	00000000 	nop
   14190:	15200035 	bnez	t1,14268 <main@@Base+0x11f28>
   14194:	71231820 	clz	v1,t1
   14198:	24020001 	li	v0,1
   1419c:	00e001f4 	teq	a3,zero,0x7
   141a0:	0047001b 	divu	zero,v0,a3
   141a4:	00004812 	mflo	t1
   141a8:	712a5020 	clz	t2,t1
   141ac:	24030020 	li	v1,32
   141b0:	01494804 	sllv	t1,t1,t2
   141b4:	006a1823 	subu	v1,v1,t2
   141b8:	01451004 	sllv	v0,a1,t2
   141bc:	00093402 	srl	a2,t1,0x10
   141c0:	00652806 	srlv	a1,a1,v1
   141c4:	00645806 	srlv	t3,a0,v1
   141c8:	00c001f4 	teq	a2,zero,0x7
   141cc:	00a6001b 	divu	zero,a1,a2
   141d0:	01625825 	or	t3,t3,v0
   141d4:	01441004 	sllv	v0,a0,t2
   141d8:	3124ffff 	andi	a0,t1,0xffff
   141dc:	000b3c02 	srl	a3,t3,0x10
   141e0:	00001812 	mflo	v1
   141e4:	00002810 	mfhi	a1
   141e8:	70641802 	mul	v1,v1,a0
   141ec:	00052c00 	sll	a1,a1,0x10
   141f0:	00a72825 	or	a1,a1,a3
   141f4:	00a3382b 	sltu	a3,a1,v1
   141f8:	10e00007 	beqz	a3,14218 <main@@Base+0x11ed8>
   141fc:	01203825 	move	a3,t1
   14200:	00a92821 	addu	a1,a1,t1
   14204:	00a3682b 	sltu	t5,a1,v1
   14208:	000d380a 	movz	a3,zero,t5
   1420c:	00a9602b 	sltu	t4,a1,t1
   14210:	00a73821 	addu	a3,a1,a3
   14214:	00ec280a 	movz	a1,a3,t4
   14218:	00a32823 	subu	a1,a1,v1
   1421c:	00c001f4 	teq	a2,zero,0x7
   14220:	00a6001b 	divu	zero,a1,a2
   14224:	00001812 	mflo	v1
   14228:	00002810 	mfhi	a1
   1422c:	70641802 	mul	v1,v1,a0
   14230:	00052c00 	sll	a1,a1,0x10
   14234:	3164ffff 	andi	a0,t3,0xffff
   14238:	00a42825 	or	a1,a1,a0
   1423c:	00a3202b 	sltu	a0,a1,v1
   14240:	10800007 	beqz	a0,14260 <main@@Base+0x11f20>
   14244:	01202025 	move	a0,t1
   14248:	00a92821 	addu	a1,a1,t1
   1424c:	00a3382b 	sltu	a3,a1,v1
   14250:	0007200a 	movz	a0,zero,a3
   14254:	00a9302b 	sltu	a2,a1,t1
   14258:	00a42021 	addu	a0,a1,a0
   1425c:	0086280a 	movz	a1,a0,a2
   14260:	10000004 	b	14274 <main@@Base+0x11f34>
   14264:	00a32823 	subu	a1,a1,v1
   14268:	14600029 	bnez	v1,14310 <main@@Base+0x11fd0>
   1426c:	00000000 	nop
   14270:	00a92823 	subu	a1,a1,t1
   14274:	00092402 	srl	a0,t1,0x10
   14278:	3127ffff 	andi	a3,t1,0xffff
   1427c:	008001f4 	teq	a0,zero,0x7
   14280:	00a4001b 	divu	zero,a1,a0
   14284:	00023402 	srl	a2,v0,0x10
   14288:	00001812 	mflo	v1
   1428c:	00002810 	mfhi	a1
   14290:	70671802 	mul	v1,v1,a3
   14294:	00052c00 	sll	a1,a1,0x10
   14298:	00a62825 	or	a1,a1,a2
   1429c:	00a3302b 	sltu	a2,a1,v1
   142a0:	10c00007 	beqz	a2,142c0 <main@@Base+0x11f80>
   142a4:	01203025 	move	a2,t1
   142a8:	00a92821 	addu	a1,a1,t1
   142ac:	00a3602b 	sltu	t4,a1,v1
   142b0:	000c300a 	movz	a2,zero,t4
   142b4:	00a9582b 	sltu	t3,a1,t1
   142b8:	00a63021 	addu	a2,a1,a2
   142bc:	00cb280a 	movz	a1,a2,t3
   142c0:	00a32823 	subu	a1,a1,v1
   142c4:	3042ffff 	andi	v0,v0,0xffff
   142c8:	008001f4 	teq	a0,zero,0x7
   142cc:	00a4001b 	divu	zero,a1,a0
   142d0:	00001812 	mflo	v1
   142d4:	00002810 	mfhi	a1
   142d8:	70671802 	mul	v1,v1,a3
   142dc:	00052c00 	sll	a1,a1,0x10
   142e0:	00a21025 	or	v0,a1,v0
   142e4:	0043202b 	sltu	a0,v0,v1
   142e8:	10800007 	beqz	a0,14308 <main@@Base+0x11fc8>
   142ec:	00000000 	nop
   142f0:	00491021 	addu	v0,v0,t1
   142f4:	0043282b 	sltu	a1,v0,v1
   142f8:	0049202b 	sltu	a0,v0,t1
   142fc:	0005480a 	movz	t1,zero,a1
   14300:	00494821 	addu	t1,v0,t1
   14304:	0124100a 	movz	v0,t1,a0
   14308:	1000ff98 	b	1416c <main@@Base+0x11e2c>
   1430c:	00431023 	subu	v0,v0,v1
   14310:	1000ffa6 	b	141ac <main@@Base+0x11e6c>
   14314:	00605025 	move	t2,v1
   14318:	00a7482b 	sltu	t1,a1,a3
   1431c:	1520ff95 	bnez	t1,14174 <main@@Base+0x11e34>
   14320:	70e94820 	clz	t1,a3
   14324:	1520000c 	bnez	t1,14358 <main@@Base+0x12018>
   14328:	00000000 	nop
   1432c:	00e5482b 	sltu	t1,a3,a1
   14330:	15200003 	bnez	t1,14340 <main@@Base+0x12000>
   14334:	0086482b 	sltu	t1,a0,a2
   14338:	1520ff8e 	bnez	t1,14174 <main@@Base+0x11e34>
   1433c:	00000000 	nop
   14340:	00863023 	subu	a2,a0,a2
   14344:	00a73823 	subu	a3,a1,a3
   14348:	0086182b 	sltu	v1,a0,a2
   1434c:	00e31823 	subu	v1,a3,v1
   14350:	1000ff88 	b	14174 <main@@Base+0x11e34>
   14354:	00c01025 	move	v0,a2
   14358:	24020020 	li	v0,32
   1435c:	01273804 	sllv	a3,a3,t1
   14360:	00491023 	subu	v0,v0,t1
   14364:	00461806 	srlv	v1,a2,v0
   14368:	00446006 	srlv	t4,a0,v0
   1436c:	00673825 	or	a3,v1,a3
   14370:	00075c02 	srl	t3,a3,0x10
   14374:	01251804 	sllv	v1,a1,t1
   14378:	00452806 	srlv	a1,a1,v0
   1437c:	30eaffff 	andi	t2,a3,0xffff
   14380:	016001f4 	teq	t3,zero,0x7
   14384:	00ab001b 	divu	zero,a1,t3
   14388:	01836025 	or	t4,t4,v1
   1438c:	000c1c02 	srl	v1,t4,0x10
   14390:	01263004 	sllv	a2,a2,t1
   14394:	01242004 	sllv	a0,a0,t1
   14398:	00007012 	mflo	t6
   1439c:	00002810 	mfhi	a1
   143a0:	714e6802 	mul	t5,t2,t6
   143a4:	00052c00 	sll	a1,a1,0x10
   143a8:	00a31825 	or	v1,a1,v1
   143ac:	006d282b 	sltu	a1,v1,t5
   143b0:	10a00008 	beqz	a1,143d4 <main@@Base+0x12094>
   143b4:	01c07825 	move	t7,t6
   143b8:	00671821 	addu	v1,v1,a3
   143bc:	0067282b 	sltu	a1,v1,a3
   143c0:	14a00003 	bnez	a1,143d0 <main@@Base+0x12090>
   143c4:	006d282b 	sltu	a1,v1,t5
   143c8:	14a00030 	bnez	a1,1448c <main@@Base+0x1214c>
   143cc:	00000000 	nop
   143d0:	25cfffff 	addiu	t7,t6,-1
   143d4:	006d1823 	subu	v1,v1,t5
   143d8:	318cffff 	andi	t4,t4,0xffff
   143dc:	016001f4 	teq	t3,zero,0x7
   143e0:	006b001b 	divu	zero,v1,t3
   143e4:	00006812 	mflo	t5
   143e8:	00001810 	mfhi	v1
   143ec:	714d5002 	mul	t2,t2,t5
   143f0:	00031c00 	sll	v1,v1,0x10
   143f4:	006c1825 	or	v1,v1,t4
   143f8:	006a282b 	sltu	a1,v1,t2
   143fc:	10a00008 	beqz	a1,14420 <main@@Base+0x120e0>
   14400:	01a05825 	move	t3,t5
   14404:	00671821 	addu	v1,v1,a3
   14408:	0067282b 	sltu	a1,v1,a3
   1440c:	14a00003 	bnez	a1,1441c <main@@Base+0x120dc>
   14410:	006a282b 	sltu	a1,v1,t2
   14414:	14a00020 	bnez	a1,14498 <main@@Base+0x12158>
   14418:	00000000 	nop
   1441c:	25abffff 	addiu	t3,t5,-1
   14420:	000f2c00 	sll	a1,t7,0x10
   14424:	006a1823 	subu	v1,v1,t2
   14428:	00ab2825 	or	a1,a1,t3
   1442c:	00a60019 	multu	a1,a2
   14430:	00006810 	mfhi	t5
   14434:	00006012 	mflo	t4
   14438:	006d582b 	sltu	t3,v1,t5
   1443c:	01a05025 	move	t2,t5
   14440:	15600005 	bnez	t3,14458 <main@@Base+0x12118>
   14444:	01802825 	move	a1,t4
   14448:	146d0007 	bne	v1,t5,14468 <main@@Base+0x12128>
   1444c:	008c582b 	sltu	t3,a0,t4
   14450:	11600005 	beqz	t3,14468 <main@@Base+0x12128>
   14454:	00000000 	nop
   14458:	01862823 	subu	a1,t4,a2
   1445c:	01a73823 	subu	a3,t5,a3
   14460:	0185302b 	sltu	a2,t4,a1
   14464:	00e65023 	subu	t2,a3,a2
   14468:	00852823 	subu	a1,a0,a1
   1446c:	006a1823 	subu	v1,v1,t2
   14470:	0085202b 	sltu	a0,a0,a1
   14474:	00641823 	subu	v1,v1,a0
   14478:	01252806 	srlv	a1,a1,t1
   1447c:	00431004 	sllv	v0,v1,v0
   14480:	01231806 	srlv	v1,v1,t1
   14484:	1000ff3b 	b	14174 <main@@Base+0x11e34>
   14488:	00451025 	or	v0,v0,a1
   1448c:	25cffffe 	addiu	t7,t6,-2
   14490:	1000ffd0 	b	143d4 <main@@Base+0x12094>
   14494:	00671821 	addu	v1,v1,a3
   14498:	25abfffe 	addiu	t3,t5,-2
   1449c:	1000ffe0 	b	14420 <main@@Base+0x120e0>
   144a0:	00671821 	addu	v1,v1,a3
	...
   144b0:	00c04025 	move	t0,a2
   144b4:	00e04825 	move	t1,a3
   144b8:	00805025 	move	t2,a0
   144bc:	14e0007e 	bnez	a3,146b8 <main@@Base+0x12378>
   144c0:	00a01825 	move	v1,a1
   144c4:	00a6102b 	sltu	v0,a1,a2
   144c8:	10400034 	beqz	v0,1459c <main@@Base+0x1225c>
   144cc:	70c21020 	clz	v0,a2
   144d0:	10400006 	beqz	v0,144ec <main@@Base+0x121ac>
   144d4:	00022023 	negu	a0,v0
   144d8:	00451804 	sllv	v1,a1,v0
   144dc:	008a2006 	srlv	a0,t2,a0
   144e0:	00464004 	sllv	t0,a2,v0
   144e4:	004a5004 	sllv	t2,t2,v0
   144e8:	00831825 	or	v1,a0,v1
   144ec:	00082c02 	srl	a1,t0,0x10
   144f0:	3104ffff 	andi	a0,t0,0xffff
   144f4:	00a001f4 	teq	a1,zero,0x7
   144f8:	0065001b 	divu	zero,v1,a1
   144fc:	000a5c02 	srl	t3,t2,0x10
   14500:	00003812 	mflo	a3
   14504:	00001810 	mfhi	v1
   14508:	70873002 	mul	a2,a0,a3
   1450c:	00031c00 	sll	v1,v1,0x10
   14510:	006b1825 	or	v1,v1,t3
   14514:	0066582b 	sltu	t3,v1,a2
   14518:	11600008 	beqz	t3,1453c <main@@Base+0x121fc>
   1451c:	00e01025 	move	v0,a3
   14520:	00681821 	addu	v1,v1,t0
   14524:	0068582b 	sltu	t3,v1,t0
   14528:	15600003 	bnez	t3,14538 <main@@Base+0x121f8>
   1452c:	0066582b 	sltu	t3,v1,a2
   14530:	1560005e 	bnez	t3,146ac <main@@Base+0x1236c>
   14534:	00000000 	nop
   14538:	24e2ffff 	addiu	v0,a3,-1
   1453c:	00661823 	subu	v1,v1,a2
   14540:	314affff 	andi	t2,t2,0xffff
   14544:	00a001f4 	teq	a1,zero,0x7
   14548:	0065001b 	divu	zero,v1,a1
   1454c:	00002812 	mflo	a1
   14550:	00001810 	mfhi	v1
   14554:	70852002 	mul	a0,a0,a1
   14558:	00031c00 	sll	v1,v1,0x10
   1455c:	006a1825 	or	v1,v1,t2
   14560:	0064382b 	sltu	a3,v1,a0
   14564:	10e00008 	beqz	a3,14588 <main@@Base+0x12248>
   14568:	00a03025 	move	a2,a1
   1456c:	01031821 	addu	v1,t0,v1
   14570:	0068402b 	sltu	t0,v1,t0
   14574:	15000003 	bnez	t0,14584 <main@@Base+0x12244>
   14578:	0064202b 	sltu	a0,v1,a0
   1457c:	14800002 	bnez	a0,14588 <main@@Base+0x12248>
   14580:	24a6fffe 	addiu	a2,a1,-2
   14584:	24a6ffff 	addiu	a2,a1,-1
   14588:	00021400 	sll	v0,v0,0x10
   1458c:	00461025 	or	v0,v0,a2
   14590:	01201825 	move	v1,t1
   14594:	03e00008 	jr	ra
   14598:	00000000 	nop
   1459c:	14c00038 	bnez	a2,14680 <main@@Base+0x12340>
   145a0:	24030020 	li	v1,32
   145a4:	24020001 	li	v0,1
   145a8:	00c001f4 	teq	a2,zero,0x7
   145ac:	0046001b 	divu	zero,v0,a2
   145b0:	00004012 	mflo	t0
   145b4:	71021020 	clz	v0,t0
   145b8:	00484004 	sllv	t0,t0,v0
   145bc:	00621823 	subu	v1,v1,v0
   145c0:	00445004 	sllv	t2,a0,v0
   145c4:	00643006 	srlv	a2,a0,v1
   145c8:	00651806 	srlv	v1,a1,v1
   145cc:	00082402 	srl	a0,t0,0x10
   145d0:	00453804 	sllv	a3,a1,v0
   145d4:	008001f4 	teq	a0,zero,0x7
   145d8:	0064001b 	divu	zero,v1,a0
   145dc:	00c73025 	or	a2,a2,a3
   145e0:	3102ffff 	andi	v0,t0,0xffff
   145e4:	00065c02 	srl	t3,a2,0x10
   145e8:	00003812 	mflo	a3
   145ec:	00001810 	mfhi	v1
   145f0:	70472802 	mul	a1,v0,a3
   145f4:	00031c00 	sll	v1,v1,0x10
   145f8:	006b1825 	or	v1,v1,t3
   145fc:	0065582b 	sltu	t3,v1,a1
   14600:	11600008 	beqz	t3,14624 <main@@Base+0x122e4>
   14604:	00e04825 	move	t1,a3
   14608:	00681821 	addu	v1,v1,t0
   1460c:	0068582b 	sltu	t3,v1,t0
   14610:	15600003 	bnez	t3,14620 <main@@Base+0x122e0>
   14614:	0065582b 	sltu	t3,v1,a1
   14618:	1560001e 	bnez	t3,14694 <main@@Base+0x12354>
   1461c:	00000000 	nop
   14620:	24e9ffff 	addiu	t1,a3,-1
   14624:	00651823 	subu	v1,v1,a1
   14628:	30c6ffff 	andi	a2,a2,0xffff
   1462c:	008001f4 	teq	a0,zero,0x7
   14630:	0064001b 	divu	zero,v1,a0
   14634:	00002812 	mflo	a1
   14638:	00001810 	mfhi	v1
   1463c:	70451002 	mul	v0,v0,a1
   14640:	00031c00 	sll	v1,v1,0x10
   14644:	00661825 	or	v1,v1,a2
   14648:	0062302b 	sltu	a2,v1,v0
   1464c:	10c00008 	beqz	a2,14670 <main@@Base+0x12330>
   14650:	00a02025 	move	a0,a1
   14654:	00681821 	addu	v1,v1,t0
   14658:	0068302b 	sltu	a2,v1,t0
   1465c:	14c00003 	bnez	a2,1466c <main@@Base+0x1232c>
   14660:	0062302b 	sltu	a2,v1,v0
   14664:	14c0000e 	bnez	a2,146a0 <main@@Base+0x12360>
   14668:	00000000 	nop
   1466c:	24a4ffff 	addiu	a0,a1,-1
   14670:	00094c00 	sll	t1,t1,0x10
   14674:	00621823 	subu	v1,v1,v0
   14678:	1000ff9c 	b	144ec <main@@Base+0x121ac>
   1467c:	01244825 	or	t1,t1,a0
   14680:	1440ffcd 	bnez	v0,145b8 <main@@Base+0x12278>
   14684:	00000000 	nop
   14688:	00a61823 	subu	v1,a1,a2
   1468c:	1000ff97 	b	144ec <main@@Base+0x121ac>
   14690:	24090001 	li	t1,1
   14694:	24e9fffe 	addiu	t1,a3,-2
   14698:	1000ffe2 	b	14624 <main@@Base+0x122e4>
   1469c:	00681821 	addu	v1,v1,t0
   146a0:	24a4fffe 	addiu	a0,a1,-2
   146a4:	1000fff2 	b	14670 <main@@Base+0x12330>
   146a8:	00681821 	addu	v1,v1,t0
   146ac:	24e2fffe 	addiu	v0,a3,-2
   146b0:	1000ffa2 	b	1453c <main@@Base+0x121fc>
   146b4:	00681821 	addu	v1,v1,t0
   146b8:	00a7102b 	sltu	v0,a1,a3
   146bc:	14400050 	bnez	v0,14800 <main@@Base+0x124c0>
   146c0:	00004825 	move	t1,zero
   146c4:	70e84020 	clz	t0,a3
   146c8:	15000008 	bnez	t0,146ec <main@@Base+0x123ac>
   146cc:	01066004 	sllv	t4,a2,t0
   146d0:	00e5282b 	sltu	a1,a3,a1
   146d4:	14a0004c 	bnez	a1,14808 <main@@Base+0x124c8>
   146d8:	00000000 	nop
   146dc:	0086102b 	sltu	v0,a0,a2
   146e0:	38420001 	xori	v0,v0,0x1
   146e4:	1000ffaa 	b	14590 <main@@Base+0x12250>
   146e8:	00004825 	move	t1,zero
   146ec:	24020020 	li	v0,32
   146f0:	01073804 	sllv	a3,a3,t0
   146f4:	00481023 	subu	v0,v0,t0
   146f8:	00461806 	srlv	v1,a2,v0
   146fc:	00444806 	srlv	t1,a0,v0
   14700:	00673825 	or	a3,v1,a3
   14704:	00075402 	srl	t2,a3,0x10
   14708:	01051804 	sllv	v1,a1,t0
   1470c:	00452806 	srlv	a1,a1,v0
   14710:	30e6ffff 	andi	a2,a3,0xffff
   14714:	014001f4 	teq	t2,zero,0x7
   14718:	00aa001b 	divu	zero,a1,t2
   1471c:	01234825 	or	t1,t1,v1
   14720:	00006812 	mflo	t5
   14724:	00002810 	mfhi	a1
   14728:	70cd5802 	mul	t3,a2,t5
   1472c:	00051c00 	sll	v1,a1,0x10
   14730:	00092c02 	srl	a1,t1,0x10
   14734:	00651825 	or	v1,v1,a1
   14738:	006b282b 	sltu	a1,v1,t3
   1473c:	10a00008 	beqz	a1,14760 <main@@Base+0x12420>
   14740:	01a01025 	move	v0,t5
   14744:	00671821 	addu	v1,v1,a3
   14748:	0067282b 	sltu	a1,v1,a3
   1474c:	14a00003 	bnez	a1,1475c <main@@Base+0x1241c>
   14750:	006b282b 	sltu	a1,v1,t3
   14754:	14a00024 	bnez	a1,147e8 <main@@Base+0x124a8>
   14758:	00000000 	nop
   1475c:	25a2ffff 	addiu	v0,t5,-1
   14760:	006b1823 	subu	v1,v1,t3
   14764:	3129ffff 	andi	t1,t1,0xffff
   14768:	014001f4 	teq	t2,zero,0x7
   1476c:	006a001b 	divu	zero,v1,t2
   14770:	00005812 	mflo	t3
   14774:	00001810 	mfhi	v1
   14778:	70cb2802 	mul	a1,a2,t3
   1477c:	00031c00 	sll	v1,v1,0x10
   14780:	00691825 	or	v1,v1,t1
   14784:	0065302b 	sltu	a2,v1,a1
   14788:	10c00008 	beqz	a2,147ac <main@@Base+0x1246c>
   1478c:	01605025 	move	t2,t3
   14790:	00671821 	addu	v1,v1,a3
   14794:	0067302b 	sltu	a2,v1,a3
   14798:	14c00003 	bnez	a2,147a8 <main@@Base+0x12468>
   1479c:	0065302b 	sltu	a2,v1,a1
   147a0:	14c00014 	bnez	a2,147f4 <main@@Base+0x124b4>
   147a4:	00000000 	nop
   147a8:	256affff 	addiu	t2,t3,-1
   147ac:	00021400 	sll	v0,v0,0x10
   147b0:	00651823 	subu	v1,v1,a1
   147b4:	004a1025 	or	v0,v0,t2
   147b8:	004c0019 	multu	v0,t4
   147bc:	00003810 	mfhi	a3
   147c0:	0067482b 	sltu	t1,v1,a3
   147c4:	15200006 	bnez	t1,147e0 <main@@Base+0x124a0>
   147c8:	00003012 	mflo	a2
   147cc:	1467ffc5 	bne	v1,a3,146e4 <main@@Base+0x123a4>
   147d0:	01042004 	sllv	a0,a0,t0
   147d4:	0086202b 	sltu	a0,a0,a2
   147d8:	1080ff6d 	beqz	a0,14590 <main@@Base+0x12250>
   147dc:	00004825 	move	t1,zero
   147e0:	1000ffc0 	b	146e4 <main@@Base+0x123a4>
   147e4:	2442ffff 	addiu	v0,v0,-1
   147e8:	25a2fffe 	addiu	v0,t5,-2
   147ec:	1000ffdc 	b	14760 <main@@Base+0x12420>
   147f0:	00671821 	addu	v1,v1,a3
   147f4:	256afffe 	addiu	t2,t3,-2
   147f8:	1000ffec 	b	147ac <main@@Base+0x1246c>
   147fc:	00671821 	addu	v1,v1,a3
   14800:	1000ff63 	b	14590 <main@@Base+0x12250>
   14804:	00001025 	move	v0,zero
   14808:	1000ff61 	b	14590 <main@@Base+0x12250>
   1480c:	24020001 	li	v0,1
   14810:	00c04025 	move	t0,a2
   14814:	00e04825 	move	t1,a3
   14818:	00801025 	move	v0,a0
   1481c:	14e00072 	bnez	a3,149e8 <main@@Base+0x126a8>
   14820:	00a01825 	move	v1,a1
   14824:	00a6302b 	sltu	a2,a1,a2
   14828:	10c00033 	beqz	a2,148f8 <main@@Base+0x125b8>
   1482c:	00000000 	nop
   14830:	71094820 	clz	t1,t0
   14834:	11200006 	beqz	t1,14850 <main@@Base+0x12510>
   14838:	00092023 	negu	a0,t1
   1483c:	01251804 	sllv	v1,a1,t1
   14840:	00822006 	srlv	a0,v0,a0
   14844:	01284004 	sllv	t0,t0,t1
   14848:	01221004 	sllv	v0,v0,t1
   1484c:	00831825 	or	v1,a0,v1
   14850:	00082c02 	srl	a1,t0,0x10
   14854:	3107ffff 	andi	a3,t0,0xffff
   14858:	00a001f4 	teq	a1,zero,0x7
   1485c:	0065001b 	divu	zero,v1,a1
   14860:	00023402 	srl	a2,v0,0x10
   14864:	00002012 	mflo	a0
   14868:	00001810 	mfhi	v1
   1486c:	70872002 	mul	a0,a0,a3
   14870:	00031c00 	sll	v1,v1,0x10
   14874:	00661825 	or	v1,v1,a2
   14878:	0064302b 	sltu	a2,v1,a0
   1487c:	10c00007 	beqz	a2,1489c <main@@Base+0x1255c>
   14880:	01003025 	move	a2,t0
   14884:	00681821 	addu	v1,v1,t0
   14888:	0064582b 	sltu	t3,v1,a0
   1488c:	000b300a 	movz	a2,zero,t3
   14890:	0068502b 	sltu	t2,v1,t0
   14894:	00663021 	addu	a2,v1,a2
   14898:	00ca180a 	movz	v1,a2,t2
   1489c:	00641823 	subu	v1,v1,a0
   148a0:	3042ffff 	andi	v0,v0,0xffff
   148a4:	00a001f4 	teq	a1,zero,0x7
   148a8:	0065001b 	divu	zero,v1,a1
   148ac:	00002012 	mflo	a0
   148b0:	00001810 	mfhi	v1
   148b4:	70872002 	mul	a0,a0,a3
   148b8:	00031c00 	sll	v1,v1,0x10
   148bc:	00621025 	or	v0,v1,v0
   148c0:	0044182b 	sltu	v1,v0,a0
   148c4:	10600007 	beqz	v1,148e4 <main@@Base+0x125a4>
   148c8:	00000000 	nop
   148cc:	00481021 	addu	v0,v0,t0
   148d0:	0044282b 	sltu	a1,v0,a0
   148d4:	0048182b 	sltu	v1,v0,t0
   148d8:	0005400a 	movz	t0,zero,a1
   148dc:	00484021 	addu	t0,v0,t0
   148e0:	0103100a 	movz	v0,t0,v1
   148e4:	00441023 	subu	v0,v0,a0
   148e8:	00001825 	move	v1,zero
   148ec:	01221006 	srlv	v0,v0,t1
   148f0:	03e00008 	jr	ra
   148f4:	00000000 	nop
   148f8:	15000035 	bnez	t0,149d0 <main@@Base+0x12690>
   148fc:	71031820 	clz	v1,t0
   14900:	24020001 	li	v0,1
   14904:	010001f4 	teq	t0,zero,0x7
   14908:	0048001b 	divu	zero,v0,t0
   1490c:	00004012 	mflo	t0
   14910:	71094820 	clz	t1,t0
   14914:	24030020 	li	v1,32
   14918:	01284004 	sllv	t0,t0,t1
   1491c:	00691823 	subu	v1,v1,t1
   14920:	00083c02 	srl	a3,t0,0x10
   14924:	00643006 	srlv	a2,a0,v1
   14928:	00651806 	srlv	v1,a1,v1
   1492c:	01251004 	sllv	v0,a1,t1
   14930:	00e001f4 	teq	a3,zero,0x7
   14934:	0067001b 	divu	zero,v1,a3
   14938:	00c23025 	or	a2,a2,v0
   1493c:	01241004 	sllv	v0,a0,t1
   14940:	310affff 	andi	t2,t0,0xffff
   14944:	00062c02 	srl	a1,a2,0x10
   14948:	00002012 	mflo	a0
   1494c:	00001810 	mfhi	v1
   14950:	708a2002 	mul	a0,a0,t2
   14954:	00031c00 	sll	v1,v1,0x10
   14958:	00651825 	or	v1,v1,a1
   1495c:	0064282b 	sltu	a1,v1,a0
   14960:	10a00007 	beqz	a1,14980 <main@@Base+0x12640>
   14964:	01002825 	move	a1,t0
   14968:	00681821 	addu	v1,v1,t0
   1496c:	0064602b 	sltu	t4,v1,a0
   14970:	000c280a 	movz	a1,zero,t4
   14974:	0068582b 	sltu	t3,v1,t0
   14978:	00652821 	addu	a1,v1,a1
   1497c:	00ab180a 	movz	v1,a1,t3
   14980:	00641823 	subu	v1,v1,a0
   14984:	30c6ffff 	andi	a2,a2,0xffff
   14988:	00e001f4 	teq	a3,zero,0x7
   1498c:	0067001b 	divu	zero,v1,a3
   14990:	00002012 	mflo	a0
   14994:	00001810 	mfhi	v1
   14998:	708a2002 	mul	a0,a0,t2
   1499c:	00031c00 	sll	v1,v1,0x10
   149a0:	00661825 	or	v1,v1,a2
   149a4:	0064282b 	sltu	a1,v1,a0
   149a8:	10a00007 	beqz	a1,149c8 <main@@Base+0x12688>
   149ac:	01002825 	move	a1,t0
   149b0:	00681821 	addu	v1,v1,t0
   149b4:	0064382b 	sltu	a3,v1,a0
   149b8:	0007280a 	movz	a1,zero,a3
   149bc:	0068302b 	sltu	a2,v1,t0
   149c0:	00652821 	addu	a1,v1,a1
   149c4:	00a6180a 	movz	v1,a1,a2
   149c8:	1000ffa1 	b	14850 <main@@Base+0x12510>
   149cc:	00641823 	subu	v1,v1,a0
   149d0:	14600003 	bnez	v1,149e0 <main@@Base+0x126a0>
   149d4:	00000000 	nop
   149d8:	1000ff9d 	b	14850 <main@@Base+0x12510>
   149dc:	00a81823 	subu	v1,a1,t0
   149e0:	1000ffcc 	b	14914 <main@@Base+0x125d4>
   149e4:	00604825 	move	t1,v1
   149e8:	00a7402b 	sltu	t0,a1,a3
   149ec:	1500ffc0 	bnez	t0,148f0 <main@@Base+0x125b0>
   149f0:	70e94820 	clz	t1,a3
   149f4:	1520000b 	bnez	t1,14a24 <main@@Base+0x126e4>
   149f8:	00e5402b 	sltu	t0,a3,a1
   149fc:	15000003 	bnez	t0,14a0c <main@@Base+0x126cc>
   14a00:	0086402b 	sltu	t0,a0,a2
   14a04:	1500ffba 	bnez	t0,148f0 <main@@Base+0x125b0>
   14a08:	00000000 	nop
   14a0c:	00863023 	subu	a2,a0,a2
   14a10:	00a73823 	subu	a3,a1,a3
   14a14:	0086182b 	sltu	v1,a0,a2
   14a18:	00e31823 	subu	v1,a3,v1
   14a1c:	1000ffb4 	b	148f0 <main@@Base+0x125b0>
   14a20:	00c01025 	move	v0,a2
   14a24:	24080020 	li	t0,32
   14a28:	01273804 	sllv	a3,a3,t1
   14a2c:	01094023 	subu	t0,t0,t1
   14a30:	01251804 	sllv	v1,a1,t1
   14a34:	01061006 	srlv	v0,a2,t0
   14a38:	01052806 	srlv	a1,a1,t0
   14a3c:	00471025 	or	v0,v0,a3
   14a40:	00026402 	srl	t4,v0,0x10
   14a44:	304affff 	andi	t2,v0,0xffff
   14a48:	018001f4 	teq	t4,zero,0x7
   14a4c:	00ac001b 	divu	zero,a1,t4
   14a50:	01045806 	srlv	t3,a0,t0
   14a54:	01263004 	sllv	a2,a2,t1
   14a58:	01635825 	or	t3,t3,v1
   14a5c:	000b1c02 	srl	v1,t3,0x10
   14a60:	01242004 	sllv	a0,a0,t1
   14a64:	00007012 	mflo	t6
   14a68:	00002810 	mfhi	a1
   14a6c:	714e6802 	mul	t5,t2,t6
   14a70:	00052c00 	sll	a1,a1,0x10
   14a74:	00a31825 	or	v1,a1,v1
   14a78:	006d282b 	sltu	a1,v1,t5
   14a7c:	10a00008 	beqz	a1,14aa0 <main@@Base+0x12760>
   14a80:	01c03825 	move	a3,t6
   14a84:	00621821 	addu	v1,v1,v0
   14a88:	0062282b 	sltu	a1,v1,v0
   14a8c:	14a00003 	bnez	a1,14a9c <main@@Base+0x1275c>
   14a90:	006d282b 	sltu	a1,v1,t5
   14a94:	14a00030 	bnez	a1,14b58 <main@@Base+0x12818>
   14a98:	00000000 	nop
   14a9c:	25c7ffff 	addiu	a3,t6,-1
   14aa0:	006d1823 	subu	v1,v1,t5
   14aa4:	316bffff 	andi	t3,t3,0xffff
   14aa8:	018001f4 	teq	t4,zero,0x7
   14aac:	006c001b 	divu	zero,v1,t4
   14ab0:	00006812 	mflo	t5
   14ab4:	00001810 	mfhi	v1
   14ab8:	714d2802 	mul	a1,t2,t5
   14abc:	00031c00 	sll	v1,v1,0x10
   14ac0:	006b1825 	or	v1,v1,t3
   14ac4:	0065502b 	sltu	t2,v1,a1
   14ac8:	11400008 	beqz	t2,14aec <main@@Base+0x127ac>
   14acc:	01a06025 	move	t4,t5
   14ad0:	00621821 	addu	v1,v1,v0
   14ad4:	0062502b 	sltu	t2,v1,v0
   14ad8:	15400003 	bnez	t2,14ae8 <main@@Base+0x127a8>
   14adc:	0065502b 	sltu	t2,v1,a1
   14ae0:	15400020 	bnez	t2,14b64 <main@@Base+0x12824>
   14ae4:	00000000 	nop
   14ae8:	25acffff 	addiu	t4,t5,-1
   14aec:	00073c00 	sll	a3,a3,0x10
   14af0:	00651823 	subu	v1,v1,a1
   14af4:	00ec3825 	or	a3,a3,t4
   14af8:	00e60019 	multu	a3,a2
   14afc:	00005810 	mfhi	t3
   14b00:	00005012 	mflo	t2
   14b04:	006b602b 	sltu	t4,v1,t3
   14b08:	01603825 	move	a3,t3
   14b0c:	15800005 	bnez	t4,14b24 <main@@Base+0x127e4>
   14b10:	01402825 	move	a1,t2
   14b14:	146b0007 	bne	v1,t3,14b34 <main@@Base+0x127f4>
   14b18:	008a602b 	sltu	t4,a0,t2
   14b1c:	11800005 	beqz	t4,14b34 <main@@Base+0x127f4>
   14b20:	00000000 	nop
   14b24:	01462823 	subu	a1,t2,a2
   14b28:	01621023 	subu	v0,t3,v0
   14b2c:	0145502b 	sltu	t2,t2,a1
   14b30:	004a3823 	subu	a3,v0,t2
   14b34:	00852823 	subu	a1,a0,a1
   14b38:	00671823 	subu	v1,v1,a3
   14b3c:	0085202b 	sltu	a0,a0,a1
   14b40:	00641823 	subu	v1,v1,a0
   14b44:	01252806 	srlv	a1,a1,t1
   14b48:	01031004 	sllv	v0,v1,t0
   14b4c:	01231806 	srlv	v1,v1,t1
   14b50:	1000ff67 	b	148f0 <main@@Base+0x125b0>
   14b54:	00451025 	or	v0,v0,a1
   14b58:	25c7fffe 	addiu	a3,t6,-2
   14b5c:	1000ffd0 	b	14aa0 <main@@Base+0x12760>
   14b60:	00621821 	addu	v1,v1,v0
   14b64:	25acfffe 	addiu	t4,t5,-2
   14b68:	1000ffe0 	b	14aec <main@@Base+0x127ac>
   14b6c:	00621821 	addu	v1,v1,v0
   14b70:	3c1c0001 	lui	gp,0x1
   14b74:	279cc490 	addiu	gp,gp,-15216
   14b78:	0399e021 	addu	gp,gp,t9
   14b7c:	27bdffd8 	addiu	sp,sp,-40
   14b80:	afb0001c 	sw	s0,28(sp)
   14b84:	afb10020 	sw	s1,32(sp)
   14b88:	2411ffff 	li	s1,-1
   14b8c:	afbc0010 	sw	gp,16(sp)
   14b90:	afbf0024 	sw	ra,36(sp)
   14b94:	8f908028 	lw	s0,-32728(gp)
   14b98:	26108ea0 	addiu	s0,s0,-29024
   14b9c:	8e190000 	lw	t9,0(s0)
   14ba0:	17310005 	bne	t9,s1,14bb8 <main@@Base+0x12878>
   14ba4:	8fbf0024 	lw	ra,36(sp)
   14ba8:	8fb10020 	lw	s1,32(sp)
   14bac:	8fb0001c 	lw	s0,28(sp)
   14bb0:	03e00008 	jr	ra
   14bb4:	27bd0028 	addiu	sp,sp,40
   14bb8:	0320f809 	jalr	t9
   14bbc:	2610fffc 	addiu	s0,s0,-4
   14bc0:	1000fff7 	b	14ba0 <main@@Base+0x12860>
   14bc4:	8e190000 	lw	t9,0(s0)
	...

Disassembly of section .MIPS.stubs:

00014bd0 <.MIPS.stubs>:
   14bd0:	8f998010 	lw	t9,-32752(gp)
   14bd4:	03e07825 	move	t7,ra
   14bd8:	0320f809 	jalr	t9
   14bdc:	241800b5 	li	t8,181
   14be0:	8f998010 	lw	t9,-32752(gp)
   14be4:	03e07825 	move	t7,ra
   14be8:	0320f809 	jalr	t9
   14bec:	241800b3 	li	t8,179
   14bf0:	8f998010 	lw	t9,-32752(gp)
   14bf4:	03e07825 	move	t7,ra
   14bf8:	0320f809 	jalr	t9
   14bfc:	241800b2 	li	t8,178
   14c00:	8f998010 	lw	t9,-32752(gp)
   14c04:	03e07825 	move	t7,ra
   14c08:	0320f809 	jalr	t9
   14c0c:	241800b1 	li	t8,177
   14c10:	8f998010 	lw	t9,-32752(gp)
   14c14:	03e07825 	move	t7,ra
   14c18:	0320f809 	jalr	t9
   14c1c:	241800b0 	li	t8,176
   14c20:	8f998010 	lw	t9,-32752(gp)
   14c24:	03e07825 	move	t7,ra
   14c28:	0320f809 	jalr	t9
   14c2c:	241800af 	li	t8,175
   14c30:	8f998010 	lw	t9,-32752(gp)
   14c34:	03e07825 	move	t7,ra
   14c38:	0320f809 	jalr	t9
   14c3c:	241800ae 	li	t8,174
   14c40:	8f998010 	lw	t9,-32752(gp)
   14c44:	03e07825 	move	t7,ra
   14c48:	0320f809 	jalr	t9
   14c4c:	241800ad 	li	t8,173
   14c50:	8f998010 	lw	t9,-32752(gp)
   14c54:	03e07825 	move	t7,ra
   14c58:	0320f809 	jalr	t9
   14c5c:	241800ac 	li	t8,172
   14c60:	8f998010 	lw	t9,-32752(gp)
   14c64:	03e07825 	move	t7,ra
   14c68:	0320f809 	jalr	t9
   14c6c:	241800ab 	li	t8,171
   14c70:	8f998010 	lw	t9,-32752(gp)
   14c74:	03e07825 	move	t7,ra
   14c78:	0320f809 	jalr	t9
   14c7c:	241800aa 	li	t8,170
   14c80:	8f998010 	lw	t9,-32752(gp)
   14c84:	03e07825 	move	t7,ra
   14c88:	0320f809 	jalr	t9
   14c8c:	241800a9 	li	t8,169
   14c90:	8f998010 	lw	t9,-32752(gp)
   14c94:	03e07825 	move	t7,ra
   14c98:	0320f809 	jalr	t9
   14c9c:	241800a8 	li	t8,168
   14ca0:	8f998010 	lw	t9,-32752(gp)
   14ca4:	03e07825 	move	t7,ra
   14ca8:	0320f809 	jalr	t9
   14cac:	241800a7 	li	t8,167
   14cb0:	8f998010 	lw	t9,-32752(gp)
   14cb4:	03e07825 	move	t7,ra
   14cb8:	0320f809 	jalr	t9
   14cbc:	241800a6 	li	t8,166
   14cc0:	8f998010 	lw	t9,-32752(gp)
   14cc4:	03e07825 	move	t7,ra
   14cc8:	0320f809 	jalr	t9
   14ccc:	241800a5 	li	t8,165
   14cd0:	8f998010 	lw	t9,-32752(gp)
   14cd4:	03e07825 	move	t7,ra
   14cd8:	0320f809 	jalr	t9
   14cdc:	241800a4 	li	t8,164
   14ce0:	8f998010 	lw	t9,-32752(gp)
   14ce4:	03e07825 	move	t7,ra
   14ce8:	0320f809 	jalr	t9
   14cec:	241800a3 	li	t8,163
   14cf0:	8f998010 	lw	t9,-32752(gp)
   14cf4:	03e07825 	move	t7,ra
   14cf8:	0320f809 	jalr	t9
   14cfc:	241800a2 	li	t8,162
   14d00:	8f998010 	lw	t9,-32752(gp)
   14d04:	03e07825 	move	t7,ra
   14d08:	0320f809 	jalr	t9
   14d0c:	241800a1 	li	t8,161
   14d10:	8f998010 	lw	t9,-32752(gp)
   14d14:	03e07825 	move	t7,ra
   14d18:	0320f809 	jalr	t9
   14d1c:	241800a0 	li	t8,160
   14d20:	8f998010 	lw	t9,-32752(gp)
   14d24:	03e07825 	move	t7,ra
   14d28:	0320f809 	jalr	t9
   14d2c:	2418009f 	li	t8,159
   14d30:	8f998010 	lw	t9,-32752(gp)
   14d34:	03e07825 	move	t7,ra
   14d38:	0320f809 	jalr	t9
   14d3c:	2418009e 	li	t8,158
   14d40:	8f998010 	lw	t9,-32752(gp)
   14d44:	03e07825 	move	t7,ra
   14d48:	0320f809 	jalr	t9
   14d4c:	2418009c 	li	t8,156
   14d50:	8f998010 	lw	t9,-32752(gp)
   14d54:	03e07825 	move	t7,ra
   14d58:	0320f809 	jalr	t9
   14d5c:	2418009b 	li	t8,155
   14d60:	8f998010 	lw	t9,-32752(gp)
   14d64:	03e07825 	move	t7,ra
   14d68:	0320f809 	jalr	t9
   14d6c:	2418009a 	li	t8,154
   14d70:	8f998010 	lw	t9,-32752(gp)
   14d74:	03e07825 	move	t7,ra
   14d78:	0320f809 	jalr	t9
   14d7c:	24180099 	li	t8,153
   14d80:	8f998010 	lw	t9,-32752(gp)
   14d84:	03e07825 	move	t7,ra
   14d88:	0320f809 	jalr	t9
   14d8c:	24180098 	li	t8,152
   14d90:	8f998010 	lw	t9,-32752(gp)
   14d94:	03e07825 	move	t7,ra
   14d98:	0320f809 	jalr	t9
   14d9c:	24180097 	li	t8,151
   14da0:	8f998010 	lw	t9,-32752(gp)
   14da4:	03e07825 	move	t7,ra
   14da8:	0320f809 	jalr	t9
   14dac:	24180096 	li	t8,150
   14db0:	8f998010 	lw	t9,-32752(gp)
   14db4:	03e07825 	move	t7,ra
   14db8:	0320f809 	jalr	t9
   14dbc:	24180095 	li	t8,149
   14dc0:	8f998010 	lw	t9,-32752(gp)
   14dc4:	03e07825 	move	t7,ra
   14dc8:	0320f809 	jalr	t9
   14dcc:	24180094 	li	t8,148
   14dd0:	8f998010 	lw	t9,-32752(gp)
   14dd4:	03e07825 	move	t7,ra
   14dd8:	0320f809 	jalr	t9
   14ddc:	24180093 	li	t8,147
   14de0:	8f998010 	lw	t9,-32752(gp)
   14de4:	03e07825 	move	t7,ra
   14de8:	0320f809 	jalr	t9
   14dec:	24180092 	li	t8,146
   14df0:	8f998010 	lw	t9,-32752(gp)
   14df4:	03e07825 	move	t7,ra
   14df8:	0320f809 	jalr	t9
   14dfc:	24180091 	li	t8,145
   14e00:	8f998010 	lw	t9,-32752(gp)
   14e04:	03e07825 	move	t7,ra
   14e08:	0320f809 	jalr	t9
   14e0c:	24180090 	li	t8,144
   14e10:	8f998010 	lw	t9,-32752(gp)
   14e14:	03e07825 	move	t7,ra
   14e18:	0320f809 	jalr	t9
   14e1c:	2418008f 	li	t8,143
   14e20:	8f998010 	lw	t9,-32752(gp)
   14e24:	03e07825 	move	t7,ra
   14e28:	0320f809 	jalr	t9
   14e2c:	2418008e 	li	t8,142
   14e30:	8f998010 	lw	t9,-32752(gp)
   14e34:	03e07825 	move	t7,ra
   14e38:	0320f809 	jalr	t9
   14e3c:	2418008d 	li	t8,141
   14e40:	8f998010 	lw	t9,-32752(gp)
   14e44:	03e07825 	move	t7,ra
   14e48:	0320f809 	jalr	t9
   14e4c:	2418008c 	li	t8,140
   14e50:	8f998010 	lw	t9,-32752(gp)
   14e54:	03e07825 	move	t7,ra
   14e58:	0320f809 	jalr	t9
   14e5c:	2418008b 	li	t8,139
   14e60:	8f998010 	lw	t9,-32752(gp)
   14e64:	03e07825 	move	t7,ra
   14e68:	0320f809 	jalr	t9
   14e6c:	2418008a 	li	t8,138
   14e70:	8f998010 	lw	t9,-32752(gp)
   14e74:	03e07825 	move	t7,ra
   14e78:	0320f809 	jalr	t9
   14e7c:	24180089 	li	t8,137
   14e80:	8f998010 	lw	t9,-32752(gp)
   14e84:	03e07825 	move	t7,ra
   14e88:	0320f809 	jalr	t9
   14e8c:	24180088 	li	t8,136
   14e90:	8f998010 	lw	t9,-32752(gp)
   14e94:	03e07825 	move	t7,ra
   14e98:	0320f809 	jalr	t9
   14e9c:	24180087 	li	t8,135
   14ea0:	8f998010 	lw	t9,-32752(gp)
   14ea4:	03e07825 	move	t7,ra
   14ea8:	0320f809 	jalr	t9
   14eac:	24180086 	li	t8,134
   14eb0:	8f998010 	lw	t9,-32752(gp)
   14eb4:	03e07825 	move	t7,ra
   14eb8:	0320f809 	jalr	t9
   14ebc:	24180085 	li	t8,133
   14ec0:	8f998010 	lw	t9,-32752(gp)
   14ec4:	03e07825 	move	t7,ra
   14ec8:	0320f809 	jalr	t9
   14ecc:	24180083 	li	t8,131
   14ed0:	8f998010 	lw	t9,-32752(gp)
   14ed4:	03e07825 	move	t7,ra
   14ed8:	0320f809 	jalr	t9
   14edc:	24180082 	li	t8,130
   14ee0:	8f998010 	lw	t9,-32752(gp)
   14ee4:	03e07825 	move	t7,ra
   14ee8:	0320f809 	jalr	t9
   14eec:	24180081 	li	t8,129
   14ef0:	8f998010 	lw	t9,-32752(gp)
   14ef4:	03e07825 	move	t7,ra
   14ef8:	0320f809 	jalr	t9
   14efc:	24180080 	li	t8,128
   14f00:	8f998010 	lw	t9,-32752(gp)
   14f04:	03e07825 	move	t7,ra
   14f08:	0320f809 	jalr	t9
   14f0c:	2418007f 	li	t8,127
   14f10:	8f998010 	lw	t9,-32752(gp)
   14f14:	03e07825 	move	t7,ra
   14f18:	0320f809 	jalr	t9
   14f1c:	2418007e 	li	t8,126
   14f20:	8f998010 	lw	t9,-32752(gp)
   14f24:	03e07825 	move	t7,ra
   14f28:	0320f809 	jalr	t9
   14f2c:	2418007d 	li	t8,125
   14f30:	8f998010 	lw	t9,-32752(gp)
   14f34:	03e07825 	move	t7,ra
   14f38:	0320f809 	jalr	t9
   14f3c:	2418007c 	li	t8,124
   14f40:	8f998010 	lw	t9,-32752(gp)
   14f44:	03e07825 	move	t7,ra
   14f48:	0320f809 	jalr	t9
   14f4c:	2418007b 	li	t8,123
   14f50:	8f998010 	lw	t9,-32752(gp)
   14f54:	03e07825 	move	t7,ra
   14f58:	0320f809 	jalr	t9
   14f5c:	24180079 	li	t8,121
   14f60:	8f998010 	lw	t9,-32752(gp)
   14f64:	03e07825 	move	t7,ra
   14f68:	0320f809 	jalr	t9
   14f6c:	24180078 	li	t8,120
   14f70:	8f998010 	lw	t9,-32752(gp)
   14f74:	03e07825 	move	t7,ra
   14f78:	0320f809 	jalr	t9
   14f7c:	24180077 	li	t8,119
   14f80:	8f998010 	lw	t9,-32752(gp)
   14f84:	03e07825 	move	t7,ra
   14f88:	0320f809 	jalr	t9
   14f8c:	24180076 	li	t8,118
   14f90:	8f998010 	lw	t9,-32752(gp)
   14f94:	03e07825 	move	t7,ra
   14f98:	0320f809 	jalr	t9
   14f9c:	24180075 	li	t8,117
   14fa0:	8f998010 	lw	t9,-32752(gp)
   14fa4:	03e07825 	move	t7,ra
   14fa8:	0320f809 	jalr	t9
   14fac:	24180074 	li	t8,116
   14fb0:	8f998010 	lw	t9,-32752(gp)
   14fb4:	03e07825 	move	t7,ra
   14fb8:	0320f809 	jalr	t9
   14fbc:	24180073 	li	t8,115
   14fc0:	8f998010 	lw	t9,-32752(gp)
   14fc4:	03e07825 	move	t7,ra
   14fc8:	0320f809 	jalr	t9
   14fcc:	24180072 	li	t8,114
   14fd0:	8f998010 	lw	t9,-32752(gp)
   14fd4:	03e07825 	move	t7,ra
   14fd8:	0320f809 	jalr	t9
   14fdc:	24180071 	li	t8,113
   14fe0:	8f998010 	lw	t9,-32752(gp)
   14fe4:	03e07825 	move	t7,ra
   14fe8:	0320f809 	jalr	t9
   14fec:	24180070 	li	t8,112
   14ff0:	8f998010 	lw	t9,-32752(gp)
   14ff4:	03e07825 	move	t7,ra
   14ff8:	0320f809 	jalr	t9
   14ffc:	2418006f 	li	t8,111
   15000:	8f998010 	lw	t9,-32752(gp)
   15004:	03e07825 	move	t7,ra
   15008:	0320f809 	jalr	t9
   1500c:	2418006e 	li	t8,110
   15010:	8f998010 	lw	t9,-32752(gp)
   15014:	03e07825 	move	t7,ra
   15018:	0320f809 	jalr	t9
   1501c:	2418006d 	li	t8,109
   15020:	8f998010 	lw	t9,-32752(gp)
   15024:	03e07825 	move	t7,ra
   15028:	0320f809 	jalr	t9
   1502c:	2418006c 	li	t8,108
   15030:	8f998010 	lw	t9,-32752(gp)
   15034:	03e07825 	move	t7,ra
   15038:	0320f809 	jalr	t9
   1503c:	2418006b 	li	t8,107
   15040:	8f998010 	lw	t9,-32752(gp)
   15044:	03e07825 	move	t7,ra
   15048:	0320f809 	jalr	t9
   1504c:	2418006a 	li	t8,106
   15050:	8f998010 	lw	t9,-32752(gp)
   15054:	03e07825 	move	t7,ra
   15058:	0320f809 	jalr	t9
   1505c:	24180069 	li	t8,105
   15060:	8f998010 	lw	t9,-32752(gp)
   15064:	03e07825 	move	t7,ra
   15068:	0320f809 	jalr	t9
   1506c:	24180068 	li	t8,104
   15070:	8f998010 	lw	t9,-32752(gp)
   15074:	03e07825 	move	t7,ra
   15078:	0320f809 	jalr	t9
   1507c:	24180067 	li	t8,103
   15080:	8f998010 	lw	t9,-32752(gp)
   15084:	03e07825 	move	t7,ra
   15088:	0320f809 	jalr	t9
   1508c:	24180066 	li	t8,102
   15090:	8f998010 	lw	t9,-32752(gp)
   15094:	03e07825 	move	t7,ra
   15098:	0320f809 	jalr	t9
   1509c:	24180065 	li	t8,101
   150a0:	8f998010 	lw	t9,-32752(gp)
   150a4:	03e07825 	move	t7,ra
   150a8:	0320f809 	jalr	t9
   150ac:	24180064 	li	t8,100
   150b0:	8f998010 	lw	t9,-32752(gp)
   150b4:	03e07825 	move	t7,ra
   150b8:	0320f809 	jalr	t9
   150bc:	24180063 	li	t8,99
   150c0:	8f998010 	lw	t9,-32752(gp)
   150c4:	03e07825 	move	t7,ra
   150c8:	0320f809 	jalr	t9
   150cc:	24180062 	li	t8,98
   150d0:	8f998010 	lw	t9,-32752(gp)
   150d4:	03e07825 	move	t7,ra
   150d8:	0320f809 	jalr	t9
   150dc:	24180061 	li	t8,97
   150e0:	8f998010 	lw	t9,-32752(gp)
   150e4:	03e07825 	move	t7,ra
   150e8:	0320f809 	jalr	t9
   150ec:	24180060 	li	t8,96
   150f0:	8f998010 	lw	t9,-32752(gp)
   150f4:	03e07825 	move	t7,ra
   150f8:	0320f809 	jalr	t9
   150fc:	2418005f 	li	t8,95
   15100:	8f998010 	lw	t9,-32752(gp)
   15104:	03e07825 	move	t7,ra
   15108:	0320f809 	jalr	t9
   1510c:	2418005e 	li	t8,94
   15110:	8f998010 	lw	t9,-32752(gp)
   15114:	03e07825 	move	t7,ra
   15118:	0320f809 	jalr	t9
   1511c:	2418005d 	li	t8,93
   15120:	8f998010 	lw	t9,-32752(gp)
   15124:	03e07825 	move	t7,ra
   15128:	0320f809 	jalr	t9
   1512c:	2418005c 	li	t8,92
   15130:	8f998010 	lw	t9,-32752(gp)
   15134:	03e07825 	move	t7,ra
   15138:	0320f809 	jalr	t9
   1513c:	2418005b 	li	t8,91
   15140:	8f998010 	lw	t9,-32752(gp)
   15144:	03e07825 	move	t7,ra
   15148:	0320f809 	jalr	t9
   1514c:	2418005a 	li	t8,90
   15150:	8f998010 	lw	t9,-32752(gp)
   15154:	03e07825 	move	t7,ra
   15158:	0320f809 	jalr	t9
   1515c:	24180059 	li	t8,89
   15160:	8f998010 	lw	t9,-32752(gp)
   15164:	03e07825 	move	t7,ra
   15168:	0320f809 	jalr	t9
   1516c:	24180058 	li	t8,88
   15170:	8f998010 	lw	t9,-32752(gp)
   15174:	03e07825 	move	t7,ra
   15178:	0320f809 	jalr	t9
   1517c:	24180057 	li	t8,87
   15180:	8f998010 	lw	t9,-32752(gp)
   15184:	03e07825 	move	t7,ra
   15188:	0320f809 	jalr	t9
   1518c:	24180056 	li	t8,86
   15190:	8f998010 	lw	t9,-32752(gp)
   15194:	03e07825 	move	t7,ra
   15198:	0320f809 	jalr	t9
   1519c:	24180055 	li	t8,85
   151a0:	8f998010 	lw	t9,-32752(gp)
   151a4:	03e07825 	move	t7,ra
   151a8:	0320f809 	jalr	t9
   151ac:	24180054 	li	t8,84
   151b0:	8f998010 	lw	t9,-32752(gp)
   151b4:	03e07825 	move	t7,ra
   151b8:	0320f809 	jalr	t9
   151bc:	24180053 	li	t8,83
   151c0:	8f998010 	lw	t9,-32752(gp)
   151c4:	03e07825 	move	t7,ra
   151c8:	0320f809 	jalr	t9
   151cc:	24180052 	li	t8,82
   151d0:	8f998010 	lw	t9,-32752(gp)
   151d4:	03e07825 	move	t7,ra
   151d8:	0320f809 	jalr	t9
   151dc:	24180051 	li	t8,81
   151e0:	8f998010 	lw	t9,-32752(gp)
   151e4:	03e07825 	move	t7,ra
   151e8:	0320f809 	jalr	t9
   151ec:	2418004e 	li	t8,78
   151f0:	8f998010 	lw	t9,-32752(gp)
   151f4:	03e07825 	move	t7,ra
   151f8:	0320f809 	jalr	t9
   151fc:	2418004d 	li	t8,77
   15200:	8f998010 	lw	t9,-32752(gp)
   15204:	03e07825 	move	t7,ra
   15208:	0320f809 	jalr	t9
   1520c:	2418004b 	li	t8,75
   15210:	8f998010 	lw	t9,-32752(gp)
   15214:	03e07825 	move	t7,ra
   15218:	0320f809 	jalr	t9
   1521c:	2418004a 	li	t8,74
   15220:	8f998010 	lw	t9,-32752(gp)
   15224:	03e07825 	move	t7,ra
   15228:	0320f809 	jalr	t9
   1522c:	24180049 	li	t8,73
   15230:	8f998010 	lw	t9,-32752(gp)
   15234:	03e07825 	move	t7,ra
   15238:	0320f809 	jalr	t9
   1523c:	24180048 	li	t8,72
   15240:	8f998010 	lw	t9,-32752(gp)
   15244:	03e07825 	move	t7,ra
   15248:	0320f809 	jalr	t9
   1524c:	24180047 	li	t8,71
   15250:	8f998010 	lw	t9,-32752(gp)
   15254:	03e07825 	move	t7,ra
   15258:	0320f809 	jalr	t9
   1525c:	24180046 	li	t8,70
   15260:	8f998010 	lw	t9,-32752(gp)
   15264:	03e07825 	move	t7,ra
   15268:	0320f809 	jalr	t9
   1526c:	24180045 	li	t8,69
   15270:	8f998010 	lw	t9,-32752(gp)
   15274:	03e07825 	move	t7,ra
   15278:	0320f809 	jalr	t9
   1527c:	24180044 	li	t8,68
   15280:	8f998010 	lw	t9,-32752(gp)
   15284:	03e07825 	move	t7,ra
   15288:	0320f809 	jalr	t9
   1528c:	24180043 	li	t8,67
   15290:	8f998010 	lw	t9,-32752(gp)
   15294:	03e07825 	move	t7,ra
   15298:	0320f809 	jalr	t9
   1529c:	24180042 	li	t8,66
   152a0:	8f998010 	lw	t9,-32752(gp)
   152a4:	03e07825 	move	t7,ra
   152a8:	0320f809 	jalr	t9
   152ac:	24180041 	li	t8,65
   152b0:	8f998010 	lw	t9,-32752(gp)
   152b4:	03e07825 	move	t7,ra
   152b8:	0320f809 	jalr	t9
   152bc:	24180040 	li	t8,64
   152c0:	8f998010 	lw	t9,-32752(gp)
   152c4:	03e07825 	move	t7,ra
   152c8:	0320f809 	jalr	t9
   152cc:	2418003e 	li	t8,62
   152d0:	8f998010 	lw	t9,-32752(gp)
   152d4:	03e07825 	move	t7,ra
   152d8:	0320f809 	jalr	t9
   152dc:	2418003d 	li	t8,61
   152e0:	8f998010 	lw	t9,-32752(gp)
   152e4:	03e07825 	move	t7,ra
   152e8:	0320f809 	jalr	t9
   152ec:	2418003c 	li	t8,60
   152f0:	8f998010 	lw	t9,-32752(gp)
   152f4:	03e07825 	move	t7,ra
   152f8:	0320f809 	jalr	t9
   152fc:	2418003b 	li	t8,59
   15300:	8f998010 	lw	t9,-32752(gp)
   15304:	03e07825 	move	t7,ra
   15308:	0320f809 	jalr	t9
   1530c:	2418003a 	li	t8,58
   15310:	8f998010 	lw	t9,-32752(gp)
   15314:	03e07825 	move	t7,ra
   15318:	0320f809 	jalr	t9
   1531c:	24180039 	li	t8,57
   15320:	8f998010 	lw	t9,-32752(gp)
   15324:	03e07825 	move	t7,ra
   15328:	0320f809 	jalr	t9
   1532c:	24180038 	li	t8,56
   15330:	8f998010 	lw	t9,-32752(gp)
   15334:	03e07825 	move	t7,ra
   15338:	0320f809 	jalr	t9
   1533c:	24180037 	li	t8,55
   15340:	8f998010 	lw	t9,-32752(gp)
   15344:	03e07825 	move	t7,ra
   15348:	0320f809 	jalr	t9
   1534c:	24180036 	li	t8,54
   15350:	8f998010 	lw	t9,-32752(gp)
   15354:	03e07825 	move	t7,ra
   15358:	0320f809 	jalr	t9
   1535c:	24180035 	li	t8,53
   15360:	8f998010 	lw	t9,-32752(gp)
   15364:	03e07825 	move	t7,ra
   15368:	0320f809 	jalr	t9
   1536c:	24180034 	li	t8,52
   15370:	8f998010 	lw	t9,-32752(gp)
   15374:	03e07825 	move	t7,ra
   15378:	0320f809 	jalr	t9
   1537c:	24180033 	li	t8,51
   15380:	8f998010 	lw	t9,-32752(gp)
   15384:	03e07825 	move	t7,ra
   15388:	0320f809 	jalr	t9
   1538c:	24180032 	li	t8,50
   15390:	8f998010 	lw	t9,-32752(gp)
   15394:	03e07825 	move	t7,ra
   15398:	0320f809 	jalr	t9
   1539c:	24180031 	li	t8,49
   153a0:	8f998010 	lw	t9,-32752(gp)
   153a4:	03e07825 	move	t7,ra
   153a8:	0320f809 	jalr	t9
   153ac:	24180030 	li	t8,48
   153b0:	8f998010 	lw	t9,-32752(gp)
   153b4:	03e07825 	move	t7,ra
   153b8:	0320f809 	jalr	t9
   153bc:	2418002f 	li	t8,47
   153c0:	8f998010 	lw	t9,-32752(gp)
   153c4:	03e07825 	move	t7,ra
   153c8:	0320f809 	jalr	t9
   153cc:	2418002e 	li	t8,46
   153d0:	8f998010 	lw	t9,-32752(gp)
   153d4:	03e07825 	move	t7,ra
   153d8:	0320f809 	jalr	t9
   153dc:	2418002d 	li	t8,45
   153e0:	8f998010 	lw	t9,-32752(gp)
   153e4:	03e07825 	move	t7,ra
   153e8:	0320f809 	jalr	t9
   153ec:	2418002c 	li	t8,44
   153f0:	8f998010 	lw	t9,-32752(gp)
   153f4:	03e07825 	move	t7,ra
   153f8:	0320f809 	jalr	t9
   153fc:	2418002b 	li	t8,43
   15400:	8f998010 	lw	t9,-32752(gp)
   15404:	03e07825 	move	t7,ra
   15408:	0320f809 	jalr	t9
   1540c:	2418002a 	li	t8,42
   15410:	8f998010 	lw	t9,-32752(gp)
   15414:	03e07825 	move	t7,ra
   15418:	0320f809 	jalr	t9
   1541c:	24180029 	li	t8,41
   15420:	8f998010 	lw	t9,-32752(gp)
   15424:	03e07825 	move	t7,ra
   15428:	0320f809 	jalr	t9
   1542c:	24180028 	li	t8,40
   15430:	8f998010 	lw	t9,-32752(gp)
   15434:	03e07825 	move	t7,ra
   15438:	0320f809 	jalr	t9
   1543c:	24180027 	li	t8,39
   15440:	8f998010 	lw	t9,-32752(gp)
   15444:	03e07825 	move	t7,ra
   15448:	0320f809 	jalr	t9
   1544c:	24180026 	li	t8,38
   15450:	8f998010 	lw	t9,-32752(gp)
   15454:	03e07825 	move	t7,ra
   15458:	0320f809 	jalr	t9
   1545c:	24180025 	li	t8,37
   15460:	8f998010 	lw	t9,-32752(gp)
   15464:	03e07825 	move	t7,ra
   15468:	0320f809 	jalr	t9
   1546c:	24180024 	li	t8,36
   15470:	8f998010 	lw	t9,-32752(gp)
   15474:	03e07825 	move	t7,ra
   15478:	0320f809 	jalr	t9
   1547c:	24180023 	li	t8,35
   15480:	8f998010 	lw	t9,-32752(gp)
   15484:	03e07825 	move	t7,ra
   15488:	0320f809 	jalr	t9
   1548c:	24180022 	li	t8,34
   15490:	8f998010 	lw	t9,-32752(gp)
   15494:	03e07825 	move	t7,ra
   15498:	0320f809 	jalr	t9
   1549c:	24180021 	li	t8,33
   154a0:	8f998010 	lw	t9,-32752(gp)
   154a4:	03e07825 	move	t7,ra
   154a8:	0320f809 	jalr	t9
   154ac:	24180020 	li	t8,32
   154b0:	8f998010 	lw	t9,-32752(gp)
   154b4:	03e07825 	move	t7,ra
   154b8:	0320f809 	jalr	t9
   154bc:	2418001f 	li	t8,31
   154c0:	8f998010 	lw	t9,-32752(gp)
   154c4:	03e07825 	move	t7,ra
   154c8:	0320f809 	jalr	t9
   154cc:	2418001e 	li	t8,30
   154d0:	8f998010 	lw	t9,-32752(gp)
   154d4:	03e07825 	move	t7,ra
   154d8:	0320f809 	jalr	t9
   154dc:	2418001d 	li	t8,29
   154e0:	8f998010 	lw	t9,-32752(gp)
   154e4:	03e07825 	move	t7,ra
   154e8:	0320f809 	jalr	t9
   154ec:	2418001c 	li	t8,28
   154f0:	8f998010 	lw	t9,-32752(gp)
   154f4:	03e07825 	move	t7,ra
   154f8:	0320f809 	jalr	t9
   154fc:	2418001b 	li	t8,27
   15500:	8f998010 	lw	t9,-32752(gp)
   15504:	03e07825 	move	t7,ra
   15508:	0320f809 	jalr	t9
   1550c:	2418001a 	li	t8,26
   15510:	8f998010 	lw	t9,-32752(gp)
   15514:	03e07825 	move	t7,ra
   15518:	0320f809 	jalr	t9
   1551c:	24180019 	li	t8,25
   15520:	8f998010 	lw	t9,-32752(gp)
   15524:	03e07825 	move	t7,ra
   15528:	0320f809 	jalr	t9
   1552c:	24180018 	li	t8,24
   15530:	8f998010 	lw	t9,-32752(gp)
   15534:	03e07825 	move	t7,ra
   15538:	0320f809 	jalr	t9
   1553c:	24180017 	li	t8,23
   15540:	8f998010 	lw	t9,-32752(gp)
   15544:	03e07825 	move	t7,ra
   15548:	0320f809 	jalr	t9
   1554c:	24180016 	li	t8,22
   15550:	8f998010 	lw	t9,-32752(gp)
   15554:	03e07825 	move	t7,ra
   15558:	0320f809 	jalr	t9
   1555c:	24180015 	li	t8,21
   15560:	8f998010 	lw	t9,-32752(gp)
   15564:	03e07825 	move	t7,ra
   15568:	0320f809 	jalr	t9
   1556c:	24180014 	li	t8,20
   15570:	8f998010 	lw	t9,-32752(gp)
   15574:	03e07825 	move	t7,ra
   15578:	0320f809 	jalr	t9
   1557c:	24180013 	li	t8,19
   15580:	8f998010 	lw	t9,-32752(gp)
   15584:	03e07825 	move	t7,ra
   15588:	0320f809 	jalr	t9
   1558c:	24180012 	li	t8,18
   15590:	8f998010 	lw	t9,-32752(gp)
   15594:	03e07825 	move	t7,ra
   15598:	0320f809 	jalr	t9
   1559c:	24180010 	li	t8,16
   155a0:	8f998010 	lw	t9,-32752(gp)
   155a4:	03e07825 	move	t7,ra
   155a8:	0320f809 	jalr	t9
   155ac:	2418000f 	li	t8,15
   155b0:	8f998010 	lw	t9,-32752(gp)
   155b4:	03e07825 	move	t7,ra
   155b8:	0320f809 	jalr	t9
   155bc:	2418000e 	li	t8,14
   155c0:	8f998010 	lw	t9,-32752(gp)
   155c4:	03e07825 	move	t7,ra
   155c8:	0320f809 	jalr	t9
   155cc:	2418000d 	li	t8,13
   155d0:	8f998010 	lw	t9,-32752(gp)
   155d4:	03e07825 	move	t7,ra
   155d8:	0320f809 	jalr	t9
   155dc:	2418000c 	li	t8,12
   155e0:	8f998010 	lw	t9,-32752(gp)
   155e4:	03e07825 	move	t7,ra
   155e8:	0320f809 	jalr	t9
   155ec:	2418000a 	li	t8,10
	...

Disassembly of section .fini:

00015600 <_fini@@Base>:
   15600:	3c1c0001 	lui	gp,0x1
   15604:	279cba00 	addiu	gp,gp,-17920
   15608:	0399e021 	addu	gp,gp,t9
   1560c:	27bdffe0 	addiu	sp,sp,-32
   15610:	afbc0010 	sw	gp,16(sp)
   15614:	afbf001c 	sw	ra,28(sp)
   15618:	afbc0018 	sw	gp,24(sp)
   1561c:	04110001 	bal	15624 <_fini@@Base+0x24>
   15620:	00000000 	nop
   15624:	3c1c0001 	lui	gp,0x1
   15628:	279cb9dc 	addiu	gp,gp,-17956
   1562c:	039fe021 	addu	gp,gp,ra
   15630:	8f998034 	lw	t9,-32716(gp)
   15634:	273951a4 	addiu	t9,t9,20900
   15638:	0320f809 	jalr	t9
   1563c:	00000000 	nop
   15640:	8fbf001c 	lw	ra,28(sp)
   15644:	03e00008 	jr	ra
   15648:	27bd0020 	addiu	sp,sp,32
